=== Job configuration ===
JOB_NAME               = pca5_default
JOB_ID                 = 32140726
ACCOUNT                = indikar1
PARTITION              = gpu
NODES                  = 1
NTASKS                 = 1
CPUS_PER_TASK          = 16
MEM                    = 150G
GPUS                   = 1
TIME                   = 36:00:00

=== Paths & parameters ===
WORK_DIR               = /home/cstansbu/git_repositories/cell_cycle/pipelines/TrajectoryNet
INPUT_ADATA            = /nfs/turbo/umms-indikar/shared/projects/HSC/pipeline_outputs/integrated_anndata/cell_cycle/TrajNet_input.h5ad
OUTPUT_DIR             = /nfs/turbo/umms-indikar/shared/projects/HSC/pipeline_outputs/integrated_anndata/cell_cycle/pca5_default
RUN_ID                 = 20250908_102001_32140726
EMBEDDING_NAME         = pca
MAX_DIM                = 5
NITER                  = 10000
PYTHON_BIN             = python

Resetting output directory...
OUTPUT_DIR (fresh)     = /nfs/turbo/umms-indikar/shared/projects/HSC/pipeline_outputs/integrated_anndata/cell_cycle/pca5_default

=== Training (TrajectoryNet.main) ===
True
Warning: Clipping dimensionality from 50 to 5
Density Loss 371.505859375
Density Loss 367.33465576171875
Density Loss 370.0951232910156
Density Loss 364.61773681640625
Density Loss 368.7857360839844
Density Loss 372.7447814941406
Density Loss 364.8251953125
Density Loss 371.5585632324219
Density Loss 366.8769836425781
Density Loss 368.68157958984375
Density Loss 371.47784423828125
Density Loss 370.2833557128906
Density Loss 372.23089599609375
Density Loss 369.3451843261719
Density Loss 371.6930236816406
Density Loss 365.7767028808594
Density Loss 374.9164733886719
Density Loss 374.2543640136719
Density Loss 373.340576171875
Density Loss 371.46282958984375
Density Loss 370.25799560546875
Density Loss 369.41998291015625
Density Loss 371.0876770019531
Density Loss 372.96112060546875
Density Loss 366.4122314453125
Density Loss 368.2683410644531
Density Loss 369.7491760253906
Density Loss 370.4298400878906
Density Loss 367.9739074707031
Density Loss 368.5771179199219
Density Loss 374.4109191894531
Density Loss 374.98846435546875
Density Loss 372.1990966796875
Density Loss 370.25439453125
Density Loss 369.29376220703125
Density Loss 369.4478759765625
Density Loss 365.8265380859375
Density Loss 374.67034912109375
Density Loss 377.7330322265625
Density Loss 370.230224609375
Density Loss 374.4814453125
Density Loss 373.8907470703125
Density Loss 372.1257629394531
Density Loss 373.8219909667969
Density Loss 373.5738220214844
Density Loss 366.19549560546875
Density Loss 366.3419189453125
Density Loss 371.94342041015625
Density Loss 368.182861328125
Density Loss 369.2650451660156
Density Loss 370.9308776855469
Density Loss 371.8433532714844
Density Loss 370.67742919921875
Density Loss 377.8607177734375
Density Loss 371.6195068359375
Density Loss 367.9691162109375
Density Loss 370.69573974609375
Density Loss 370.0783386230469
Density Loss 370.8513488769531
Density Loss 372.193603515625
Density Loss 374.421875
Density Loss 368.59222412109375
Density Loss 374.3460998535156
Density Loss 373.31463623046875
Density Loss 372.73333740234375
Density Loss 372.8633117675781
Density Loss 364.72955322265625
Density Loss 370.8624572753906
Density Loss 367.6282043457031
Density Loss 371.26751708984375
Density Loss 371.33013916015625
Density Loss 369.9201965332031
Density Loss 373.0264587402344
Density Loss 375.7779235839844
Density Loss 371.1664733886719
Density Loss 368.0735168457031
Density Loss 370.7277526855469
Density Loss 368.12005615234375
Density Loss 369.3764343261719
Density Loss 372.5386962890625
Density Loss 368.51165771484375
Density Loss 369.1260681152344
Density Loss 370.47735595703125
Density Loss 375.3150329589844
Density Loss 370.5069580078125
Density Loss 373.070068359375
Density Loss 368.0073547363281
Density Loss 371.1007080078125
Density Loss 367.1027526855469
Density Loss 367.9855041503906
Density Loss 367.2218322753906
Density Loss 368.3514404296875
Density Loss 367.45892333984375
Density Loss 367.614990234375
Density Loss 369.36773681640625
Density Loss 367.6286315917969
Density Loss 371.59197998046875
Density Loss 369.9993591308594
Density Loss 373.3016357421875
Density Loss 376.43182373046875
Density Loss 371.4365539550781
Density Loss 367.897216796875
Density Loss 369.3166198730469
Density Loss 369.8323974609375
Density Loss 372.69439697265625
Density Loss 368.9779052734375
Density Loss 366.63470458984375
Density Loss 373.7934265136719
Density Loss 371.8176574707031
Density Loss 369.6360168457031
Density Loss 374.49334716796875
Density Loss 372.8028259277344
Density Loss 369.3838195800781
Density Loss 374.43157958984375
Density Loss 368.6756591796875
Density Loss 373.28814697265625
Density Loss 367.60369873046875
Density Loss 375.06829833984375
Density Loss 372.0837097167969
Density Loss 370.7259216308594
Density Loss 371.8338623046875
Density Loss 370.49029541015625
Density Loss 368.4505615234375
Density Loss 372.0404968261719
Density Loss 370.4521484375
Density Loss 373.1315002441406
Density Loss 369.347900390625
Density Loss 372.2391052246094
Density Loss 367.654541015625
Density Loss 367.9275207519531
Density Loss 370.9407653808594
Density Loss 371.9084167480469
Density Loss 371.62078857421875
Density Loss 375.79150390625
Density Loss 366.95458984375
Density Loss 373.20025634765625
Density Loss 370.3415222167969
Density Loss 371.4193115234375
Density Loss 372.4919128417969
Density Loss 373.66510009765625
Density Loss 372.8976745605469
Density Loss 372.77294921875
Density Loss 371.2944030761719
Density Loss 368.3310241699219
Density Loss 370.7483825683594
Density Loss 366.19677734375
Density Loss 367.97222900390625
Density Loss 370.74383544921875
Density Loss 368.92938232421875
Density Loss 368.27105712890625
Density Loss 370.6911926269531
Density Loss 370.0135803222656
Density Loss 369.6690979003906
Density Loss 374.532958984375
Density Loss 374.4120178222656
Density Loss 366.6370849609375
Density Loss 373.6993103027344
Density Loss 375.2464599609375
Density Loss 367.3984375
Density Loss 370.09747314453125
Density Loss 376.4303894042969
Density Loss 368.73455810546875
Density Loss 370.9684753417969
Density Loss 373.438232421875
Density Loss 375.59417724609375
Density Loss 376.8688049316406
Density Loss 372.1646423339844
Density Loss 372.7941589355469
Density Loss 372.0854797363281
Density Loss 375.7980651855469
Density Loss 368.888671875
Density Loss 367.7196044921875
Density Loss 368.29998779296875
Density Loss 366.0814208984375
Density Loss 369.02960205078125
Density Loss 374.4499816894531
Density Loss 371.9585876464844
Density Loss 371.0423583984375
Density Loss 372.3795471191406
Density Loss 375.78070068359375
Density Loss 371.9215087890625
Density Loss 371.79925537109375
Density Loss 364.8415832519531
Density Loss 366.82208251953125
Density Loss 371.7993469238281
Density Loss 368.74072265625
Density Loss 372.6175842285156
Density Loss 370.6754455566406
Density Loss 375.95526123046875
Density Loss 371.38232421875
Density Loss 371.9602966308594
Density Loss 371.42547607421875
Density Loss 375.2615966796875
Density Loss 371.3785095214844
Density Loss 368.32525634765625
Density Loss 370.2655029296875
Density Loss 376.5641174316406
Density Loss 370.3594665527344
Density Loss 376.1856384277344
Density Loss 374.3116760253906
Density Loss 375.11798095703125
Density Loss 371.888916015625
Density Loss 368.6243591308594
Density Loss 371.75689697265625
Density Loss 369.1300964355469
Density Loss 367.1425476074219
Density Loss 370.6383056640625
Density Loss 373.3616638183594
Density Loss 375.72711181640625
Density Loss 368.7556457519531
Density Loss 368.7810974121094
Density Loss 368.6424255371094
Density Loss 374.40704345703125
Density Loss 371.69110107421875
Density Loss 371.475830078125
Density Loss 370.7414855957031
Density Loss 371.71087646484375
Density Loss 371.8357238769531
Density Loss 373.2575378417969
Density Loss 369.7221984863281
Density Loss 369.5901794433594
Density Loss 375.5091552734375
Density Loss 372.167236328125
Density Loss 372.5153503417969
Density Loss 373.2839050292969
Density Loss 367.0099182128906
Density Loss 374.0544738769531
Density Loss 372.2603759765625
Density Loss 371.9807434082031
Density Loss 374.0848693847656
Density Loss 376.12274169921875
Density Loss 375.6935119628906
Density Loss 366.9033508300781
Density Loss 372.495361328125
Density Loss 371.70782470703125
Density Loss 371.259765625
Density Loss 374.913818359375
Density Loss 370.81280517578125
Density Loss 371.02911376953125
Density Loss 370.0673828125
Density Loss 374.074951171875
Density Loss 368.34246826171875
Density Loss 373.9297790527344
Density Loss 369.79571533203125
Density Loss 374.8927001953125
Density Loss 375.513671875
Density Loss 367.80096435546875
Density Loss 369.2308654785156
Density Loss 372.197998046875
Density Loss 367.27716064453125
Density Loss 372.0057373046875
Density Loss 370.726318359375
Density Loss 371.1211853027344
Density Loss 367.827880859375
Density Loss 373.9076843261719
Density Loss 374.923583984375
Density Loss 374.96453857421875
Density Loss 375.02703857421875
Density Loss 374.05657958984375
Density Loss 369.83941650390625
Density Loss 373.9762268066406
Density Loss 370.1351013183594
Density Loss 371.8899841308594
Density Loss 377.84326171875
Density Loss 372.3505554199219
Density Loss 373.5449523925781
Density Loss 373.36090087890625
Density Loss 375.6047058105469
Density Loss 370.4463195800781
Density Loss 372.06121826171875
Density Loss 372.9908752441406
Density Loss 366.3549499511719
Density Loss 369.61920166015625
Density Loss 373.787353515625
Density Loss 368.88909912109375
Density Loss 369.312255859375
Density Loss 372.6620788574219
Density Loss 375.7606201171875
Density Loss 370.4383544921875
Density Loss 374.20379638671875
Density Loss 375.4263916015625
Density Loss 368.1671142578125
Density Loss 375.7802734375
Density Loss 373.5596618652344
Density Loss 371.3045654296875
Density Loss 374.3922424316406
Density Loss 376.45196533203125
Density Loss 374.2944030761719
Density Loss 375.9124755859375
Density Loss 370.7831115722656
Density Loss 374.75933837890625
Density Loss 366.9619140625
Density Loss 367.5960998535156
Density Loss 372.70989990234375
Density Loss 376.09173583984375
Density Loss 373.0203552246094
Density Loss 373.2105407714844
Density Loss 371.04571533203125
Density Loss 368.3768310546875
Density Loss 367.3511962890625
Density Loss 374.2662658691406
Density Loss 369.154296875
Density Loss 370.46295166015625
Density Loss 371.1051940917969
Density Loss 377.7105407714844
Density Loss 367.7808837890625
Density Loss 368.9826965332031
Density Loss 375.2889404296875
Density Loss 377.6698303222656
Density Loss 376.3958435058594
Density Loss 369.6192626953125
Density Loss 369.2918701171875
Density Loss 372.8516845703125
Density Loss 368.51397705078125
Density Loss 371.8529357910156
Density Loss 368.0795593261719
Density Loss 374.438232421875
Density Loss 371.7061767578125
Density Loss 372.21038818359375
Density Loss 371.96087646484375
Density Loss 371.177001953125
Density Loss 373.4286193847656
Density Loss 371.7362976074219
Density Loss 374.7542419433594
Density Loss 370.9697570800781
Density Loss 374.984619140625
Density Loss 370.6950988769531
Density Loss 372.8824768066406
Density Loss 373.492919921875
Density Loss 375.4445495605469
Density Loss 374.9697570800781
Density Loss 369.88592529296875
Density Loss 367.7557067871094
Density Loss 373.4642639160156
Density Loss 378.7813415527344
Density Loss 370.79083251953125
Density Loss 374.5652770996094
Density Loss 371.7691650390625
Density Loss 370.1141052246094
Density Loss 373.0484619140625
Density Loss 370.453125
Density Loss 373.13470458984375
Density Loss 376.5312194824219
Density Loss 373.7431945800781
Density Loss 374.1044616699219
Density Loss 370.413818359375
Density Loss 368.95654296875
Density Loss 373.5777587890625
Density Loss 375.19171142578125
Density Loss 370.8627014160156
Density Loss 373.9736633300781
Density Loss 366.4798278808594
Density Loss 369.37713623046875
Density Loss 373.0248718261719
Density Loss 370.72509765625
Density Loss 371.4465637207031
Density Loss 371.9344177246094
Density Loss 372.86920166015625
Density Loss 369.24822998046875
Density Loss 377.28045654296875
Density Loss 367.0068359375
Density Loss 371.5575256347656
Density Loss 375.1532287597656
Density Loss 372.8732604980469
Density Loss 374.8199768066406
Density Loss 371.72430419921875
Density Loss 371.2517395019531
Density Loss 377.4112243652344
Density Loss 376.7035217285156
Density Loss 375.1929931640625
Density Loss 371.7187194824219
Density Loss 372.4084167480469
Density Loss 370.9607849121094
Density Loss 374.8556823730469
Density Loss 371.8862609863281
Density Loss 377.1642761230469
Density Loss 369.19561767578125
Density Loss 373.6649475097656
Density Loss 377.4821472167969
Density Loss 369.3752746582031
Density Loss 372.1989440917969
Density Loss 370.1492614746094
Density Loss 369.02447509765625
Density Loss 369.17364501953125
Density Loss 374.0542297363281
Density Loss 369.90606689453125
Density Loss 370.7052001953125
Density Loss 370.5019836425781
Density Loss 372.00079345703125
Density Loss 373.8827819824219
Density Loss 368.9081115722656
Density Loss 374.0158996582031
Density Loss 371.1457214355469
Density Loss 377.0819091796875
Density Loss 370.4380798339844
Density Loss 373.3299255371094
Density Loss 371.6540222167969
Density Loss 370.9537658691406
Density Loss 380.42352294921875
Density Loss 378.4622802734375
Density Loss 374.5565490722656
Density Loss 373.890380859375
Density Loss 370.4403076171875
Density Loss 374.3486328125
Density Loss 372.3840026855469
Density Loss 375.2000732421875
Density Loss 371.85736083984375
Density Loss 374.02252197265625
Density Loss 373.598876953125
Density Loss 369.9084777832031
Density Loss 374.2283020019531
Density Loss 380.6078186035156
Density Loss 376.6219787597656
Density Loss 372.0147399902344
Density Loss 367.0445556640625
Density Loss 376.5442199707031
Density Loss 374.6949462890625
Density Loss 373.7408752441406
Density Loss 373.1714172363281
Density Loss 374.8031921386719
Density Loss 370.8720703125
Density Loss 372.2361755371094
Density Loss 370.7374267578125
Density Loss 374.4336242675781
Density Loss 374.0823059082031
Density Loss 372.6062316894531
Density Loss 377.23431396484375
Density Loss 378.685546875
Density Loss 372.88592529296875
Density Loss 371.3183898925781
Density Loss 373.8611145019531
Density Loss 370.2941589355469
Density Loss 372.207275390625
Density Loss 372.4128723144531
Density Loss 366.5475769042969
Density Loss 374.9301452636719
Density Loss 374.4552001953125
Density Loss 374.9150390625
Density Loss 371.9109802246094
Density Loss 368.9090576171875
Density Loss 375.87872314453125
Density Loss 370.1255187988281
Density Loss 374.06719970703125
Density Loss 374.0328674316406
Density Loss 372.5223388671875
Density Loss 372.8888244628906
Density Loss 372.1348571777344
Density Loss 374.5709228515625
Density Loss 380.22735595703125
Density Loss 374.183837890625
Density Loss 369.9746398925781
Density Loss 376.4192810058594
Density Loss 368.7608642578125
Density Loss 374.50634765625
Density Loss 373.0863037109375
Density Loss 372.9613952636719
Density Loss 371.0032653808594
Density Loss 371.3541564941406
Density Loss 372.3475646972656
Density Loss 374.7631530761719
Density Loss 370.92919921875
Density Loss 370.7859802246094
Density Loss 370.2600402832031
Density Loss 372.35479736328125
Density Loss 377.80535888671875
Density Loss 374.5586242675781
Density Loss 378.95550537109375
Density Loss 372.5877990722656
Density Loss 374.0287780761719
Density Loss 372.2587890625
Density Loss 373.17901611328125
Density Loss 370.0144958496094
Density Loss 379.8153076171875
Density Loss 370.6618347167969
Density Loss 374.1172790527344
Density Loss 372.64703369140625
Density Loss 371.6477966308594
Density Loss 379.57904052734375
Density Loss 373.9172668457031
Density Loss 369.822509765625
Density Loss 374.7166442871094
Density Loss 373.2962341308594
Density Loss 372.7114562988281
Density Loss 378.7566223144531
Density Loss 374.4687805175781
Density Loss 373.6858215332031
Density Loss 376.3384704589844
Density Loss 372.8036193847656
Density Loss 372.7650451660156
Density Loss 375.1347961425781
Density Loss 374.2185363769531
Density Loss 373.1041564941406
Density Loss 379.7051086425781
Density Loss 374.2792663574219
Density Loss 371.5987854003906
Density Loss 369.6706237792969
Density Loss 373.39691162109375
Density Loss 373.7205810546875
Density Loss 376.8486022949219
Density Loss 370.3831787109375
Density Loss 375.7169494628906
Density Loss 371.42669677734375
Density Loss 372.50494384765625
Density Loss 376.60894775390625
Density Loss 371.2208251953125
Density Loss 373.68768310546875
Density Loss 375.7730407714844
Density Loss 372.3602294921875
Density Loss 372.60028076171875
Density Loss 373.7463073730469
Density Loss 371.1412658691406
Density Loss 374.16180419921875
Density Loss 373.1898193359375
Density Loss 376.5882568359375
Density Loss 372.2514343261719
Density Loss 378.50335693359375
Density Loss 378.31622314453125
Density Loss 367.8357238769531
Density Loss 370.8451843261719
Density Loss 375.877197265625
Density Loss 379.87158203125
Density Loss 376.5225524902344
Density Loss 370.9984436035156
Density Loss 375.6198425292969
Density Loss 373.56695556640625
Density Loss 368.17236328125
Density Loss 372.96942138671875
Density Loss 372.0964050292969
Density Loss 377.1231994628906
Density Loss 375.2563781738281
Density Loss 379.1369934082031
Density Loss 371.3320007324219
Density Loss 374.0217590332031
Density Loss 372.018310546875
Density Loss 369.7555236816406
Density Loss 372.60528564453125
Density Loss 372.5650329589844
Density Loss 375.6198425292969
Density Loss 375.6080017089844
Density Loss 377.70318603515625
Density Loss 378.0652770996094
Density Loss 374.4820556640625
Density Loss 377.1067199707031
Density Loss 376.440673828125
Density Loss 379.26312255859375
Density Loss 372.6116027832031
Density Loss 370.7259826660156
Density Loss 376.720458984375
Density Loss 372.9864807128906
Density Loss 371.8493957519531
Density Loss 370.5471496582031
Density Loss 374.0292663574219
Density Loss 368.9813232421875
Density Loss 373.542724609375
Density Loss 371.27117919921875
Density Loss 374.8258972167969
Density Loss 374.6011047363281
Density Loss 374.5345458984375
Density Loss 372.89422607421875
Density Loss 378.2564392089844
Density Loss 372.5816650390625
Density Loss 371.28533935546875
Density Loss 372.6525573730469
Density Loss 375.5780029296875
Density Loss 373.4926452636719
Density Loss 376.011474609375
Density Loss 377.3103942871094
Density Loss 376.6500244140625
Density Loss 372.2919921875
Density Loss 377.9914245605469
Density Loss 376.53564453125
Density Loss 370.74761962890625
Density Loss 373.673828125
Density Loss 373.49359130859375
Density Loss 376.1728210449219
Density Loss 375.2274169921875
Density Loss 375.79864501953125
Density Loss 377.0758361816406
Density Loss 376.2161560058594
Density Loss 373.04248046875
Density Loss 376.3209533691406
Density Loss 376.61151123046875
Density Loss 374.44720458984375
Density Loss 375.21966552734375
Density Loss 374.221923828125
Density Loss 374.6250305175781
Density Loss 370.41754150390625
Density Loss 378.2994384765625
Density Loss 373.207275390625
Density Loss 370.23394775390625
Density Loss 378.0939636230469
Density Loss 371.0539855957031
Density Loss 373.5295104980469
Density Loss 376.4737243652344
Density Loss 375.9368591308594
Density Loss 376.4719543457031
Density Loss 371.3038330078125
Density Loss 378.99798583984375
Density Loss 377.1952209472656
Density Loss 376.02435302734375
Density Loss 378.3559875488281
Density Loss 376.60736083984375
Density Loss 373.9403991699219
Density Loss 372.9442443847656
Density Loss 372.92694091796875
Density Loss 378.7895202636719
Density Loss 372.7386779785156
Density Loss 371.377197265625
Density Loss 370.7095947265625
Density Loss 377.2975158691406
Density Loss 368.3168640136719
Density Loss 371.6963806152344
Density Loss 371.95599365234375
Density Loss 374.8611755371094
Density Loss 375.7802734375
Density Loss 376.7021484375
Density Loss 377.56109619140625
Density Loss 370.1857604980469
Density Loss 370.3243103027344
Density Loss 374.6543884277344
Density Loss 375.9717102050781
Density Loss 377.5279541015625
Density Loss 372.5574645996094
Density Loss 378.5960998535156
Density Loss 377.75299072265625
Density Loss 376.4141845703125
Density Loss 375.1523132324219
Density Loss 373.1147766113281
Density Loss 371.2513427734375
Density Loss 372.91876220703125
Density Loss 373.18603515625
Density Loss 378.5297546386719
Density Loss 373.7540283203125
Density Loss 377.4628601074219
Density Loss 373.7364196777344
Density Loss 377.5396728515625
Density Loss 375.8841247558594
Density Loss 372.4033203125
Density Loss 370.6974182128906
Density Loss 375.0467529296875
Density Loss 373.7398681640625
Density Loss 378.10302734375
Density Loss 371.1770324707031
Density Loss 370.647216796875
Density Loss 372.76055908203125
Density Loss 376.9881591796875
Density Loss 378.5746765136719
Density Loss 374.8971252441406
Density Loss 376.2645568847656
Density Loss 376.6809387207031
Density Loss 376.5180969238281
Density Loss 376.5926208496094
Density Loss 374.6313781738281
Density Loss 372.9314270019531
Density Loss 372.10845947265625
Density Loss 379.93603515625
Density Loss 377.0419006347656
Density Loss 369.20904541015625
Density Loss 374.4539794921875
Density Loss 379.7400817871094
Density Loss 381.1555480957031
Density Loss 376.59344482421875
Density Loss 374.386962890625
Density Loss 371.96502685546875
Density Loss 377.04302978515625
Density Loss 374.3022155761719
Density Loss 378.83026123046875
Density Loss 376.167236328125
Density Loss 371.8023986816406
Density Loss 371.4664001464844
Density Loss 372.94818115234375
Density Loss 377.0330810546875
Density Loss 374.09344482421875
Density Loss 374.528564453125
Density Loss 375.6116638183594
Density Loss 376.6454162597656
Density Loss 378.99578857421875
Density Loss 373.5699768066406
Density Loss 377.34063720703125
Density Loss 380.9419860839844
Density Loss 374.7720031738281
Density Loss 374.6063537597656
Density Loss 375.1654968261719
Density Loss 376.1873474121094
Density Loss 376.248779296875
Density Loss 374.7335205078125
Density Loss 375.0203857421875
Density Loss 378.0151062011719
Density Loss 375.53045654296875
Density Loss 381.27911376953125
Density Loss 373.15374755859375
Density Loss 379.38079833984375
Density Loss 373.0205078125
Density Loss 381.3072814941406
Density Loss 372.71728515625
Density Loss 375.4429626464844
Density Loss 379.1175231933594
Density Loss 379.1573486328125
Density Loss 373.37060546875
Density Loss 379.4286193847656
Density Loss 383.9869384765625
Density Loss 379.5964660644531
Density Loss 378.67266845703125
Density Loss 374.7820739746094
Density Loss 374.46343994140625
Density Loss 375.54345703125
Density Loss 376.0881652832031
Density Loss 375.37030029296875
Density Loss 374.25970458984375
Density Loss 378.73638916015625
Density Loss 375.5984802246094
Density Loss 375.2506408691406
Density Loss 372.36871337890625
Density Loss 372.4927978515625
Density Loss 371.430908203125
Density Loss 373.1693115234375
Density Loss 381.15911865234375
Density Loss 378.68463134765625
Density Loss 375.7481384277344
Density Loss 376.93798828125
Density Loss 376.3544006347656
Density Loss 375.8409118652344
Density Loss 378.2519226074219
Density Loss 374.25018310546875
Density Loss 373.5494384765625
Density Loss 376.3839111328125
Density Loss 375.03607177734375
Density Loss 375.97442626953125
Density Loss 377.4169921875
Density Loss 372.0657653808594
Density Loss 372.3100280761719
Density Loss 374.3834228515625
Density Loss 375.46759033203125
Density Loss 376.7386169433594
Density Loss 376.4821472167969
Density Loss 381.89251708984375
Density Loss 374.3204345703125
Density Loss 381.5562438964844
Density Loss 379.98846435546875
Density Loss 369.65435791015625
Density Loss 374.0419006347656
Density Loss 372.785400390625
Density Loss 372.69403076171875
Density Loss 375.9656677246094
Density Loss 374.4903564453125
Density Loss 371.5071105957031
Density Loss 376.07916259765625
Density Loss 375.1817932128906
Density Loss 377.6832580566406
Density Loss 373.7472229003906
Density Loss 377.7913513183594
Density Loss 376.111083984375
Density Loss 376.149658203125
Density Loss 379.3055419921875
Density Loss 376.2284851074219
Density Loss 377.51806640625
Density Loss 376.39605712890625
Density Loss 376.01739501953125
Density Loss 374.84014892578125
Density Loss 373.69415283203125
Density Loss 378.28216552734375
Density Loss 379.7645568847656
Density Loss 373.1502990722656
Density Loss 375.9070739746094
Density Loss 378.3109436035156
Density Loss 375.3412170410156
Density Loss 379.5753479003906
Density Loss 374.67535400390625
Density Loss 375.4021911621094
Density Loss 376.46966552734375
Density Loss 373.0083923339844
Density Loss 376.4804992675781
Density Loss 373.59075927734375
Density Loss 374.98175048828125
Density Loss 379.49395751953125
Density Loss 375.0315246582031
Density Loss 380.2586364746094
Density Loss 374.5513610839844
Density Loss 372.79949951171875
Density Loss 374.16876220703125
Density Loss 373.8265380859375
Density Loss 374.7027893066406
Density Loss 375.1350402832031
Density Loss 381.6861877441406
Density Loss 381.3786315917969
Density Loss 373.7810974121094
Density Loss 377.8767395019531
Density Loss 374.6372985839844
Density Loss 372.7513427734375
Density Loss 377.0143127441406
Density Loss 380.6291809082031
Density Loss 378.098876953125
Density Loss 372.937744140625
Density Loss 380.3746337890625
Density Loss 378.3899841308594
Density Loss 374.009521484375
Density Loss 374.3449401855469
Density Loss 379.5462951660156
Density Loss 376.2377624511719
Density Loss 378.2884826660156
Density Loss 377.333740234375
Density Loss 374.5040588378906
Density Loss 376.536376953125
Density Loss 374.4106750488281
Density Loss 378.0072326660156
Density Loss 377.7351379394531
Density Loss 377.16131591796875
Density Loss 374.25543212890625
Density Loss 374.7115783691406
Density Loss 375.0522155761719
Density Loss 375.7720031738281
Density Loss 376.998779296875
Density Loss 373.80792236328125
Density Loss 379.4703063964844
Density Loss 380.0614013671875
Density Loss 376.88739013671875
Density Loss 385.0888671875
Density Loss 380.018310546875
Density Loss 373.4239196777344
Density Loss 377.1416015625
Density Loss 376.6781921386719
Density Loss 373.83306884765625
Density Loss 380.6042175292969
Density Loss 377.4867858886719
Density Loss 373.923583984375
Density Loss 380.8091125488281
Density Loss 375.3521423339844
Density Loss 377.88336181640625
Density Loss 375.743896484375
Density Loss 372.5760803222656
Density Loss 371.1150207519531
Density Loss 375.2562255859375
Density Loss 375.93157958984375
Density Loss 378.4337463378906
Density Loss 373.9029541015625
Density Loss 373.27117919921875
Density Loss 376.892578125
Density Loss 377.6399230957031
Density Loss 377.56915283203125
Density Loss 375.8379821777344
Density Loss 376.8330993652344
Density Loss 378.4450988769531
Density Loss 376.3103942871094
Density Loss 380.3013000488281
Density Loss 381.5700988769531
Density Loss 375.700439453125
Density Loss 372.4403076171875
Density Loss 378.6407165527344
Density Loss 372.92999267578125
Density Loss 375.4688415527344
Density Loss 376.7859802246094
Density Loss 375.57098388671875
Density Loss 377.6111145019531
Density Loss 378.5139465332031
Density Loss 374.7705078125
Density Loss 374.3022155761719
Density Loss 376.2327575683594
Density Loss 373.9216003417969
Density Loss 378.83404541015625
Density Loss 380.16583251953125
Density Loss 372.79718017578125
Density Loss 382.0564270019531
Density Loss 381.5905456542969
Density Loss 377.4642028808594
Density Loss 378.94085693359375
Density Loss 375.042236328125
Density Loss 377.06134033203125
Density Loss 374.1600036621094
Density Loss 376.8844299316406
Density Loss 375.8848571777344
Density Loss 375.09918212890625
Density Loss 374.6366271972656
Density Loss 378.3088684082031
Density Loss 374.1701354980469
Density Loss 382.96466064453125
Density Loss 379.0212707519531
Density Loss 377.02117919921875
Density Loss 380.5577392578125
Density Loss 374.68060302734375
Density Loss 379.3717956542969
Density Loss 372.48138427734375
Density Loss 374.9349365234375
Density Loss 377.7708740234375
Density Loss 377.8927001953125
Density Loss 379.0866394042969
Density Loss 371.29351806640625
Density Loss 378.9117431640625
Density Loss 379.05633544921875
Density Loss 380.324462890625
Density Loss 376.8455810546875
Density Loss 377.4829406738281
Density Loss 374.615234375
Density Loss 373.2519836425781
Density Loss 373.93853759765625
Density Loss 377.3524169921875
Density Loss 374.9822998046875
Density Loss 377.853515625
Density Loss 375.869873046875
Density Loss 375.4141540527344
Density Loss 379.67791748046875
Density Loss 376.0350646972656
Density Loss 377.84765625
Density Loss 378.1531066894531
Density Loss 377.3024597167969
Density Loss 378.75384521484375
Density Loss 378.0198974609375
Density Loss 375.23895263671875
Density Loss 376.0909423828125
Density Loss 376.8203125
Density Loss 377.44818115234375
Density Loss 378.2373962402344
Density Loss 376.6764831542969
Density Loss 375.1208190917969
Density Loss 379.5233459472656
Density Loss 376.2795104980469
Density Loss 373.35223388671875
Density Loss 374.643798828125
Density Loss 378.3812561035156
Density Loss 380.9589538574219
Density Loss 377.34954833984375
Density Loss 379.4666442871094
Density Loss 376.668701171875
Density Loss 377.87646484375
Density Loss 379.3270263671875
Density Loss 373.5106201171875
Density Loss 372.2337646484375
Density Loss 375.71990966796875
Density Loss 377.107177734375
Density Loss 377.53094482421875
Density Loss 379.0867919921875
Density Loss 381.89935302734375
Density Loss 382.9581604003906
Density Loss 378.1421813964844
Density Loss 379.4688720703125
Density Loss 378.1730651855469
Density Loss 374.6241760253906
Density Loss 383.0958251953125
Density Loss 377.9850158691406
Density Loss 374.5709533691406
Density Loss 377.1577453613281
Density Loss 381.18182373046875
Density Loss 379.95294189453125
Density Loss 382.4373474121094
Density Loss 381.45892333984375
Density Loss 374.8534851074219
Density Loss 375.1635437011719
Density Loss 376.85418701171875
Density Loss 376.12335205078125
Density Loss 375.0755920410156
Density Loss 377.66326904296875
Density Loss 377.2966613769531
Density Loss 376.46990966796875
Density Loss 381.9460754394531
Density Loss 380.1982421875
Density Loss 379.2832336425781
Density Loss 378.0600280761719
Density Loss 377.4876708984375
Density Loss 377.1750793457031
Density Loss 373.9347229003906
Density Loss 380.37847900390625
Density Loss 376.6920166015625
Density Loss 379.46575927734375
Density Loss 377.397705078125
Density Loss 376.324951171875
Density Loss 381.4560852050781
Density Loss 377.18402099609375
Density Loss 377.4630432128906
Density Loss 379.0797119140625
Density Loss 377.7728576660156
Density Loss 381.985595703125
Density Loss 379.821044921875
Density Loss 379.70904541015625
Density Loss 376.9476623535156
Density Loss 379.11920166015625
Density Loss 378.20965576171875
Density Loss 374.7281494140625
Density Loss 376.5077819824219
Density Loss 377.0596008300781
Density Loss 381.4555969238281
Density Loss 374.13348388671875
Density Loss 376.6230163574219
Density Loss 377.4133605957031
Density Loss 384.07904052734375
Density Loss 375.5296325683594
Density Loss 377.5333251953125
Density Loss 375.3683166503906
Density Loss 375.53997802734375
Density Loss 373.6448974609375
Density Loss 381.7475891113281
Density Loss 376.6099548339844
Density Loss 376.1049499511719
Density Loss 375.3560791015625
Density Loss 380.48486328125
Density Loss 374.504150390625
Density Loss 378.3102722167969
Density Loss 376.3464050292969
Density Loss 374.21539306640625
Density Loss 381.55413818359375
Density Loss 378.08099365234375
Density Loss 376.1007385253906
Density Loss 374.0859069824219
Density Loss 378.0091247558594
Density Loss 382.9466247558594
Density Loss 381.33807373046875
Density Loss 375.2820739746094
Density Loss 379.173583984375
Density Loss 379.8192443847656
Density Loss 377.872802734375
Density Loss 380.46551513671875
Density Loss 380.56829833984375
Density Loss 379.8773498535156
Density Loss 380.1706848144531
Density Loss 376.8929443359375
Density Loss 373.05322265625
Density Loss 378.5293884277344
Density Loss 376.1356201171875
Density Loss 377.1549072265625
Density Loss 376.3525390625
Density Loss 375.9072570800781
Density Loss 377.7086181640625
Density Loss 377.3999938964844
Density Loss 376.4620056152344
Density Loss 378.70989990234375
Density Loss 377.3321533203125
Density Loss 380.7295227050781
Density Loss 378.1217956542969
Density Loss 378.6402282714844
Density Loss 379.6009216308594
Density Loss 381.8525390625
Density Loss 377.2149963378906
Density Loss 375.0718688964844
Density Loss 374.5544738769531
Density Loss 380.6121520996094
Density Loss 380.5006408691406
Density Loss 378.6237487792969
Density Loss 374.7872009277344
Density Loss 379.79864501953125
Density Loss 376.25543212890625
Density Loss 380.23590087890625
Density Loss 375.1943054199219
Density Loss 380.5649108886719
Density Loss 379.2071228027344
Density Loss 379.10870361328125
Density Loss 379.01898193359375
Density Loss 378.65582275390625
Density Loss 379.40679931640625
Density Loss 373.0621032714844
Density Loss 380.88507080078125
Density Loss 381.9911804199219
Density Loss 376.5523986816406
Density Loss 378.3819885253906
Density Loss 379.6107177734375
Density Loss 380.87725830078125
Density Loss 379.03570556640625
Density Loss 378.51397705078125
Density Loss 376.8258361816406
Density Loss 381.279296875
Density Loss 385.9193115234375
Density Loss 379.6546325683594
Density Loss 376.58551025390625
Density Loss 374.8683166503906
Density Loss 379.3664245605469
Density Loss 382.66094970703125
Density Loss 380.4336853027344
Density Loss 378.2517395019531
Density Loss 378.873779296875
Density Loss 377.2580261230469
Density Loss 378.9734191894531
Density Loss 378.834716796875
Density Loss 378.3526306152344
Density Loss 380.9295959472656
Density Loss 379.4952697753906
Density Loss 380.51495361328125
Density Loss 380.7739562988281
Density Loss 375.9593505859375
Density Loss 375.9350280761719
Density Loss 381.86676025390625
Density Loss 380.33050537109375
Density Loss 375.470458984375
Density Loss 380.29693603515625
Density Loss 378.25469970703125
Density Loss 383.05755615234375
Density Loss 381.7140197753906
Density Loss 380.6494445800781
Density Loss 378.1808776855469
Density Loss 376.5439147949219
Density Loss 378.2349548339844
Density Loss 381.1918640136719
Density Loss 378.62872314453125
Density Loss 381.9756164550781
Density Loss 379.027587890625
Density Loss 379.9981384277344
Density Loss 375.1400451660156
Density Loss 381.8222351074219
Density Loss 378.5377502441406
Density Loss 385.5680847167969
Density Loss 379.6854553222656
Density Loss 377.01318359375
Density Loss 382.6695251464844
Density Loss 377.4637145996094
Density Loss 376.36639404296875
Density Loss 371.6098327636719
Density Loss 376.636962890625
Density Loss 377.247802734375
Density Loss 376.70599365234375
Density Loss 378.32928466796875
Density Loss 379.3708801269531
Density Loss 381.84564208984375
Density Loss 377.2100830078125
Density Loss 378.2867126464844
Density Loss 376.96295166015625
Density Loss 377.7403869628906
Density Loss 378.85028076171875
Density Loss 378.8719482421875
Density Loss 374.8744812011719
Density Loss 378.4744567871094
Density Loss 379.0206298828125
Density Loss 378.3929443359375
Density Loss 384.4360046386719
Density Loss 373.1489562988281
Density Loss 376.2806701660156
Density Loss 379.6878356933594
Density Loss 379.1973571777344
Density Loss 376.7486267089844
Density Loss 378.8199157714844
Density Loss 375.8487243652344
Density Loss 379.3848571777344
Density Loss 380.5594787597656
Density Loss 379.136962890625
Density Loss 386.8686218261719
Density Loss 385.1615905761719
Density Loss 381.3410339355469
Density Loss 377.0999755859375
Density Loss 380.1886291503906
Density Loss 377.62646484375
Density Loss 381.04443359375
Density Loss 381.1331481933594
Density Loss 377.0203857421875
Density Loss 379.15216064453125
Density Loss 379.9337463378906
Density Loss 385.2069091796875
Density Loss 380.0232849121094
Density Loss 379.7955627441406
Density Loss 378.278076171875
Density Loss 374.8027038574219
Density Loss 374.1669616699219
Density Loss 377.1346435546875
Density Loss 376.0838317871094
Density Loss 379.3760681152344
Density Loss 381.4661865234375
Density Loss 374.92681884765625
Density Loss 376.75750732421875
Density Loss 379.70574951171875
Density Loss 376.4300231933594
Density Loss 379.4646301269531
Density Loss 380.5907897949219
Density Loss 384.15875244140625
Density Loss 382.5843200683594
Density Loss 379.02581787109375
Density Loss 374.129150390625
Density Loss 380.7798156738281
Density Loss 379.71905517578125
Density Loss 376.1044616699219
Density Loss 381.2666015625
Density Loss 377.8816833496094
Density Loss 380.9343566894531
Density Loss 379.2579650878906
Density Loss 380.9696044921875
Density Loss 380.8423156738281
Density Loss 380.9828186035156
Density Loss 380.0946960449219
Density Loss 375.97686767578125
Density Loss 378.9049377441406
Density Loss 379.21844482421875
Density Loss 378.2702331542969
Density Loss 380.3334655761719
Density Loss 384.025634765625
Density Loss 381.2242431640625
Density Loss 385.457763671875
Density Loss 380.36114501953125
Density Loss 385.10040283203125
Density Loss 379.2391052246094
Density Loss 382.74993896484375
Density Loss 377.30780029296875
Density Loss 379.82830810546875
Density Loss 380.6919250488281
Density Loss 378.93023681640625
Density Loss 380.2751159667969
Density Loss 380.4316711425781
Density Loss 381.3369445800781
Density Loss 384.73712158203125
Density Loss 378.3765563964844
Density Loss 380.9014587402344
Density Loss 380.315185546875
Density Loss 377.55615234375
Density Loss 380.794677734375
Density Loss 387.2055358886719
Density Loss 376.82867431640625
Density Loss 380.93878173828125
Density Loss 376.5
Density Loss 388.68707275390625
Density Loss 383.5074157714844
Density Loss 379.1646728515625
Density Loss 384.76666259765625
Density Loss 382.25006103515625
Density Loss 378.6053771972656
Density Loss 378.16351318359375
Density Loss 379.8016052246094
Density Loss 378.75115966796875
Density Loss 377.2754211425781
Density Loss 376.297119140625
Density Loss 379.0338439941406
Density Loss 374.75469970703125
Density Loss 380.8672790527344
Density Loss 380.3110046386719
Density Loss 380.8679504394531
Density Loss 380.28607177734375
Density Loss 378.5915832519531
Density Loss 378.8913879394531
Density Loss 378.99676513671875
Density Loss 381.33575439453125
Density Loss 379.8009948730469
Density Loss 383.56939697265625
Density Loss 378.44390869140625
Density Loss 378.99517822265625
Density Loss 377.1822814941406
Density Loss 379.18359375
Density Loss 377.4126281738281
Density Loss 380.17327880859375
Density Loss 375.6121520996094
Density Loss 379.1662292480469
Density Loss 379.57159423828125
Density Loss 382.78070068359375
Density Loss 378.47991943359375
Density Loss 375.20831298828125
Density Loss 376.8288269042969
Density Loss 385.5215148925781
Density Loss 378.97625732421875
Density Loss 381.43878173828125
Density Loss 376.9460754394531
Density Loss 383.0630187988281
Density Loss 378.04327392578125
Density Loss 377.4733581542969
Density Loss 383.64263916015625
Density Loss 382.76239013671875
Density Loss 380.85357666015625
Density Loss 378.9820556640625
Density Loss 379.9261474609375
Density Loss 383.4136047363281
Density Loss 382.0126647949219
Density Loss 382.2954406738281
Density Loss 381.89447021484375
Density Loss 383.9517517089844
Density Loss 380.17437744140625
Density Loss 379.0404968261719
Density Loss 378.58624267578125
Density Loss 379.1535949707031
Density Loss 380.1905212402344
Density Loss 384.6628723144531
Density Loss 381.5227355957031
Density Loss 381.8036193847656
Density Loss 382.61566162109375
Density Loss 383.6644287109375
Density Loss 381.2409362792969
Density Loss 377.4591064453125
Density Loss 381.0725402832031
Density Loss 378.4862976074219
Density Loss 378.83941650390625
Density Loss 380.4980163574219
Density Loss 384.7943115234375
Density Loss 382.37359619140625
Density Loss 382.6623840332031
Density Loss 379.36767578125
Density Loss 380.79718017578125
Density Loss 383.83502197265625
Density Loss 376.9774169921875
Density Loss 384.6647033691406
Density Loss 382.2487487792969
Density Loss 380.6083068847656
Density Loss 379.89447021484375
Density Loss 373.8936767578125
Density Loss 379.70623779296875
Density Loss 379.703125
Density Loss 376.72259521484375
Density Loss 381.23358154296875
Density Loss 377.3199768066406
Density Loss 382.1610412597656
Density Loss 378.7645568847656
Density Loss 386.1204833984375
Density Loss 383.62872314453125
Density Loss 380.2833557128906
Density Loss 375.5774230957031
Density Loss 384.15704345703125
Density Loss 384.693115234375
Density Loss 381.2964782714844
Density Loss 381.5632629394531
Density Loss 382.2151184082031
Density Loss 382.8768615722656
Density Loss 381.22283935546875
Density Loss 382.2763977050781
Density Loss 380.81195068359375
Density Loss 381.2507019042969
Density Loss 383.7624816894531
Density Loss 381.8369445800781
Density Loss 379.23699951171875
Density Loss 383.18017578125
Density Loss 382.3585510253906
Density Loss 376.5585632324219
Density Loss 379.4056701660156
Density Loss 380.13763427734375
Density Loss 378.009765625
Density Loss 381.7330322265625
Density Loss 383.1905212402344
Density Loss 380.64404296875
Density Loss 380.3389587402344
Density Loss 383.2508239746094
Density Loss 382.9339904785156
Density Loss 381.06494140625
Density Loss 382.7725524902344
Density Loss 383.1693420410156
Density Loss 380.4122009277344
Density Loss 381.64837646484375
Density Loss 381.0945129394531
Density Loss 378.9053649902344
Density Loss 382.3678283691406
Density Loss 379.54998779296875
Density Loss 377.67974853515625
Density Loss 382.7272033691406
Density Loss 377.1051025390625
Density Loss 382.2978210449219
Density Loss 378.7005615234375
Density Loss 385.353271484375
Density Loss 382.19635009765625
Density Loss 379.3464660644531
Density Loss 380.9603576660156
Density Loss 384.6163024902344
Density Loss 382.3641052246094
Density Loss 382.2242431640625
Density Loss 381.940185546875
Density Loss 378.7339782714844
Density Loss 385.5672607421875
Density Loss 381.9315185546875
Density Loss 380.6575012207031
Density Loss 383.5158996582031
Density Loss 382.3639221191406
Density Loss 383.599365234375
Density Loss 383.3851013183594
Density Loss 384.3240661621094
Density Loss 375.3641357421875
Density Loss 382.312744140625
Density Loss 380.5923156738281
Density Loss 383.85736083984375
Density Loss 382.7856750488281
Density Loss 381.89727783203125
Density Loss 381.7378234863281
Density Loss 380.1906433105469
Density Loss 381.192626953125
Density Loss 377.8706970214844
Density Loss 381.246337890625
Density Loss 380.4076232910156
Density Loss 380.7411804199219
Density Loss 376.1893615722656
Density Loss 382.3792724609375
Density Loss 384.357421875
Density Loss 377.9498596191406
Density Loss 386.4695129394531
Density Loss 384.55023193359375
Density Loss 385.14605712890625
Density Loss 376.9898986816406
Density Loss 381.5419006347656
Density Loss 383.4004821777344
Density Loss 380.1453552246094
Density Loss 381.62567138671875
Density Loss 381.3169860839844
Density Loss 383.5057373046875
Density Loss 378.3046569824219
Density Loss 379.7848205566406
Density Loss 383.10125732421875
Density Loss 382.2814025878906
Density Loss 382.3482666015625
Density Loss 380.8729553222656
Density Loss 385.07550048828125
Density Loss 387.9056701660156
Density Loss 377.88226318359375
Density Loss 381.13909912109375
Density Loss 382.25689697265625
Density Loss 378.46942138671875
Density Loss 383.63671875
Density Loss 379.6260681152344
Density Loss 377.29486083984375
Density Loss 380.3722229003906
Density Loss 384.85626220703125
Density Loss 385.8086853027344
Density Loss 382.0229797363281
Density Loss 382.2682800292969
Density Loss 378.7903137207031
Density Loss 383.64654541015625
Density Loss 378.98480224609375
Density Loss 385.80975341796875
Density Loss 379.6524658203125
Density Loss 379.97509765625
Density Loss 384.9850158691406
Density Loss 385.18927001953125
Density Loss 380.5276184082031
Density Loss 381.0557556152344
Density Loss 378.0865478515625
Density Loss 385.47528076171875
Density Loss 382.2286682128906
Density Loss 383.5879821777344
Density Loss 387.1295166015625
Density Loss 384.6255798339844
Density Loss 379.82781982421875
Density Loss 382.2058410644531
Density Loss 383.9479064941406
Density Loss 384.382080078125
Density Loss 382.578857421875
Density Loss 387.791259765625
Density Loss 377.6148681640625
Density Loss 381.4732666015625
Density Loss 387.2747802734375
Density Loss 379.6106262207031
Density Loss 383.88812255859375
Density Loss 384.20294189453125
Density Loss 383.1230773925781
Density Loss 378.8382263183594
Density Loss 382.20068359375
Density Loss 381.09283447265625
Density Loss 378.4110412597656
Density Loss 382.3853454589844
Density Loss 383.7209167480469
Density Loss 385.2223205566406
Density Loss 384.3341369628906
Density Loss 381.60223388671875
Density Loss 384.8539123535156
Density Loss 382.52606201171875
Density Loss 381.92791748046875
Density Loss 381.6866760253906
Density Loss 383.0544738769531
Density Loss 381.8769226074219
Density Loss 384.0305480957031
Density Loss 387.0439758300781
Density Loss 382.8630676269531
Density Loss 382.13238525390625
Density Loss 384.9826965332031
Density Loss 381.2105407714844
Density Loss 382.2120666503906
Density Loss 380.72161865234375
Density Loss 378.7303466796875
Density Loss 387.1506652832031
Density Loss 383.0678405761719
Density Loss 382.7054443359375
Density Loss 381.6619567871094
Density Loss 385.90582275390625
Density Loss 381.5871887207031
Density Loss 377.8919982910156
Density Loss 383.763427734375
Density Loss 381.092041015625
Density Loss 383.20404052734375
Density Loss 378.5167236328125
Density Loss 388.3558349609375
Density Loss 387.857177734375
Density Loss 386.70599365234375
Density Loss 386.272216796875
Density Loss 377.12945556640625
Density Loss 382.9855041503906
Density Loss 379.34674072265625
Density Loss 387.8361511230469
Density Loss 384.0373840332031
Density Loss 383.360595703125
Density Loss 385.1220397949219
Density Loss 382.353759765625
Density Loss 384.1495056152344
Density Loss 384.6883850097656
Density Loss 383.89886474609375
Density Loss 384.14031982421875
Density Loss 381.4769592285156
Density Loss 383.66021728515625
Density Loss 384.8547058105469
Density Loss 383.69647216796875
Density Loss 386.69195556640625
Density Loss 386.9677429199219
Density Loss 382.69598388671875
Density Loss 386.904296875
Density Loss 383.0779113769531
Density Loss 380.0503234863281
Density Loss 381.683837890625
Density Loss 380.9263000488281
Density Loss 381.6954040527344
Density Loss 382.1906433105469
Density Loss 379.21337890625
Density Loss 382.8064270019531
Density Loss 382.33477783203125
Density Loss 388.4951477050781
Density Loss 385.48223876953125
Density Loss 381.2507019042969
Density Loss 384.58587646484375
Density Loss 386.7904052734375
Density Loss 382.5428771972656
Density Loss 381.7214050292969
Density Loss 386.73175048828125
Density Loss 387.9342346191406
Density Loss 383.05975341796875
Density Loss 382.50360107421875
Density Loss 384.85894775390625
Density Loss 381.5096740722656
Density Loss 382.3334045410156
Density Loss 382.25701904296875
Density Loss 382.7319030761719
Density Loss 381.2702331542969
Density Loss 379.0752258300781
Density Loss 385.34881591796875
Density Loss 387.1387939453125
Density Loss 382.13006591796875
Density Loss 383.24603271484375
Density Loss 381.9191589355469
Density Loss 383.68670654296875
Density Loss 382.4380798339844
Density Loss 383.43975830078125
Density Loss 385.151123046875
Density Loss 383.0855407714844
Density Loss 384.5513000488281
Density Loss 381.0152587890625
Density Loss 389.28985595703125
Density Loss 385.0372009277344
Density Loss 388.6386413574219
Density Loss 386.11175537109375
Density Loss 384.4500732421875
Density Loss 385.4610290527344
Density Loss 383.00335693359375
Density Loss 388.2091979980469
Density Loss 384.2167053222656
Density Loss 386.9091796875
Density Loss 384.3438415527344
Density Loss 385.6622314453125
Density Loss 384.5820007324219
Density Loss 387.0369873046875
Density Loss 387.1026306152344
Density Loss 386.0651550292969
Density Loss 382.75067138671875
Density Loss 381.22869873046875
Density Loss 381.2384033203125
Density Loss 384.8706359863281
Density Loss 382.2843017578125
Density Loss 384.6888732910156
Density Loss 386.3646240234375
Density Loss 380.8705139160156
Density Loss 381.4794006347656
Density Loss 382.8267517089844
Density Loss 385.806396484375
Density Loss 382.81903076171875
Density Loss 378.087158203125
Density Loss 380.2060852050781
Density Loss 387.2698974609375
Density Loss 386.4319152832031
Density Loss 383.4168701171875
Density Loss 383.17218017578125
Density Loss 381.9593811035156
Density Loss 387.87750244140625
Density Loss 383.9916687011719
Density Loss 383.5728759765625
Density Loss 385.3840637207031
Density Loss 384.9100341796875
Density Loss 382.720947265625
Density Loss 382.07568359375
Density Loss 386.1048278808594
Density Loss 382.1865539550781
Density Loss 384.2567138671875
Density Loss 381.8074951171875
Density Loss 383.62640380859375
Density Loss 383.0845642089844
Density Loss 388.6684265136719
Density Loss 382.5755615234375
Density Loss 384.428466796875
Density Loss 385.9937438964844
Density Loss 384.6388854980469
Density Loss 386.8477478027344
Density Loss 383.0404968261719
Density Loss 383.39959716796875
Density Loss 382.2398681640625
Density Loss 385.0808410644531
Density Loss 383.6293640136719
Density Loss 387.81597900390625
Density Loss 383.0584411621094
Density Loss 380.3427429199219
Density Loss 389.07440185546875
Density Loss 389.97662353515625
Density Loss 381.3855895996094
Density Loss 387.4439392089844
Density Loss 387.79779052734375
Density Loss 386.61444091796875
Density Loss 384.97723388671875
Density Loss 382.8312683105469
Density Loss 382.379150390625
Density Loss 382.3049621582031
Density Loss 387.4993591308594
Density Loss 378.8349609375
Density Loss 383.22412109375
Density Loss 383.00494384765625
Density Loss 383.2746276855469
Density Loss 382.4358825683594
Density Loss 382.8508605957031
Density Loss 386.5405578613281
Density Loss 387.8135070800781
Density Loss 382.8583984375
Density Loss 382.9171142578125
Density Loss 383.74151611328125
Density Loss 377.2167053222656
Density Loss 380.8318786621094
Density Loss 377.5100402832031
Density Loss 383.981201171875
Density Loss 382.6104736328125
Density Loss 378.60174560546875
Density Loss 384.7445068359375
Density Loss 388.6112365722656
Density Loss 384.71514892578125
Density Loss 380.4203796386719
Density Loss 386.5013427734375
Density Loss 378.2715148925781
Density Loss 388.2983093261719
Density Loss 385.21875
Density Loss 389.3411865234375
Density Loss 382.80572509765625
Density Loss 388.3103942871094
Density Loss 388.31103515625
Density Loss 389.3924560546875
Density Loss 386.57318115234375
Density Loss 390.21221923828125
Density Loss 385.37164306640625
Density Loss 388.3187561035156
Density Loss 381.31158447265625
Density Loss 382.6824645996094
Density Loss 387.4937438964844
Density Loss 382.37884521484375
Density Loss 382.8832702636719
Density Loss 385.31005859375
Density Loss 386.2815246582031
Density Loss 385.2388000488281
Density Loss 382.4774169921875
Density Loss 385.49102783203125
Density Loss 384.4779052734375
Density Loss 380.96728515625
Density Loss 382.38897705078125
Density Loss 384.4248046875
Density Loss 387.46240234375
Density Loss 387.0579833984375
Density Loss 387.6950988769531
Density Loss 384.6993408203125
Density Loss 384.0009460449219
Density Loss 386.83721923828125
Density Loss 382.035400390625
Density Loss 383.8590393066406
Density Loss 388.15093994140625
Density Loss 386.0126953125
Density Loss 384.42730712890625
Density Loss 387.6055908203125
Density Loss 384.6029357910156
Density Loss 385.4483947753906
Density Loss 381.6381530761719
Density Loss 384.95880126953125
Density Loss 382.275634765625
Density Loss 383.7015075683594
Density Loss 388.4018249511719
Density Loss 385.3631896972656
Density Loss 385.4238586425781
Density Loss 387.7718200683594
Density Loss 383.24774169921875
Density Loss 386.0998229980469
Density Loss 384.0750427246094
Density Loss 387.0883483886719
Density Loss 389.6365966796875
Density Loss 385.75579833984375
Density Loss 380.4281921386719
Density Loss 387.7984619140625
Density Loss 382.9909362792969
Density Loss 382.4051513671875
Density Loss 384.9693603515625
Density Loss 392.8566589355469
Density Loss 382.768310546875
Density Loss 383.6545104980469
Density Loss 386.8169860839844
Density Loss 380.5187072753906
Density Loss 384.65228271484375
Density Loss 384.9401550292969
Density Loss 386.3783874511719
Density Loss 382.006103515625
Density Loss 391.600830078125
Density Loss 382.93292236328125
Density Loss 382.7343444824219
Density Loss 389.41143798828125
Density Loss 381.1322326660156
Density Loss 392.1744689941406
Density Loss 381.5321044921875
Density Loss 383.0995178222656
Density Loss 380.2409973144531
Density Loss 384.4425354003906
Density Loss 386.8614196777344
Density Loss 388.2808837890625
Density Loss 383.92498779296875
Density Loss 382.6741027832031
Density Loss 385.3171081542969
Density Loss 383.5573425292969
Density Loss 382.78167724609375
Density Loss 386.08294677734375
Density Loss 384.8955078125
Density Loss 383.033203125
Density Loss 387.59808349609375
Density Loss 388.44287109375
Density Loss 387.4237976074219
Density Loss 388.7998352050781
Density Loss 383.2192687988281
Density Loss 385.98333740234375
Density Loss 389.6809387207031
Density Loss 387.2980651855469
Density Loss 385.0001525878906
Density Loss 385.6990051269531
Density Loss 390.7409973144531
Density Loss 382.3542175292969
Density Loss 382.9876708984375
Density Loss 388.4285583496094
Density Loss 387.6621398925781
Density Loss 383.6149597167969
Density Loss 385.5865478515625
Density Loss 386.2245788574219
Density Loss 385.9679870605469
Density Loss 384.9619140625
Density Loss 387.5503845214844
Density Loss 384.9512023925781
Density Loss 387.2567443847656
Density Loss 384.650390625
Density Loss 389.41290283203125
Density Loss 383.89276123046875
Density Loss 387.5126037597656
Density Loss 383.5906982421875
Density Loss 387.7372741699219
Density Loss 391.14434814453125
Density Loss 388.11114501953125
Density Loss 383.283203125
Density Loss 386.8556823730469
Density Loss 383.5762634277344
Density Loss 383.94171142578125
Density Loss 382.9522399902344
Density Loss 385.91717529296875
Density Loss 381.5561828613281
Density Loss 379.7039794921875
Density Loss 385.8092041015625
Density Loss 384.9386291503906
Density Loss 384.97015380859375
Density Loss 386.2952575683594
Density Loss 385.4356994628906
Density Loss 386.5888671875
Density Loss 390.0353088378906
Density Loss 383.08624267578125
Density Loss 386.1893615722656
Density Loss 390.5230712890625
Density Loss 389.348388671875
Density Loss 387.3733825683594
Density Loss 386.7063903808594
Density Loss 382.9090576171875
Density Loss 386.7439880371094
Density Loss 384.40081787109375
Density Loss 384.8310852050781
Density Loss 386.7125244140625
Density Loss 390.4029846191406
Density Loss 386.0771789550781
Density Loss 386.50360107421875
Density Loss 389.735107421875
Density Loss 386.09271240234375
Density Loss 382.8160400390625
Density Loss 386.0111083984375
Density Loss 380.76318359375
Density Loss 382.45062255859375
Density Loss 386.1974182128906
Density Loss 386.83343505859375
Density Loss 385.76513671875
Density Loss 393.4198303222656
Density Loss 385.6633605957031
Density Loss 384.0799865722656
Density Loss 385.4034423828125
Density Loss 388.02227783203125
Density Loss 386.9316711425781
Density Loss 387.2087097167969
Density Loss 385.30902099609375
Density Loss 382.2756042480469
Density Loss 385.20648193359375
Density Loss 385.5470275878906
Density Loss 388.6463928222656
Density Loss 391.8123779296875
Density Loss 390.5696716308594
Density Loss 386.5287170410156
Density Loss 388.20758056640625
Density Loss 387.31036376953125
Density Loss 387.0569763183594
Density Loss 391.5355224609375
Density Loss 389.6195068359375
Density Loss 388.83856201171875
Density Loss 387.7377624511719
Density Loss 385.96087646484375
Density Loss 382.5176696777344
Density Loss 388.0151062011719
Density Loss 385.25726318359375
Density Loss 387.435546875
Density Loss 383.824462890625
Density Loss 382.9403076171875
Density Loss 387.197509765625
Density Loss 387.358154296875
Density Loss 383.62237548828125
Density Loss 386.23321533203125
Density Loss 383.1260681152344
Density Loss 390.6891174316406
Density Loss 386.6177062988281
Density Loss 390.35943603515625
Density Loss 384.67486572265625
Density Loss 385.2656555175781
Density Loss 382.5663757324219
Density Loss 386.2846374511719
Density Loss 388.51171875
Density Loss 381.4225769042969
Density Loss 383.4576721191406
Density Loss 391.0350341796875
Density Loss 385.9560852050781
Density Loss 384.6371154785156
Density Loss 383.9459533691406
Density Loss 391.07586669921875
Density Loss 385.77227783203125
Density Loss 391.75262451171875
Density Loss 388.6631774902344
Density Loss 385.3987121582031
Density Loss 386.5868835449219
Density Loss 383.030517578125
Density Loss 387.2431640625
Density Loss 386.1725769042969
Density Loss 384.39166259765625
Density Loss 388.4754333496094
Density Loss 384.8013610839844
Density Loss 387.87982177734375
Density Loss 386.03533935546875
Density Loss 389.6371154785156
Density Loss 383.99462890625
Density Loss 387.97967529296875
Density Loss 389.1492614746094
Density Loss 386.8052673339844
Density Loss 388.023193359375
Density Loss 386.1195068359375
Density Loss 386.8562316894531
Density Loss 390.20965576171875
Density Loss 390.3880615234375
Density Loss 387.9112854003906
Density Loss 387.3603820800781
Density Loss 393.8297119140625
Density Loss 386.4474792480469
Density Loss 386.32421875
Density Loss 388.91595458984375
Density Loss 389.1419982910156
Density Loss 394.4911804199219
Density Loss 386.2002258300781
Density Loss 383.0384826660156
Density Loss 386.9944763183594
Density Loss 386.88006591796875
Density Loss 388.768798828125
Density Loss 387.47552490234375
Density Loss 387.7259216308594
Density Loss 389.84375
Density Loss 386.5009765625
Density Loss 386.2727355957031
Density Loss 387.607421875
Density Loss 383.7653503417969
Density Loss 384.65338134765625
Density Loss 386.83392333984375
Density Loss 385.4425354003906
Density Loss 391.3155517578125
Density Loss 384.7527160644531
Density Loss 388.7980041503906
Density Loss 387.34307861328125
Density Loss 385.3916015625
Density Loss 387.33758544921875
Density Loss 386.725830078125
Density Loss 384.0297546386719
Density Loss 385.4535217285156
Density Loss 389.0224609375
Density Loss 386.9216003417969
Density Loss 386.623779296875
Density Loss 382.43267822265625
Density Loss 391.8818359375
Density Loss 387.0513000488281
Density Loss 387.0393371582031
Density Loss 386.8758239746094
Density Loss 388.99847412109375
Density Loss 383.2884826660156
Density Loss 385.38031005859375
Density Loss 391.5162353515625
Density Loss 389.31488037109375
Density Loss 389.7430419921875
Density Loss 389.5109558105469
Density Loss 383.9537353515625
Density Loss 385.3499450683594
Density Loss 384.5732727050781
Density Loss 387.22222900390625
Density Loss 382.39794921875
Density Loss 389.9877624511719
Density Loss 390.0660705566406
Density Loss 390.1845397949219
Density Loss 387.38507080078125
Density Loss 384.25738525390625
Density Loss 387.20758056640625
Density Loss 390.5230712890625
Density Loss 388.2723083496094
Density Loss 386.18939208984375
Density Loss 386.6528625488281
Density Loss 382.4742736816406
Density Loss 383.17669677734375
Density Loss 387.5663757324219
Density Loss 385.4795837402344
Density Loss 392.64398193359375
Density Loss 386.8016357421875
Density Loss 385.654296875
Density Loss 386.8885803222656
Density Loss 386.5298156738281
Density Loss 385.31951904296875
Density Loss 388.8541564941406
Density Loss 382.6800842285156
Density Loss 391.4609069824219
Density Loss 383.1607971191406
Density Loss 385.7631530761719
Density Loss 389.2061767578125
Density Loss 388.1895751953125
Density Loss 388.3219909667969
Density Loss 386.4916687011719
Density Loss 386.6828308105469
Density Loss 384.3240661621094
Density Loss 388.9597473144531
Density Loss 385.7586364746094
Density Loss 389.1324768066406
Density Loss 392.59490966796875
Density Loss 393.4393005371094
Density Loss 387.0454406738281
Density Loss 387.8828430175781
Density Loss 392.8594970703125
Density Loss 387.1021423339844
Density Loss 386.97857666015625
Density Loss 387.8789978027344
Density Loss 387.7957458496094
Density Loss 389.83160400390625
Density Loss 389.6433410644531
Density Loss 390.8794250488281
Density Loss 385.5815124511719
Density Loss 386.41497802734375
Density Loss 387.9650573730469
Density Loss 387.701416015625
Density Loss 392.736083984375
Density Loss 386.61920166015625
Density Loss 391.4927978515625
Density Loss 386.77655029296875
Density Loss 384.75750732421875
Density Loss 383.7796630859375
Density Loss 387.0623779296875
Density Loss 389.3720397949219
Density Loss 392.7460021972656
Density Loss 385.2295227050781
Density Loss 383.88201904296875
Density Loss 386.5730285644531
Density Loss 389.4825439453125
Density Loss 391.3767395019531
Density Loss 390.15576171875
Density Loss 389.3881530761719
Density Loss 391.9734802246094
Density Loss 393.31732177734375
Density Loss 393.0322570800781
Density Loss 384.5960693359375
Density Loss 388.3794250488281
Density Loss 392.4629211425781
Density Loss 383.4126281738281
Density Loss 388.20648193359375
Density Loss 386.6021423339844
Density Loss 392.80535888671875
Density Loss 384.2638244628906
Density Loss 392.2772216796875
Density Loss 388.8330383300781
Density Loss 387.7276306152344
Density Loss 388.71331787109375
Density Loss 389.4331970214844
Density Loss 391.35211181640625
Density Loss 388.0126647949219
Density Loss 392.16522216796875
Density Loss 391.4949035644531
Density Loss 391.44781494140625
Density Loss 391.02001953125
Density Loss 388.8338317871094
Density Loss 387.96807861328125
Density Loss 387.4555358886719
Density Loss 389.90557861328125
Density Loss 388.4327392578125
Density Loss 393.35430908203125
Density Loss 388.9686279296875
Density Loss 388.1614990234375
Density Loss 387.8271484375
Density Loss 386.21246337890625
Density Loss 390.9640808105469
Density Loss 390.63623046875
Density Loss 390.792724609375
Density Loss 388.16082763671875
Density Loss 388.0055236816406
Density Loss 389.0951843261719
Density Loss 391.3335876464844
Density Loss 389.9720764160156
Density Loss 385.17047119140625
Density Loss 394.8883056640625
Density Loss 386.4383239746094
Density Loss 389.6677551269531
Density Loss 392.2059020996094
Density Loss 392.523193359375
Density Loss 394.02337646484375
Density Loss 387.32061767578125
Density Loss 389.3180847167969
Density Loss 389.8673400878906
Density Loss 392.3446350097656
Density Loss 387.8399353027344
Density Loss 389.1041564941406
Density Loss 386.6667785644531
Density Loss 391.5715026855469
Density Loss 389.8213806152344
Density Loss 387.2205505371094
Density Loss 391.532470703125
Density Loss 386.5413513183594
Density Loss 387.89727783203125
Density Loss 390.4822692871094
Density Loss 395.8684997558594
Density Loss 384.4433898925781
Density Loss 390.99114990234375
Density Loss 385.3203430175781
Density Loss 385.536865234375
Density Loss 389.500244140625
Density Loss 385.3667907714844
Density Loss 387.5115966796875
Density Loss 389.0462341308594
Density Loss 388.5986633300781
Density Loss 387.80072021484375
Density Loss 389.3978271484375
Density Loss 392.00079345703125
Density Loss 392.7510986328125
Density Loss 386.3849182128906
Density Loss 390.5513916015625
Density Loss 389.30645751953125
Density Loss 389.59271240234375
Density Loss 392.1793212890625
Density Loss 388.6982421875
Density Loss 389.2940673828125
Density Loss 390.3816833496094
Density Loss 389.0349426269531
Density Loss 389.2190246582031
Density Loss 394.7689514160156
Density Loss 391.2535095214844
Density Loss 390.9640808105469
Density Loss 393.1768798828125
Density Loss 388.0309753417969
Density Loss 392.2058410644531
Density Loss 390.6299133300781
Density Loss 395.7299499511719
Density Loss 391.37261962890625
Density Loss 384.04534912109375
Density Loss 390.853759765625
Density Loss 388.6772766113281
Density Loss 389.331298828125
Density Loss 389.365478515625
Density Loss 384.3315124511719
Density Loss 388.01611328125
Density Loss 393.4620666503906
Density Loss 392.77447509765625
Density Loss 388.192138671875
Density Loss 387.6266784667969
Density Loss 391.4947814941406
Density Loss 387.4972229003906
Density Loss 391.8229064941406
Density Loss 388.0853576660156
Density Loss 389.736083984375
Density Loss 392.90325927734375
Density Loss 388.2313232421875
Density Loss 387.01080322265625
Density Loss 388.6741638183594
Density Loss 386.1755065917969
Density Loss 381.84661865234375
Density Loss 389.59271240234375
Density Loss 390.72955322265625
Density Loss 387.7659912109375
Density Loss 394.01904296875
Density Loss 383.9285583496094
Density Loss 391.09405517578125
Density Loss 389.0271911621094
Density Loss 389.3827209472656
Density Loss 384.6023864746094
Density Loss 389.8486633300781
Density Loss 386.7359924316406
Density Loss 386.00213623046875
Density Loss 391.5435791015625
Density Loss 391.2042236328125
Density Loss 391.2474670410156
Density Loss 395.1706848144531
Density Loss 387.3026428222656
Density Loss 386.21710205078125
Density Loss 391.78839111328125
Density Loss 389.017578125
Density Loss 390.0675964355469
Density Loss 393.66607666015625
Density Loss 387.9862976074219
Density Loss 389.01422119140625
Density Loss 386.9254150390625
Density Loss 393.0718994140625
Density Loss 388.92919921875
Density Loss 387.1659240722656
Density Loss 390.64752197265625
Density Loss 390.9268798828125
Density Loss 392.3685607910156
Density Loss 393.1106262207031
Density Loss 387.9156188964844
Density Loss 389.7532958984375
Density Loss 392.7429504394531
Density Loss 392.2384033203125
Density Loss 390.4040832519531
Density Loss 390.9666748046875
Density Loss 383.52587890625
Density Loss 385.1615905761719
Density Loss 387.71759033203125
Density Loss 392.8052673339844
Density Loss 386.9083557128906
Density Loss 390.69854736328125
Density Loss 387.7673645019531
Density Loss 388.5668640136719
Density Loss 395.02581787109375
Density Loss 393.4549865722656
Density Loss 393.0813903808594
Density Loss 390.6203918457031
Density Loss 389.4515380859375
Density Loss 386.53411865234375
Density Loss 386.6803894042969
Density Loss 391.97430419921875
Density Loss 387.8412780761719
Density Loss 389.1647033691406
Density Loss 387.3592834472656
Density Loss 388.1114196777344
Density Loss 388.65673828125
Density Loss 391.4211120605469
Density Loss 389.83099365234375
Density Loss 394.5999450683594
Density Loss 390.0520324707031
Density Loss 390.8892822265625
Density Loss 394.0428771972656
Density Loss 386.97222900390625
Density Loss 399.30535888671875
Density Loss 387.47967529296875
Density Loss 393.86279296875
Density Loss 390.09228515625
Density Loss 390.3933410644531
Density Loss 385.063720703125
Density Loss 389.5796813964844
Density Loss 386.7376708984375
Density Loss 388.148681640625
Density Loss 389.1466369628906
Density Loss 391.4129943847656
Density Loss 386.6409606933594
Density Loss 392.716552734375
Density Loss 392.16790771484375
Density Loss 395.582763671875
Density Loss 389.0533447265625
Density Loss 386.43914794921875
Density Loss 390.4622802734375
Density Loss 392.3128662109375
Density Loss 389.7422180175781
Density Loss 388.72454833984375
Density Loss 388.0959167480469
Density Loss 389.914306640625
Density Loss 397.2071228027344
Density Loss 395.3175964355469
Density Loss 391.4795227050781
Density Loss 393.4154357910156
Density Loss 390.29925537109375
Density Loss 387.7965393066406
Density Loss 389.3392639160156
Density Loss 390.4857482910156
Density Loss 388.1839904785156
Density Loss 389.8662414550781
Density Loss 388.63543701171875
Density Loss 390.8016357421875
Density Loss 392.26971435546875
Density Loss 393.470458984375
Density Loss 386.4088439941406
Density Loss 395.0473937988281
Density Loss 388.3981628417969
Density Loss 392.5865173339844
Density Loss 390.7765808105469
Density Loss 390.6919860839844
Density Loss 390.36309814453125
Density Loss 391.9544982910156
Density Loss 389.3211975097656
Density Loss 392.3739929199219
Density Loss 389.65771484375
Density Loss 389.054443359375
Density Loss 385.19659423828125
Density Loss 396.6819763183594
Density Loss 393.0153503417969
Density Loss 390.9210205078125
Density Loss 388.0743408203125
Density Loss 392.9257507324219
Density Loss 392.9169616699219
Density Loss 390.7839050292969
Density Loss 389.8562316894531
Density Loss 392.0940246582031
Density Loss 389.32421875
Density Loss 389.8741149902344
Density Loss 390.50701904296875
Density Loss 393.140869140625
Density Loss 395.21905517578125
Density Loss 396.5631103515625
Density Loss 391.636962890625
Density Loss 390.8600158691406
Density Loss 390.7111511230469
Density Loss 396.8587951660156
Density Loss 387.8013610839844
Density Loss 389.8257751464844
Density Loss 391.8503112792969
Density Loss 392.45184326171875
Density Loss 394.5447082519531
Density Loss 390.9394226074219
Density Loss 389.470947265625
Density Loss 392.77496337890625
Density Loss 385.7164306640625
Density Loss 389.3057556152344
Density Loss 395.80438232421875
Density Loss 391.0321350097656
Density Loss 391.8859558105469
Density Loss 390.04693603515625
Density Loss 390.6157531738281
Density Loss 390.1799011230469
Density Loss 389.7082824707031
Density Loss 395.9190673828125
Density Loss 389.0890808105469
Density Loss 390.2987976074219
Density Loss 389.36474609375
Density Loss 391.29046630859375
Density Loss 393.2388000488281
Density Loss 391.04827880859375
Density Loss 390.5677490234375
Density Loss 388.4669494628906
Density Loss 386.43231201171875
Density Loss 394.7603454589844
Density Loss 392.2195129394531
Density Loss 391.2489929199219
Density Loss 390.5005798339844
Density Loss 393.84210205078125
Density Loss 393.3045959472656
Density Loss 388.4396667480469
Density Loss 392.417724609375
Density Loss 387.6497802734375
Density Loss 395.1380310058594
Density Loss 391.0870361328125
Density Loss 394.5368957519531
Density Loss 390.93267822265625
Density Loss 390.701904296875
Density Loss 395.2542419433594
Density Loss 391.9804382324219
Density Loss 394.4845886230469
Density Loss 391.26885986328125
Density Loss 392.51690673828125
Density Loss 390.1771240234375
Density Loss 389.29022216796875
Density Loss 393.36102294921875
Density Loss 391.6461486816406
Density Loss 390.28173828125
Density Loss 389.3971862792969
Density Loss 388.9452819824219
Density Loss 388.60626220703125
Density Loss 392.65948486328125
Density Loss 395.7478332519531
Density Loss 391.7743225097656
Density Loss 386.7828674316406
Density Loss 388.9273376464844
Density Loss 390.0155029296875
Density Loss 392.0059814453125
Density Loss 397.2882385253906
Density Loss 391.55670166015625
Density Loss 391.0470275878906
Density Loss 390.8737487792969
Density Loss 394.5039978027344
Density Loss 391.4559020996094
Density Loss 390.1661376953125
Density Loss 391.8765563964844
Density Loss 397.29937744140625
Density Loss 388.35662841796875
Density Loss 395.99334716796875
Density Loss 390.4430236816406
Density Loss 386.67291259765625
Density Loss 396.48101806640625
Density Loss 394.80902099609375
Density Loss 388.3463134765625
Density Loss 397.1824035644531
Density Loss 393.4795837402344
Density Loss 390.0501403808594
Density Loss 393.4183044433594
Density Loss 384.5668640136719
Density Loss 393.0822448730469
Density Loss 390.6429443359375
Density Loss 394.773193359375
Density Loss 392.2555847167969
Density Loss 391.7349548339844
Density Loss 391.80780029296875
Density Loss 391.3189392089844
Density Loss 393.4468994140625
Density Loss 395.7148742675781
Density Loss 388.6287841796875
Density Loss 394.35406494140625
Density Loss 392.07080078125
Density Loss 395.7660827636719
Density Loss 392.7383117675781
Density Loss 391.2666320800781
Density Loss 392.66632080078125
Density Loss 387.9415588378906
Density Loss 394.1319580078125
Density Loss 389.02294921875
Density Loss 391.0619812011719
Density Loss 391.7043762207031
Density Loss 391.7033996582031
Density Loss 391.966796875
Density Loss 394.479736328125
Density Loss 395.46478271484375
Density Loss 394.046630859375
Density Loss 397.3902587890625
Density Loss 391.9149475097656
Density Loss 391.77447509765625
Density Loss 391.252197265625
Density Loss 390.3062438964844
Density Loss 388.09814453125
Density Loss 387.44427490234375
Density Loss 396.77154541015625
Density Loss 392.53765869140625
Density Loss 392.29974365234375
Density Loss 393.0083923339844
Density Loss 390.20654296875
Density Loss 394.5322570800781
Density Loss 386.02850341796875
Density Loss 389.0933532714844
Density Loss 391.57110595703125
Density Loss 392.696044921875
Density Loss 393.6222229003906
Density Loss 397.6587829589844
Density Loss 388.76983642578125
Density Loss 397.3673400878906
Density Loss 388.8693542480469
Density Loss 397.99554443359375
Density Loss 391.4407958984375
Density Loss 396.54302978515625
Density Loss 400.4936828613281
Density Loss 394.41571044921875
Density Loss 393.7222595214844
Density Loss 394.5726318359375
Density Loss 396.4573059082031
Density Loss 396.9256286621094
Density Loss 390.9765930175781
Density Loss 396.7611999511719
Density Loss 397.5262451171875
Density Loss 394.2814025878906
Density Loss 394.2625427246094
Density Loss 393.4105529785156
Density Loss 393.8312683105469
Density Loss 391.1392822265625
Density Loss 390.0259094238281
Density Loss 395.48626708984375
Density Loss 389.37640380859375
Density Loss 394.0009460449219
Density Loss 392.5948181152344
Density Loss 391.4421081542969
Density Loss 390.35357666015625
Density Loss 394.9355163574219
Density Loss 390.509521484375
Density Loss 396.34991455078125
Density Loss 391.58111572265625
Density Loss 393.1612548828125
Density Loss 390.789794921875
Density Loss 391.79150390625
Density Loss 389.70184326171875
Density Loss 392.7555236816406
Density Loss 387.12237548828125
Density Loss 393.52783203125
Density Loss 390.9929504394531
Density Loss 392.7082214355469
Density Loss 395.046630859375
Density Loss 395.436279296875
Density Loss 390.061279296875
Density Loss 393.355224609375
Density Loss 390.8939208984375
Density Loss 397.0965576171875
Density Loss 393.6649475097656
Density Loss 390.20867919921875
Density Loss 393.67120361328125
Density Loss 392.7682800292969
Density Loss 393.1622619628906
Density Loss 393.20574951171875
Density Loss 392.0513610839844
Density Loss 390.5302429199219
Density Loss 396.63909912109375
Density Loss 388.3692626953125
Density Loss 391.4062805175781
Density Loss 394.6244812011719
Density Loss 393.98712158203125
Density Loss 395.8050842285156
Density Loss 395.5173645019531
Density Loss 399.4775390625
Density Loss 393.9425964355469
Density Loss 396.1730651855469
Density Loss 398.3258972167969
Density Loss 395.1255798339844
Density Loss 392.2578430175781
Density Loss 390.5594177246094
Density Loss 390.6353454589844
Density Loss 390.86590576171875
Density Loss 397.2232666015625
Density Loss 394.2504577636719
Density Loss 390.49658203125
Density Loss 392.2067565917969
Density Loss 394.3443603515625
Density Loss 391.7945861816406
Density Loss 392.1004638671875
Density Loss 391.9048156738281
Density Loss 395.2024841308594
Density Loss 395.6288757324219
Density Loss 398.640869140625
Density Loss 392.1669006347656
Density Loss 393.461669921875
Density Loss 394.0851135253906
Density Loss 393.3905029296875
Density Loss 399.4908447265625
Density Loss 393.42730712890625
Density Loss 391.1878967285156
Density Loss 395.1929931640625
Density Loss 390.41546630859375
Density Loss 396.68756103515625
Density Loss 394.4976806640625
Density Loss 389.98211669921875
Density Loss 397.40936279296875
Density Loss 394.0654602050781
Density Loss 399.178466796875
Density Loss 394.918701171875
Density Loss 393.2034606933594
Density Loss 393.2500305175781
Density Loss 395.2614440917969
Density Loss 393.1335754394531
Density Loss 392.45526123046875
Density Loss 390.5418395996094
Density Loss 395.57159423828125
Density Loss 392.36773681640625
Density Loss 390.9855041503906
Density Loss 397.8533630371094
Density Loss 397.7826232910156
Density Loss 396.12982177734375
Density Loss 393.26318359375
Density Loss 396.8907775878906
Density Loss 390.38262939453125
Density Loss 394.3166198730469
Density Loss 392.8332824707031
Density Loss 394.20135498046875
Density Loss 395.7790222167969
Density Loss 395.5810852050781
Density Loss 395.0042419433594
Density Loss 395.35150146484375
Density Loss 393.57525634765625
Density Loss 393.07781982421875
Density Loss 396.1726989746094
Density Loss 393.32855224609375
Density Loss 393.78302001953125
Density Loss 396.7084045410156
Density Loss 395.84259033203125
Density Loss 397.6883544921875
Density Loss 397.35736083984375
Density Loss 390.3159484863281
Density Loss 393.6219787597656
Density Loss 398.0362243652344
Density Loss 394.8506164550781
Density Loss 395.2928771972656
Density Loss 394.8117370605469
Density Loss 394.404541015625
Density Loss 391.6412353515625
Density Loss 398.4945373535156
Density Loss 400.3379821777344
Density Loss 389.98382568359375
Density Loss 390.2137451171875
Density Loss 399.7771911621094
Density Loss 396.03955078125
Density Loss 394.2187805175781
Density Loss 396.5250244140625
Density Loss 399.414794921875
Density Loss 391.7467041015625
Density Loss 393.78375244140625
Density Loss 396.923095703125
Density Loss 393.7138977050781
Density Loss 399.1845397949219
Density Loss 397.7290344238281
Density Loss 395.7970275878906
Density Loss 392.68438720703125
Density Loss 393.6540832519531
Density Loss 396.2261047363281
Density Loss 394.0910949707031
Density Loss 394.1315002441406
Density Loss 399.4544677734375
Density Loss 395.55450439453125
Density Loss 392.36431884765625
Density Loss 392.1094970703125
Density Loss 396.11566162109375
Density Loss 397.1631164550781
Density Loss 401.8277893066406
Density Loss 396.2216796875
Density Loss 392.182861328125
Density Loss 397.61224365234375
Density Loss 395.0058288574219
Density Loss 393.1291198730469
Density Loss 393.4059143066406
Density Loss 391.8020324707031
Density Loss 392.5719909667969
Density Loss 397.7237548828125
Density Loss 401.7021484375
Density Loss 391.8258972167969
Density Loss 393.51898193359375
Density Loss 398.0732727050781
Density Loss 394.8163146972656
Density Loss 394.5121765136719
Density Loss 399.9115905761719
Density Loss 395.02166748046875
Density Loss 394.585205078125
Density Loss 390.8993835449219
Density Loss 392.4227600097656
Density Loss 392.5302429199219
Density Loss 393.0025634765625
Density Loss 394.352294921875
Density Loss 395.4579162597656
Density Loss 393.13934326171875
Density Loss 390.9548034667969
Density Loss 397.3943786621094
Density Loss 392.4415588378906
Density Loss 398.4578552246094
Density Loss 396.31719970703125
Density Loss 395.4762268066406
Density Loss 395.9376220703125
Density Loss 397.6540832519531
Density Loss 394.4785461425781
Density Loss 395.579833984375
Density Loss 399.3863525390625
Density Loss 399.2427062988281
Density Loss 396.7212829589844
Density Loss 395.1494445800781
Density Loss 397.18060302734375
Density Loss 396.7608642578125
Density Loss 398.0443115234375
Density Loss 393.0296325683594
Density Loss 394.4752197265625
Density Loss 394.16888427734375
Density Loss 391.4560241699219
Density Loss 390.582763671875
Density Loss 395.3099365234375
Density Loss 394.9368591308594
Density Loss 392.399658203125
Density Loss 392.0773010253906
Density Loss 393.5457458496094
Density Loss 392.4649353027344
Density Loss 393.9355773925781
Density Loss 392.7373352050781
Density Loss 396.87957763671875
Density Loss 391.8623962402344
Density Loss 391.6511535644531
Density Loss 395.54302978515625
Density Loss 396.31475830078125
Density Loss 397.1856689453125
Density Loss 396.74578857421875
Density Loss 392.2403869628906
Density Loss 394.5115966796875
Density Loss 397.5596618652344
Density Loss 396.2834167480469
Density Loss 395.2200622558594
Density Loss 399.1947021484375
Density Loss 397.7557373046875
Density Loss 392.1107482910156
Density Loss 399.6844787597656
Density Loss 395.0757751464844
Density Loss 394.6990966796875
Density Loss 400.117919921875
Density Loss 394.7339172363281
Density Loss 394.42999267578125
Density Loss 394.04254150390625
Density Loss 395.6950378417969
Density Loss 393.330322265625
Density Loss 399.4339904785156
Density Loss 396.14959716796875
Density Loss 392.9288024902344
Density Loss 402.79620361328125
Density Loss 393.4678955078125
Density Loss 395.54345703125
Density Loss 393.0204162597656
Density Loss 397.2850341796875
Density Loss 398.58349609375
Density Loss 393.46563720703125
Density Loss 394.7781982421875
Density Loss 398.5523986816406
Density Loss 396.3793029785156
Density Loss 396.4095764160156
Density Loss 396.63543701171875
Density Loss 395.4969177246094
Density Loss 389.1617431640625
Density Loss 392.2093200683594
Density Loss 398.3177795410156
Density Loss 395.8644714355469
Density Loss 393.50030517578125
Density Loss 400.17010498046875
Density Loss 394.2403869628906
Density Loss 397.0953063964844
Density Loss 392.357421875
Density Loss 391.3831787109375
Density Loss 397.7511901855469
Density Loss 398.9278259277344
Density Loss 393.4366760253906
Density Loss 397.03045654296875
Density Loss 395.39959716796875
Density Loss 396.71087646484375
Density Loss 395.07855224609375
Density Loss 394.16571044921875
Density Loss 391.3830261230469
Density Loss 396.03057861328125
Density Loss 390.86279296875
Density Loss 398.616455078125
Density Loss 403.1251220703125
Density Loss 394.9642333984375
Density Loss 394.7539978027344
Density Loss 395.8996276855469
Density Loss 400.0740966796875
Density Loss 398.1930847167969
Density Loss 395.75823974609375
Density Loss 394.4759826660156
Density Loss 396.9161071777344
Density Loss 394.3755798339844
Density Loss 397.095947265625
Density Loss 399.27447509765625
Density Loss 400.83306884765625
Density Loss 397.6145935058594
Density Loss 396.6232604980469
Density Loss 392.2685546875
Density Loss 396.19586181640625
Density Loss 398.423583984375
Density Loss 394.2967834472656
Density Loss 399.2599792480469
Density Loss 399.86590576171875
Density Loss 395.8755187988281
Density Loss 398.3744201660156
Density Loss 398.6984558105469
Density Loss 394.46832275390625
Density Loss 391.3673400878906
Density Loss 394.9250793457031
Density Loss 391.4075927734375
Density Loss 396.4375
Density Loss 397.33734130859375
Density Loss 396.61181640625
Density Loss 395.5317077636719
Density Loss 395.6773376464844
Density Loss 398.0895080566406
Density Loss 396.4046325683594
Density Loss 395.3034362792969
Density Loss 391.90704345703125
Density Loss 395.37030029296875
Density Loss 394.04345703125
Density Loss 396.2001647949219
Density Loss 391.9806213378906
Density Loss 399.5343933105469
Density Loss 398.55084228515625
Density Loss 391.7345886230469
Density Loss 397.40557861328125
Density Loss 396.00927734375
Density Loss 394.4532775878906
Density Loss 399.1836242675781
Density Loss 394.7921447753906
Density Loss 394.8831481933594
Density Loss 393.46600341796875
Density Loss 398.2223205566406
Density Loss 393.3419494628906
Density Loss 393.73095703125
Density Loss 401.89007568359375
Density Loss 395.65631103515625
Density Loss 397.4614562988281
Density Loss 401.2771911621094
Density Loss 399.7359619140625
Density Loss 398.929443359375
Density Loss 398.64630126953125
Density Loss 400.0843811035156
Density Loss 392.358154296875
Density Loss 394.0325622558594
Density Loss 397.8791198730469
Density Loss 397.16351318359375
Density Loss 399.1864013671875
Density Loss 393.8368225097656
Density Loss 396.8487854003906
Density Loss 394.60992431640625
Density Loss 396.8976745605469
Density Loss 397.4169616699219
Density Loss 396.7246398925781
Density Loss 399.2193603515625
Density Loss 395.1208190917969
Density Loss 397.05462646484375
Density Loss 397.1323547363281
Density Loss 395.2547912597656
Density Loss 396.3319091796875
Density Loss 397.3251953125
Density Loss 393.0581359863281
Density Loss 398.0306396484375
Density Loss 396.2127990722656
Density Loss 398.7784729003906
Density Loss 399.064697265625
Density Loss 399.7493896484375
Density Loss 397.7569885253906
Density Loss 396.14794921875
Density Loss 399.1972961425781
Density Loss 399.6899108886719
Density Loss 394.3047790527344
Density Loss 394.2920227050781
Density Loss 397.85491943359375
Density Loss 397.6478576660156
Density Loss 396.7904968261719
Density Loss 398.5619201660156
Density Loss 395.95574951171875
Density Loss 400.8148193359375
Density Loss 396.6805419921875
Density Loss 398.3018798828125
Density Loss 398.6811828613281
Density Loss 397.1914978027344
Density Loss 399.4072570800781
Density Loss 400.1121520996094
Density Loss 401.6738586425781
Density Loss 392.5753173828125
Density Loss 399.9463806152344
Density Loss 398.3284606933594
Density Loss 396.0652770996094
Density Loss 394.4971923828125
Density Loss 400.4571228027344
Density Loss 393.8626403808594
Density Loss 402.2991943359375
Density Loss 395.6336975097656
Density Loss 399.8751220703125
Density Loss 401.75445556640625
Density Loss 398.5153503417969
Density Loss 396.7684631347656
Density Loss 396.126220703125
Density Loss 399.735595703125
Density Loss 401.30328369140625
Density Loss 399.0323181152344
Density Loss 401.5230407714844
Density Loss 399.92059326171875
Density Loss 396.5556640625
Density Loss 399.33306884765625
Density Loss 398.0211181640625
Density Loss 395.24822998046875
Density Loss 395.58526611328125
Density Loss 393.3868408203125
Density Loss 395.2408447265625
Density Loss 396.17254638671875
Density Loss 393.3410949707031
Density Loss 397.1385192871094
Density Loss 395.8665466308594
Density Loss 396.77349853515625
Density Loss 395.6619873046875
Density Loss 391.923828125
Density Loss 397.01556396484375
Density Loss 395.6494445800781
Density Loss 393.1335144042969
Density Loss 396.5121765136719
Density Loss 404.0451354980469
Density Loss 397.0904846191406
Density Loss 394.7466735839844
Density Loss 395.0724792480469
Density Loss 394.9602966308594
Density Loss 395.32672119140625
Density Loss 399.65167236328125
Density Loss 398.4456787109375
Density Loss 396.995361328125
Density Loss 398.405029296875
Density Loss 399.9814147949219
Density Loss 395.5547790527344
Density Loss 400.4711608886719
Density Loss 394.1878356933594
Density Loss 398.9786376953125
Density Loss 400.92279052734375
Density Loss 395.122314453125
Density Loss 398.10467529296875
Density Loss 397.29254150390625
Density Loss 398.4790344238281
Density Loss 396.15447998046875
Density Loss 395.04534912109375
Density Loss 400.1067810058594
Density Loss 398.30950927734375
Density Loss 400.9277648925781
Density Loss 395.6538391113281
Density Loss 399.32574462890625
Density Loss 400.5184631347656
Density Loss 398.2728271484375
Density Loss 398.36114501953125
Density Loss 394.8607177734375
Density Loss 393.9544982910156
Density Loss 399.16302490234375
Density Loss 399.6671142578125
Density Loss 396.3080749511719
Density Loss 400.2088623046875
Density Loss 397.3775939941406
Density Loss 396.5931091308594
Density Loss 399.886962890625
Density Loss 400.90582275390625
Density Loss 398.98724365234375
Density Loss 395.2586975097656
Density Loss 397.69342041015625
Density Loss 396.58856201171875
Density Loss 400.7825622558594
Density Loss 393.6651916503906
Density Loss 395.1626281738281
Density Loss 397.6943054199219
Density Loss 401.40850830078125
Density Loss 399.0039978027344
Density Loss 398.093505859375
Density Loss 400.2303771972656
Density Loss 399.25677490234375
Density Loss 396.6763916015625
Density Loss 396.93505859375
Density Loss 398.6976013183594
Density Loss 396.1901550292969
Density Loss 397.1260681152344
Density Loss 402.2510986328125
Density Loss 401.5274353027344
Density Loss 399.5066833496094
Density Loss 393.32281494140625
Density Loss 398.12811279296875
Density Loss 401.7939147949219
Density Loss 394.3681640625
Density Loss 399.9098205566406
Density Loss 398.9826965332031
Density Loss 396.4271240234375
Density Loss 397.79144287109375
Density Loss 395.32843017578125
Density Loss 397.3779602050781
Density Loss 399.5338439941406
Density Loss 400.40374755859375
Density Loss 397.02191162109375
Density Loss 401.984375
Density Loss 398.31146240234375
Density Loss 402.9373779296875
Density Loss 399.6036682128906
Density Loss 399.3133850097656
Density Loss 402.1857604980469
Density Loss 397.3189392089844
Density Loss 399.0854187011719
Density Loss 402.8323974609375
Density Loss 396.60052490234375
Density Loss 396.6334228515625
Density Loss 401.6528625488281
Density Loss 398.8685607910156
Density Loss 398.79095458984375
Density Loss 399.8177490234375
Density Loss 400.83819580078125
Density Loss 397.3468322753906
Density Loss 396.4056396484375
Density Loss 396.82275390625
Density Loss 401.2998962402344
Density Loss 395.73583984375
Density Loss 400.0149230957031
Density Loss 398.38427734375
Density Loss 396.50750732421875
Density Loss 396.9089050292969
Density Loss 401.6753234863281
Density Loss 394.6210632324219
Density Loss 400.91290283203125
Density Loss 398.4404602050781
Density Loss 400.3733825683594
Density Loss 398.30230712890625
Density Loss 396.7721862792969
Density Loss 399.2538146972656
Density Loss 398.2965393066406
Density Loss 402.333984375
Density Loss 402.2254333496094
Density Loss 401.10760498046875
Density Loss 399.11358642578125
Density Loss 399.120361328125
Density Loss 397.1982421875
Density Loss 397.33294677734375
Density Loss 399.31024169921875
Density Loss 399.7867126464844
Density Loss 405.8462219238281
Density Loss 400.95574951171875
Density Loss 401.3961181640625
Density Loss 396.95806884765625
Density Loss 398.7603759765625
Density Loss 399.6236267089844
Density Loss 399.86676025390625
Density Loss 401.9640808105469
Density Loss 395.0176696777344
Density Loss 397.6859130859375
Density Loss 397.0791015625
Density Loss 398.812255859375
Density Loss 399.5825500488281
Density Loss 395.3436584472656
Density Loss 397.88421630859375
Density Loss 398.003662109375
Density Loss 399.7413635253906
Density Loss 398.17901611328125
Density Loss 397.5933532714844
Density Loss 395.232421875
Density Loss 398.11572265625
Density Loss 398.3919372558594
Density Loss 398.8155212402344
Density Loss 400.6084289550781
Density Loss 401.7801208496094
Density Loss 400.9331970214844
Density Loss 400.952880859375
Density Loss 398.4603576660156
Density Loss 400.5119934082031
Density Loss 397.6728210449219
Density Loss 393.19091796875
Density Loss 399.96502685546875
Density Loss 401.1254577636719
Density Loss 401.037841796875
Density Loss 398.7987976074219
Density Loss 401.3755798339844
Density Loss 399.8346252441406
Density Loss 395.0751953125
Density Loss 395.0544738769531
Density Loss 403.39306640625
Density Loss 400.740234375
Density Loss 402.5811462402344
Density Loss 402.8130187988281
Density Loss 403.400146484375
Density Loss 403.66656494140625
Density Loss 399.16021728515625
Density Loss 402.1944580078125
Density Loss 402.832275390625
Density Loss 398.7527770996094
Density Loss 398.6103210449219
Density Loss 400.19378662109375
Density Loss 398.3148193359375
Density Loss 397.1823425292969
Density Loss 399.1280822753906
Density Loss 402.1198425292969
Density Loss 398.1805419921875
Density Loss 403.0196228027344
Density Loss 397.07781982421875
Density Loss 396.4790344238281
Density Loss 402.1532287597656
Density Loss 399.8270263671875
Density Loss 401.1315002441406
Density Loss 395.8172607421875
Density Loss 390.7125549316406
Density Loss 394.83319091796875
Density Loss 401.0567932128906
Density Loss 401.2548828125
Density Loss 396.9526672363281
Density Loss 402.3471374511719
Density Loss 396.5284729003906
Density Loss 399.12469482421875
Density Loss 403.18896484375
Density Loss 401.1982421875
Density Loss 401.1631164550781
Density Loss 400.13519287109375
Density Loss 401.02801513671875
Density Loss 396.2803955078125
Density Loss 400.0243835449219
Density Loss 396.410400390625
Density Loss 401.4574279785156
Density Loss 400.384521484375
Density Loss 400.4007873535156
Density Loss 399.5738220214844
Density Loss 402.7246398925781
Density Loss 398.0187072753906
Density Loss 396.8489990234375
Density Loss 400.41534423828125
Density Loss 396.04266357421875
Density Loss 404.4071960449219
Density Loss 396.2082824707031
Density Loss 399.8536682128906
Density Loss 392.9268798828125
Density Loss 405.6678771972656
Density Loss 402.2008361816406
Density Loss 401.90081787109375
Density Loss 397.7998962402344
Density Loss 397.3773498535156
Density Loss 401.3197021484375
Density Loss 398.2870178222656
Density Loss 404.4127502441406
Density Loss 400.0338439941406
Density Loss 397.56109619140625
Density Loss 399.1026611328125
Density Loss 401.54229736328125
Density Loss 402.1453857421875
Density Loss 405.5215759277344
Density Loss 397.4501647949219
Density Loss 399.4239196777344
Density Loss 398.0411071777344
Density Loss 398.1847839355469
Density Loss 401.6435852050781
Density Loss 397.2265625
Density Loss 403.3719787597656
Density Loss 398.9331970214844
Density Loss 398.3800048828125
Density Loss 402.5885925292969
Density Loss 402.2415771484375
Density Loss 407.6456604003906
Density Loss 400.42193603515625
Density Loss 400.36102294921875
Density Loss 395.0220642089844
Density Loss 403.38336181640625
Density Loss 403.1214294433594
Density Loss 401.0328674316406
Density Loss 401.0905456542969
Density Loss 398.4935607910156
Density Loss 399.42822265625
Density Loss 397.158203125
Density Loss 394.9188232421875
Density Loss 403.0846252441406
Density Loss 403.9837646484375
Density Loss 398.21136474609375
Density Loss 404.62542724609375
Density Loss 400.12530517578125
Density Loss 400.30328369140625
Density Loss 399.70379638671875
Density Loss 399.30072021484375
Density Loss 400.4693603515625
Density Loss 404.1983947753906
Density Loss 402.67742919921875
Density Loss 406.4505615234375
Density Loss 400.8791809082031
Density Loss 401.4263000488281
Density Loss 403.9614562988281
Density Loss 396.2055969238281
Density Loss 400.9334411621094
Density Loss 402.012939453125
Density Loss 400.9133605957031
Density Loss 401.08587646484375
Density Loss 402.161376953125
Density Loss 404.9430236816406
Density Loss 399.3835144042969
Density Loss 400.1878967285156
Density Loss 398.2799072265625
Density Loss 400.9936218261719
Density Loss 399.4249572753906
Density Loss 398.6739807128906
Density Loss 398.1335754394531
Density Loss 403.4389953613281
Density Loss 398.43072509765625
Density Loss 403.5521240234375
Density Loss 401.6239929199219
Density Loss 407.8518371582031
Density Loss 404.0971984863281
Density Loss 401.127197265625
Density Loss 398.2388000488281
Density Loss 401.66888427734375
Density Loss 397.7071228027344
Density Loss 400.6654357910156
Density Loss 402.3111572265625
Density Loss 401.5597229003906
Density Loss 400.8780822753906
Density Loss 399.53082275390625
Density Loss 399.1805419921875
Density Loss 399.513671875
Density Loss 403.63043212890625
Density Loss 399.2043762207031
Density Loss 403.7524719238281
Density Loss 400.3332824707031
Density Loss 401.7620849609375
Density Loss 400.5497131347656
Density Loss 399.98681640625
Density Loss 398.4675598144531
Density Loss 398.95416259765625
Density Loss 402.4555969238281
Density Loss 398.9730224609375
Density Loss 401.30126953125
Density Loss 401.7935791015625
Density Loss 406.1540832519531
Density Loss 401.55096435546875
Density Loss 398.9423828125
Density Loss 400.4139099121094
Density Loss 397.5313415527344
Density Loss 399.2141418457031
Density Loss 403.4026184082031
Density Loss 401.8876647949219
Density Loss 397.7731018066406
Density Loss 401.5323791503906
Density Loss 402.9884033203125
Density Loss 399.40643310546875
Density Loss 399.4394226074219
Density Loss 400.0611877441406
Density Loss 400.4793395996094
Density Loss 400.8769226074219
Density Loss 396.6430969238281
Density Loss 400.06951904296875
Density Loss 405.1033630371094
Density Loss 399.4533386230469
Density Loss 402.8551025390625
Density Loss 404.63287353515625
Density Loss 399.7257385253906
Density Loss 398.9050598144531
Density Loss 400.99639892578125
Density Loss 400.7270202636719
Density Loss 403.1276550292969
Density Loss 395.0639953613281
Density Loss 406.2957458496094
Density Loss 399.1961364746094
Density Loss 404.38104248046875
Density Loss 398.0109558105469
Density Loss 397.3601379394531
Density Loss 405.8384704589844
Density Loss 400.5071105957031
Density Loss 403.8512268066406
Density Loss 401.2650146484375
Density Loss 400.9510803222656
Density Loss 401.7978820800781
Density Loss 401.9409484863281
Density Loss 403.1718444824219
Density Loss 401.75238037109375
Density Loss 405.4786682128906
Density Loss 404.89239501953125
Density Loss 397.27935791015625
Density Loss 404.13494873046875
Density Loss 401.85491943359375
Density Loss 406.03350830078125
Density Loss 406.3851623535156
Density Loss 403.9665222167969
Density Loss 400.05316162109375
Density Loss 397.63543701171875
Density Loss 404.4124755859375
Density Loss 404.4123229980469
Density Loss 404.1188659667969
Density Loss 402.272216796875
Density Loss 399.95416259765625
Density Loss 400.2692565917969
Density Loss 401.9010314941406
Density Loss 401.9497985839844
Density Loss 400.7993469238281
Density Loss 404.0524597167969
Density Loss 399.4078369140625
Density Loss 404.461669921875
Density Loss 403.2394714355469
Density Loss 403.3388366699219
Density Loss 402.94097900390625
Density Loss 402.3934631347656
Density Loss 400.3931884765625
Density Loss 403.203125
Density Loss 402.1612243652344
Density Loss 403.9785461425781
Density Loss 408.896484375
Density Loss 398.3548583984375
Density Loss 405.58734130859375
Density Loss 399.14508056640625
Density Loss 398.8943176269531
Density Loss 399.7162170410156
Density Loss 400.1636657714844
Density Loss 400.4129638671875
Density Loss 401.9859924316406
Density Loss 400.92138671875
Density Loss 398.6027526855469
Density Loss 401.8706970214844
Density Loss 401.45281982421875
Density Loss 398.3929443359375
Density Loss 406.5171203613281
Density Loss 397.7806396484375
Density Loss 408.00775146484375
Density Loss 402.4373779296875
Density Loss 407.150634765625
Density Loss 396.5932312011719
Density Loss 401.26702880859375
Density Loss 400.8938293457031
Density Loss 403.3995056152344
Density Loss 403.4930419921875
Density Loss 398.18206787109375
Density Loss 401.78839111328125
Density Loss 398.9283752441406
Density Loss 409.65216064453125
Density Loss 409.4609375
Density Loss 401.37005615234375
Density Loss 403.1647644042969
Density Loss 403.1127014160156
Density Loss 400.990234375
Density Loss 401.5977478027344
Density Loss 399.4815979003906
Density Loss 406.1341247558594
Density Loss 402.27496337890625
Density Loss 402.74261474609375
Density Loss 398.75848388671875
Density Loss 404.07928466796875
Density Loss 398.6397399902344
Density Loss 398.4815979003906
Density Loss 404.381103515625
Density Loss 403.70623779296875
Density Loss 400.8351135253906
Density Loss 407.4501647949219
Density Loss 395.401123046875
Density Loss 400.75701904296875
Density Loss 408.5103759765625
Density Loss 402.400390625
Density Loss 403.5503845214844
Density Loss 402.64874267578125
Density Loss 398.7486267089844
Density Loss 403.5573425292969
Density Loss 405.3634948730469
Density Loss 407.37353515625
Density Loss 404.2008972167969
Density Loss 406.7218017578125
Density Loss 402.9306335449219
Density Loss 399.4776306152344
Density Loss 402.0040588378906
Density Loss 403.1896667480469
Density Loss 402.8966979980469
Density Loss 400.315673828125
Density Loss 404.4819030761719
Density Loss 403.9044189453125
Density Loss 405.6902160644531
Density Loss 400.7588195800781
Density Loss 402.4266357421875
Density Loss 398.856201171875
Density Loss 401.2303771972656
Density Loss 407.4869384765625
Density Loss 400.5180969238281
Density Loss 400.9666748046875
Density Loss 399.64385986328125
Density Loss 403.680908203125
Density Loss 400.1353759765625
Density Loss 405.4902038574219
Density Loss 399.9054260253906
Density Loss 404.4531555175781
Density Loss 405.2557067871094
Density Loss 402.34197998046875
Density Loss 399.5072021484375
Density Loss 402.3816833496094
Density Loss 399.9783935546875
Density Loss 403.07623291015625
Density Loss 399.7896728515625
Density Loss 399.6607971191406
Density Loss 405.2319641113281
Density Loss 404.0354309082031
Density Loss 401.008056640625
Density Loss 402.4448547363281
Density Loss 404.1134338378906
Density Loss 405.1397399902344
Density Loss 401.1735534667969
Density Loss 405.3919982910156
Density Loss 403.77960205078125
Density Loss 401.26263427734375
Density Loss 401.27655029296875
Density Loss 406.22894287109375
Density Loss 400.90155029296875
Density Loss 401.7964172363281
Density Loss 397.013671875
Density Loss 405.41619873046875
Density Loss 403.2746276855469
Density Loss 401.13623046875
Density Loss 402.94354248046875
Density Loss 402.49639892578125
Density Loss 403.8352355957031
Density Loss 401.4206848144531
Density Loss 402.53424072265625
Density Loss 400.2427978515625
Density Loss 400.112060546875
Density Loss 400.7680358886719
Density Loss 402.2828674316406
Density Loss 403.43365478515625
Density Loss 404.138427734375
Density Loss 408.3253173828125
Density Loss 400.49072265625
Density Loss 406.935302734375
Density Loss 407.5827941894531
Density Loss 403.79754638671875
Density Loss 410.5395812988281
Density Loss 404.4079895019531
Density Loss 401.65118408203125
Density Loss 401.8841552734375
Density Loss 404.50225830078125
Density Loss 406.52935791015625
Density Loss 404.9703063964844
Density Loss 400.2127990722656
Density Loss 402.32440185546875
Density Loss 404.8829345703125
Density Loss 408.245361328125
Density Loss 404.5377197265625
Density Loss 403.0149841308594
Density Loss 406.012939453125
Density Loss 405.25982666015625
Density Loss 406.8379821777344
Density Loss 400.0110168457031
Density Loss 406.2614440917969
Density Loss 410.5921630859375
Density Loss 402.12286376953125
Density Loss 404.4591979980469
Density Loss 405.85137939453125
Density Loss 402.8315124511719
Density Loss 403.3674011230469
Density Loss 406.5435791015625
Density Loss 402.01641845703125
Density Loss 402.20025634765625
Density Loss 401.16485595703125
Density Loss 403.13134765625
Density Loss 402.4689636230469
Density Loss 401.2942810058594
Density Loss 404.02264404296875
Density Loss 408.65283203125
Density Loss 397.326904296875
Density Loss 398.634521484375
Density Loss 405.4994201660156
Density Loss 409.00482177734375
Density Loss 400.4567565917969
Density Loss 401.3945617675781
Density Loss 408.26495361328125
Density Loss 400.2380676269531
Density Loss 402.0399169921875
Density Loss 406.1501159667969
Density Loss 406.4728698730469
Density Loss 407.15093994140625
Density Loss 404.334716796875
Density Loss 404.7621154785156
Density Loss 400.1275939941406
Density Loss 403.9687194824219
Density Loss 403.2008972167969
Density Loss 402.600341796875
Density Loss 408.2584228515625
Density Loss 404.70806884765625
Density Loss 406.7865905761719
Density Loss 405.0726318359375
Density Loss 405.6601867675781
Density Loss 406.3092346191406
Density Loss 403.7554016113281
Density Loss 407.9041442871094
Density Loss 401.91351318359375
Density Loss 408.59637451171875
Density Loss 404.5143127441406
Density Loss 409.4635009765625
Density Loss 399.9777526855469
Density Loss 398.6930847167969
Density Loss 401.815185546875
Density Loss 404.7486267089844
Density Loss 403.8650207519531
Density Loss 404.2138977050781
Density Loss 404.3128662109375
Density Loss 410.28741455078125
Density Loss 406.93048095703125
Density Loss 399.8576965332031
Density Loss 407.4720764160156
Density Loss 403.73486328125
Density Loss 409.7088623046875
Density Loss 407.9980163574219
Density Loss 403.22686767578125
Density Loss 403.3486328125
Density Loss 404.96343994140625
Density Loss 407.30694580078125
Density Loss 400.44610595703125
Density Loss 407.37030029296875
Density Loss 404.18017578125
Density Loss 400.7081604003906
Density Loss 404.984619140625
Density Loss 408.8726806640625
Density Loss 406.305908203125
Density Loss 404.22698974609375
Density Loss 403.0477600097656
Density Loss 409.6858825683594
Density Loss 409.9040832519531
Density Loss 405.0485534667969
Density Loss 406.60150146484375
Density Loss 403.8128967285156
Density Loss 404.08563232421875
Density Loss 406.92486572265625
Density Loss 402.8409423828125
Density Loss 409.3243103027344
Density Loss 400.3498840332031
Density Loss 404.75146484375
Density Loss 406.5627136230469
Density Loss 408.18743896484375
Density Loss 401.4734191894531
Density Loss 403.6943054199219
Density Loss 402.94561767578125
Density Loss 401.48199462890625
Density Loss 404.042236328125
Density Loss 407.89642333984375
Density Loss 413.26751708984375
Density Loss 406.5552673339844
Density Loss 402.2179870605469
Density Loss 401.3636169433594
Density Loss 404.7681579589844
Density Loss 403.4501647949219
Density Loss 412.12591552734375
Density Loss 402.2262268066406
Density Loss 404.6280822753906
Density Loss 408.1440734863281
Density Loss 406.4455871582031
Density Loss 406.6561584472656
Density Loss 406.9592590332031
Density Loss 405.1907043457031
Density Loss 403.3509521484375
Density Loss 402.07080078125
Density Loss 404.6193542480469
Density Loss 404.2011413574219
Density Loss 406.1199951171875
Density Loss 408.112548828125
Density Loss 402.3258361816406
Density Loss 409.3973388671875
Density Loss 405.9082946777344
Density Loss 403.7468566894531
Density Loss 404.1371154785156
Density Loss 401.9685363769531
Density Loss 405.27728271484375
Density Loss 406.2242736816406
Density Loss 402.8379821777344
Density Loss 409.9374694824219
Density Loss 404.3554992675781
Density Loss 407.56622314453125
Density Loss 404.2233581542969
Density Loss 403.527587890625
Density Loss 404.4284973144531
Density Loss 406.5431213378906
Density Loss 406.75262451171875
Density Loss 401.2735900878906
Density Loss 407.9981994628906
Density Loss 407.0584716796875
Density Loss 408.3907165527344
Density Loss 407.01556396484375
Density Loss 407.598388671875
Density Loss 397.94549560546875
Density Loss 406.43719482421875
Density Loss 414.7604675292969
Density Loss 405.24798583984375
Density Loss 405.9216613769531
Density Loss 406.2601623535156
Density Loss 402.73004150390625
Density Loss 404.9219055175781
Density Loss 408.6800231933594
Density Loss 406.0042724609375
Density Loss 404.9257507324219
Density Loss 406.609375
Density Loss 406.9236755371094
Density Loss 402.4136657714844
Density Loss 406.79150390625
Density Loss 407.61053466796875
Density Loss 408.12872314453125
Density Loss 405.962158203125
Density Loss 403.8493957519531
Density Loss 407.8182373046875
Density Loss 401.9429626464844
Density Loss 402.9807434082031
Density Loss 406.169189453125
Density Loss 408.8272705078125
Density Loss 403.1143798828125
Density Loss 405.9725646972656
Density Loss 407.5899963378906
Density Loss 403.18280029296875
Density Loss 410.42919921875
Density Loss 405.9503173828125
Density Loss 407.90533447265625
Density Loss 407.4835205078125
Density Loss 401.4108581542969
Density Loss 406.6055908203125
Density Loss 404.3285217285156
Density Loss 402.84375
Density Loss 407.6549377441406
Density Loss 407.8813171386719
Density Loss 405.7475891113281
Density Loss 406.2579040527344
Density Loss 405.4472961425781
Density Loss 401.48590087890625
Density Loss 408.6075744628906
Density Loss 401.9410705566406
Density Loss 405.6645812988281
Density Loss 411.0909118652344
Density Loss 407.5777587890625
Density Loss 408.0406188964844
Density Loss 407.5663146972656
Density Loss 403.7734680175781
Density Loss 405.0310363769531
Density Loss 407.26519775390625
Density Loss 402.4130554199219
Density Loss 401.71295166015625
Density Loss 403.626953125
Density Loss 404.6216735839844
Density Loss 401.5099182128906
Density Loss 407.8416748046875
Density Loss 406.37506103515625
Density Loss 404.38653564453125
Density Loss 405.169921875
Density Loss 405.4776306152344
Density Loss 405.50848388671875
Density Loss 409.1162414550781
Density Loss 403.5671081542969
Density Loss 406.8919982910156
Density Loss 406.51654052734375
Density Loss 408.5992736816406
Density Loss 407.0538330078125
Density Loss 404.9216613769531
Density Loss 403.82470703125
Density Loss 401.8992614746094
Density Loss 405.81158447265625
Density Loss 403.3142395019531
Density Loss 402.5770568847656
Density Loss 410.94720458984375
Density Loss 407.81878662109375
Density Loss 404.6297607421875
Density Loss 405.9674377441406
Density Loss 404.32379150390625
Density Loss 408.2685546875
Density Loss 406.34332275390625
Density Loss 406.61328125
Density Loss 405.51312255859375
Density Loss 410.9434814453125
Density Loss 408.482421875
Density Loss 410.9298400878906
Density Loss 408.47991943359375
Density Loss 403.92901611328125
Density Loss 412.4358215332031
Density Loss 406.1849060058594
Density Loss 412.8837585449219
Density Loss 405.2885437011719
Density Loss 404.2965393066406
Density Loss 406.70257568359375
Density Loss 408.7075500488281
Density Loss 407.05157470703125
Density Loss 412.607177734375
Density Loss 407.21923828125
Density Loss 408.63726806640625
Density Loss 406.8816833496094
Density Loss 405.8341369628906
Density Loss 404.4683532714844
Density Loss 406.20599365234375
Density Loss 406.95751953125
Density Loss 405.4708557128906
Density Loss 408.773681640625
Density Loss 405.76019287109375
Density Loss 406.9193420410156
Density Loss 406.047119140625
Density Loss 406.1752624511719
Density Loss 405.57757568359375
Density Loss 403.1954345703125
Density Loss 407.3213806152344
Density Loss 409.8671569824219
Density Loss 407.1730651855469
Density Loss 397.3915100097656
Density Loss 405.3743591308594
Density Loss 406.0995178222656
Density Loss 403.1488342285156
Density Loss 407.9637756347656
Density Loss 409.44921875
Density Loss 403.0781555175781
Density Loss 405.5361633300781
Density Loss 406.1297607421875
Density Loss 405.99884033203125
Density Loss 408.00830078125
Density Loss 408.9859619140625
Density Loss 408.869873046875
Density Loss 406.88287353515625
Density Loss 407.89166259765625
Density Loss 409.478271484375
Density Loss 402.7960205078125
Density Loss 408.2886962890625
Density Loss 404.5396728515625
Density Loss 407.8835754394531
Density Loss 409.13995361328125
Density Loss 406.6078186035156
Density Loss 408.4765930175781
Density Loss 408.0318298339844
Density Loss 405.4566955566406
Density Loss 404.1534729003906
Density Loss 407.84674072265625
Density Loss 404.8428955078125
Density Loss 405.6731872558594
Density Loss 406.00750732421875
Density Loss 410.0060729980469
Density Loss 405.12774658203125
Density Loss 409.5572814941406
Density Loss 405.2009582519531
Density Loss 405.3319396972656
Density Loss 402.4365539550781
Density Loss 408.1826171875
Density Loss 409.4737854003906
Density Loss 411.30706787109375
Density Loss 410.1319885253906
Density Loss 405.32415771484375
Density Loss 403.25439453125
Density Loss 400.1584777832031
Density Loss 401.4275207519531
Density Loss 409.0243835449219
Density Loss 409.78375244140625
Density Loss 407.24359130859375
Density Loss 404.8511047363281
Density Loss 409.9530944824219
Density Loss 403.2273864746094
Density Loss 411.6468811035156
Density Loss 406.1763000488281
Density Loss 411.0013427734375
Density Loss 405.48846435546875
Density Loss 408.3956604003906
Density Loss 407.3031005859375
Density Loss 410.3984680175781
Density Loss 405.2516174316406
Density Loss 405.4688415527344
Density Loss 405.5347900390625
Density Loss 404.53314208984375
Density Loss 410.0350341796875
Density Loss 408.39849853515625
Density Loss 410.4749755859375
Density Loss 409.59417724609375
Density Loss 406.3585510253906
Density Loss 407.3831787109375
Density Loss 405.81597900390625
Density Loss 407.0131530761719
Density Loss 411.40350341796875
Density Loss 405.5064697265625
Density Loss 411.8954162597656
Density Loss 405.6423034667969
Density Loss 412.65838623046875
Density Loss 409.69671630859375
Density Loss 401.1195373535156
Density Loss 412.8992614746094
Density Loss 409.1733093261719
Density Loss 409.6647644042969
Density Loss 402.9180603027344
Density Loss 414.9335021972656
Density Loss 406.2889099121094
Density Loss 411.1276550292969
Density Loss 408.57806396484375
Density Loss 407.2532653808594
Density Loss 406.82958984375
Density Loss 406.30657958984375
Density Loss 405.42291259765625
Density Loss 403.083984375
Density Loss 407.1073913574219
Density Loss 413.5112609863281
Density Loss 414.5748596191406
Density Loss 406.5346374511719
Density Loss 410.6713562011719
Density Loss 413.0869445800781
Density Loss 407.7889404296875
Density Loss 404.91046142578125
Density Loss 405.2151184082031
Density Loss 412.95343017578125
Density Loss 410.4073486328125
Density Loss 407.36663818359375
Density Loss 409.987548828125
Density Loss 412.6778564453125
Density Loss 403.71295166015625
Density Loss 402.0069580078125
Density Loss 407.21453857421875
Density Loss 410.1851806640625
Density Loss 407.62384033203125
Density Loss 407.63238525390625
Density Loss 409.30902099609375
Density Loss 408.07830810546875
Density Loss 410.8295593261719
Density Loss 407.70391845703125
Density Loss 403.6832275390625
Density Loss 409.5686340332031
Density Loss 411.4551086425781
Density Loss 406.06842041015625
Density Loss 406.9727783203125
Density Loss 411.5127868652344
Density Loss 410.2637634277344
Density Loss 412.0009460449219
Density Loss 408.54925537109375
Density Loss 408.99615478515625
Density Loss 408.9449462890625
Density Loss 407.9544982910156
Density Loss 409.8027648925781
Density Loss 408.8239440917969
Density Loss 411.7840576171875
Density Loss 406.05877685546875
Density Loss 411.78790283203125
Density Loss 411.49334716796875
Density Loss 408.37530517578125
Density Loss 406.5331115722656
Density Loss 408.3150329589844
Density Loss 409.5841369628906
Density Loss 406.729736328125
Density Loss 411.16400146484375
Density Loss 412.5789794921875
Density Loss 407.0458984375
Density Loss 407.3061828613281
Density Loss 411.145263671875
Density Loss 414.07135009765625
Density Loss 410.1312561035156
Density Loss 413.5372009277344
Density Loss 410.5663757324219
Density Loss 411.8720703125
Density Loss 407.2956237792969
Density Loss 409.98089599609375
Density Loss 407.52850341796875
Density Loss 405.2090759277344
Density Loss 407.7086181640625
Density Loss 407.75848388671875
Density Loss 411.4051208496094
Density Loss 408.2998046875
Density Loss 408.8296813964844
Density Loss 405.25982666015625
Density Loss 411.0225830078125
Density Loss 407.4913635253906
Density Loss 412.5324401855469
Density Loss 405.60711669921875
Density Loss 403.9925537109375
Density Loss 408.11181640625
Density Loss 410.30047607421875
Density Loss 407.48480224609375
Density Loss 411.2237548828125
Density Loss 410.7101745605469
Density Loss 407.14178466796875
Density Loss 410.725830078125
Density Loss 402.29150390625
Density Loss 406.2283020019531
Density Loss 410.4378662109375
Density Loss 411.81878662109375
Density Loss 409.15814208984375
Density Loss 410.92449951171875
Density Loss 408.9327392578125
Density Loss 411.7932434082031
Density Loss 415.890380859375
Density Loss 407.39874267578125
Density Loss 410.8232727050781
Density Loss 413.14654541015625
Density Loss 409.0132751464844
Density Loss 406.18951416015625
Density Loss 415.5498352050781
Density Loss 409.16046142578125
Density Loss 406.7913513183594
Density Loss 410.2458190917969
Density Loss 408.7408752441406
Density Loss 406.7939147949219
Density Loss 411.0247802734375
Density Loss 412.14971923828125
Density Loss 410.2712707519531
Density Loss 413.0631103515625
Density Loss 406.14190673828125
Density Loss 404.6798400878906
Density Loss 414.2613830566406
Density Loss 405.1912841796875
Density Loss 412.7073974609375
Density Loss 409.09405517578125
Density Loss 411.01788330078125
Density Loss 410.12646484375
Density Loss 406.2503356933594
Density Loss 411.84454345703125
Density Loss 409.3938293457031
Density Loss 408.0668640136719
Density Loss 408.2112731933594
Density Loss 407.7301025390625
Density Loss 406.89898681640625
Density Loss 408.3282165527344
Density Loss 411.37469482421875
Density Loss 409.85687255859375
Density Loss 414.3553466796875
Density Loss 409.6180725097656
Density Loss 409.55950927734375
Density Loss 406.6149597167969
Density Loss 401.72998046875
Density Loss 410.8838806152344
Density Loss 409.96484375
Density Loss 406.4786682128906
Density Loss 409.46502685546875
Density Loss 410.3956298828125
Density Loss 410.097900390625
Density Loss 413.7370300292969
Density Loss 412.8019104003906
Density Loss 410.37158203125
Density Loss 409.489501953125
Density Loss 413.0784606933594
Density Loss 406.44647216796875
Density Loss 410.58349609375
Density Loss 402.18878173828125
Density Loss 410.04583740234375
Density Loss 412.2657470703125
Density Loss 409.9195861816406
Density Loss 414.25726318359375
Density Loss 410.1337585449219
Density Loss 411.0591125488281
Density Loss 412.759033203125
Density Loss 407.98394775390625
Density Loss 407.10345458984375
Density Loss 409.87286376953125
Density Loss 410.7723083496094
Density Loss 409.2327880859375
Density Loss 402.12841796875
Density Loss 408.98126220703125
Density Loss 416.6257629394531
Density Loss 412.3585510253906
Density Loss 409.2987976074219
Density Loss 409.4414367675781
Density Loss 410.9625549316406
Density Loss 407.3861389160156
Density Loss 406.4716796875
Density Loss 408.2479248046875
Density Loss 407.6007080078125
Density Loss 411.83966064453125
Density Loss 404.8495788574219
Density Loss 407.5073547363281
Density Loss 407.095947265625
Density Loss 411.9640197753906
Density Loss 408.9428405761719
Density Loss 407.6773376464844
Density Loss 413.8933410644531
Density Loss 406.7751770019531
Density Loss 407.8839416503906
Density Loss 407.1654968261719
Density Loss 404.05718994140625
Density Loss 409.1075134277344
Density Loss 408.1307067871094
Density Loss 413.4103088378906
Density Loss 413.5179748535156
Density Loss 414.2712707519531
Density Loss 407.16387939453125
Density Loss 412.29083251953125
Density Loss 413.0997619628906
Density Loss 411.90216064453125
Density Loss 410.1193542480469
Density Loss 407.966796875
Density Loss 412.2537536621094
Density Loss 411.7308654785156
Density Loss 410.8205871582031
Density Loss 405.8413391113281
Density Loss 413.3906555175781
Density Loss 407.80938720703125
Density Loss 408.74993896484375
Density Loss 408.6275634765625
Density Loss 406.38824462890625
Density Loss 409.8439025878906
Density Loss 416.4266662597656
Density Loss 411.3974609375
Density Loss 407.7424621582031
Density Loss 413.2211608886719
Density Loss 419.1851806640625
Density Loss 403.436279296875
Density Loss 409.2179870605469
Density Loss 414.9653625488281
Density Loss 413.8058166503906
Density Loss 408.9464416503906
Density Loss 407.87799072265625
Density Loss 409.1783142089844
Density Loss 410.055908203125
Density Loss 408.56976318359375
Density Loss 405.43438720703125
Density Loss 409.2872009277344
Density Loss 413.10870361328125
Density Loss 415.149658203125
Density Loss 409.7158203125
Density Loss 411.4710998535156
Density Loss 414.2718811035156
Density Loss 411.91278076171875
Density Loss 409.2983093261719
Density Loss 414.2276306152344
Density Loss 412.9730224609375
Density Loss 414.5194396972656
Density Loss 408.1979064941406
Density Loss 412.79742431640625
Density Loss 412.1655578613281
Density Loss 411.25262451171875
Density Loss 412.6325378417969
Density Loss 411.58990478515625
Density Loss 411.34283447265625
Density Loss 414.8853454589844
Density Loss 408.5185546875
Density Loss 406.4143981933594
Density Loss 413.4185485839844
Density Loss 410.6903381347656
Density Loss 409.8880310058594
Density Loss 409.40447998046875
Density Loss 412.517822265625
Density Loss 407.27227783203125
Density Loss 410.92315673828125
Density Loss 411.8356018066406
Density Loss 412.3155822753906
Density Loss 410.11175537109375
Density Loss 410.17913818359375
Density Loss 416.1636047363281
Density Loss 413.3858947753906
Density Loss 408.27410888671875
Density Loss 408.7710266113281
Density Loss 412.3507080078125
Density Loss 410.0233459472656
Density Loss 413.2779235839844
Density Loss 410.99029541015625
Density Loss 411.5067138671875
Density Loss 416.72607421875
Density Loss 416.9818420410156
Density Loss 408.4039001464844
Density Loss 409.2078552246094
Density Loss 403.6370849609375
Density Loss 406.5977783203125
Density Loss 411.2025146484375
Density Loss 411.9981384277344
Density Loss 414.4830627441406
Density Loss 414.8364562988281
Density Loss 408.50836181640625
Density Loss 409.1954345703125
Density Loss 410.10272216796875
Density Loss 412.9522399902344
Density Loss 409.9233093261719
Density Loss 407.2298278808594
Density Loss 412.57330322265625
Density Loss 409.9667053222656
Density Loss 409.3990173339844
Density Loss 405.60211181640625
Density Loss 409.8877868652344
Density Loss 410.9505615234375
Density Loss 408.18621826171875
Density Loss 410.8522033691406
Density Loss 411.7845458984375
Density Loss 413.5534362792969
Density Loss 418.3837585449219
Density Loss 410.76190185546875
Density Loss 415.4805908203125
Density Loss 413.5063781738281
Density Loss 407.6644592285156
Density Loss 410.9496765136719
Density Loss 412.4413757324219
Density Loss 413.1880798339844
Density Loss 412.9257507324219
Density Loss 413.06500244140625
Density Loss 407.98223876953125
Density Loss 408.0982971191406
Density Loss 409.8544616699219
Density Loss 412.29083251953125
Density Loss 410.0426025390625
Density Loss 407.60150146484375
Density Loss 411.64739990234375
Density Loss 406.681640625
Density Loss 409.80072021484375
Density Loss 412.11126708984375
Density Loss 407.34912109375
Density Loss 414.61224365234375
Density Loss 412.87872314453125
Density Loss 415.7487487792969
Density Loss 408.6255187988281
Density Loss 410.8460388183594
Density Loss 411.1081237792969
Density Loss 412.4403076171875
Density Loss 407.9490661621094
Density Loss 411.1363220214844
Density Loss 413.3080749511719
Density Loss 413.2092590332031
Density Loss 408.0183410644531
Density Loss 409.2186279296875
Density Loss 406.943603515625
Density Loss 410.66546630859375
Density Loss 414.2687072753906
Density Loss 412.0570983886719
Density Loss 411.45843505859375
Density Loss 411.96551513671875
Density Loss 413.9157409667969
Density Loss 409.2221374511719
Density Loss 413.6953430175781
Density Loss 413.1193542480469
Density Loss 410.6481628417969
Density Loss 415.54608154296875
Density Loss 413.7674255371094
Density Loss 415.0394287109375
Density Loss 408.494873046875
Density Loss 412.38055419921875
Density Loss 413.135498046875
Density Loss 409.52032470703125
Density Loss 406.82958984375
Density Loss 411.61566162109375
Density Loss 415.9323425292969
Density Loss 412.135498046875
Density Loss 408.8589172363281
Density Loss 417.0341491699219
Density Loss 412.7638244628906
Density Loss 408.59197998046875
Density Loss 414.2460021972656
Density Loss 413.3341369628906
Density Loss 412.2869567871094
Density Loss 410.8544006347656
Density Loss 410.7782287597656
Density Loss 410.9510192871094
Density Loss 414.466796875
Density Loss 414.06036376953125
Density Loss 409.0248718261719
Density Loss 410.8877868652344
Density Loss 414.15582275390625
Density Loss 414.79119873046875
Density Loss 416.523681640625
Density Loss 413.42572021484375
Density Loss 405.5615234375
Density Loss 413.68719482421875
Density Loss 415.96246337890625
Density Loss 412.8553466796875
Density Loss 413.3101501464844
Density Loss 413.9167175292969
Density Loss 415.4895935058594
Density Loss 410.6244201660156
Density Loss 408.7233581542969
Density Loss 415.6099548339844
Density Loss 410.726318359375
Density Loss 412.88494873046875
Density Loss 412.1503601074219
Density Loss 415.2550964355469
Density Loss 411.1051025390625
Density Loss 413.3662414550781
Density Loss 413.1065368652344
Density Loss 411.624755859375
Density Loss 415.500244140625
Density Loss 417.10736083984375
Density Loss 413.1083984375
Density Loss 414.22454833984375
Density Loss 415.1854248046875
Density Loss 412.7817077636719
Density Loss 412.3186340332031
Density Loss 408.99371337890625
Density Loss 415.79736328125
Density Loss 412.2181396484375
Density Loss 416.1865234375
Density Loss 419.6523742675781
Density Loss 412.5547180175781
Density Loss 410.391357421875
Density Loss 418.47607421875
Density Loss 410.1141357421875
Density Loss 409.9666442871094
Density Loss 409.9234313964844
Density Loss 413.4893798828125
Density Loss 411.56982421875
Density Loss 413.67669677734375
Density Loss 415.5050964355469
Density Loss 415.11090087890625
Density Loss 412.83233642578125
Density Loss 418.4275817871094
Density Loss 412.5909118652344
Density Loss 415.3737487792969
Density Loss 416.9074401855469
Density Loss 414.04766845703125
Density Loss 412.43695068359375
Density Loss 414.135498046875
Density Loss 412.0538330078125
Density Loss 412.6285095214844
Density Loss 408.2573547363281
Density Loss 416.1026306152344
Density Loss 409.8768615722656
Density Loss 414.46124267578125
Density Loss 417.8092956542969
Density Loss 414.5625915527344
Density Loss 412.78680419921875
Density Loss 413.21136474609375
Density Loss 411.21331787109375
Density Loss 417.89398193359375
Density Loss 409.78326416015625
Density Loss 419.8111572265625
Density Loss 413.8144226074219
Density Loss 410.80780029296875
Density Loss 410.2203369140625
Density Loss 414.11444091796875
Density Loss 412.4664001464844
Density Loss 412.7261962890625
Density Loss 414.52862548828125
Density Loss 412.3860778808594
Density Loss 414.7259521484375
Density Loss 413.26715087890625
Density Loss 414.0251159667969
Density Loss 414.62799072265625
Density Loss 417.4923400878906
Density Loss 412.0861511230469
Density Loss 408.57275390625
Density Loss 411.7436828613281
Density Loss 412.84771728515625
Density Loss 418.14990234375
Density Loss 413.1800842285156
Density Loss 406.4014587402344
Density Loss 411.0867919921875
Density Loss 407.1598205566406
Density Loss 410.0729064941406
Density Loss 407.9087219238281
Density Loss 418.2568664550781
Density Loss 412.45428466796875
Density Loss 412.2447204589844
Density Loss 411.23779296875
Density Loss 413.79998779296875
Density Loss 409.7564697265625
Density Loss 411.1625061035156
Density Loss 418.38909912109375
Density Loss 414.29071044921875
Density Loss 414.14703369140625
Density Loss 417.5830993652344
Density Loss 412.4268798828125
Density Loss 408.6579895019531
Density Loss 411.96240234375
Density Loss 412.72381591796875
Density Loss 414.5256042480469
Density Loss 414.4144592285156
Density Loss 414.0569763183594
Density Loss 413.0771789550781
Density Loss 419.80670166015625
Density Loss 411.665283203125
Density Loss 412.6675109863281
Density Loss 417.34527587890625
Density Loss 412.35699462890625
Density Loss 412.94921875
Density Loss 413.88189697265625
Density Loss 413.3780822753906
Density Loss 417.7467956542969
Density Loss 417.6255187988281
Density Loss 416.59893798828125
Density Loss 414.9197998046875
Density Loss 414.3243103027344
Density Loss 412.4935607910156
Density Loss 410.7380676269531
Density Loss 415.0866394042969
Density Loss 415.9662170410156
Density Loss 415.619140625
Density Loss 412.14935302734375
Density Loss 414.1959533691406
Density Loss 413.35479736328125
Density Loss 410.26239013671875
Density Loss 416.8462219238281
Density Loss 416.1274719238281
Density Loss 417.5846252441406
Density Loss 413.7705993652344
Density Loss 417.2635192871094
Density Loss 412.2292785644531
Density Loss 417.3358154296875
Density Loss 414.0846252441406
Density Loss 415.31878662109375
Density Loss 412.2852783203125
Density Loss 411.03875732421875
Density Loss 415.98114013671875
Density Loss 415.54925537109375
Density Loss 415.10919189453125
Density Loss 420.6747131347656
Density Loss 414.30792236328125
Density Loss 410.36358642578125
Density Loss 414.8363952636719
Density Loss 415.4254150390625
Density Loss 414.4147644042969
Density Loss 416.7267761230469
Density Loss 415.729736328125
Density Loss 417.1718444824219
Density Loss 416.2424011230469
Density Loss 410.4093017578125
Density Loss 414.1180419921875
Density Loss 413.54461669921875
Density Loss 410.3451843261719
Density Loss 409.7153015136719
Density Loss 414.61627197265625
Density Loss 413.1129150390625
Density Loss 416.6667175292969
Density Loss 416.3255920410156
Density Loss 412.0768737792969
Density Loss 417.0237121582031
Density Loss 416.9238586425781
Density Loss 414.53173828125
Density Loss 413.18157958984375
Density Loss 414.10174560546875
Density Loss 413.0028991699219
Density Loss 414.8022155761719
Density Loss 420.5712585449219
Density Loss 420.8410339355469
Density Loss 415.6548767089844
Density Loss 417.9210205078125
Density Loss 411.2651062011719
Density Loss 411.22674560546875
Density Loss 417.9612731933594
Density Loss 408.8927001953125
Density Loss 413.510986328125
Density Loss 413.6679382324219
Density Loss 412.471923828125
Density Loss 416.59222412109375
Density Loss 415.29083251953125
Density Loss 417.8560791015625
Density Loss 412.5244445800781
Density Loss 415.890869140625
Density Loss 412.9481201171875
Density Loss 421.11663818359375
Density Loss 411.5400390625
Density Loss 418.36767578125
Density Loss 413.926025390625
Density Loss 411.00616455078125
Density Loss 412.620361328125
Density Loss 412.50128173828125
Density Loss 418.06573486328125
Density Loss 419.5415344238281
Density Loss 415.48016357421875
Density Loss 414.83551025390625
Density Loss 417.6063537597656
Density Loss 415.7391052246094
Density Loss 411.97064208984375
Density Loss 414.6009521484375
Density Loss 411.8280944824219
Density Loss 416.1595764160156
Density Loss 413.0709533691406
Density Loss 414.45062255859375
Density Loss 412.9029541015625
Density Loss 415.6695556640625
Density Loss 416.35601806640625
Density Loss 419.2030334472656
Density Loss 410.316162109375
Density Loss 415.19805908203125
Density Loss 414.6062316894531
Density Loss 410.35662841796875
Density Loss 415.65081787109375
Density Loss 415.2940979003906
Density Loss 412.8152770996094
Density Loss 412.94775390625
Density Loss 414.58111572265625
Density Loss 415.2532043457031
Density Loss 416.53143310546875
Density Loss 412.95367431640625
Density Loss 419.567626953125
Density Loss 416.74127197265625
Density Loss 414.9132995605469
Density Loss 416.09454345703125
Density Loss 413.5615539550781
Density Loss 416.0346984863281
Density Loss 417.91815185546875
Density Loss 413.2226257324219
Density Loss 417.1073913574219
Density Loss 415.2776794433594
Density Loss 414.5904846191406
Density Loss 415.7936706542969
Density Loss 419.24298095703125
Density Loss 416.3013916015625
Density Loss 418.5390319824219
Density Loss 415.7942199707031
Density Loss 419.1623840332031
Density Loss 415.1551208496094
Density Loss 410.7998962402344
Density Loss 418.2728576660156
Density Loss 421.2093505859375
Density Loss 417.3511047363281
Density Loss 415.206787109375
Density Loss 413.7016296386719
Density Loss 417.1819763183594
Density Loss 415.2662658691406
Density Loss 415.1049499511719
Density Loss 411.4595031738281
Density Loss 413.0248718261719
Density Loss 412.8687438964844
Density Loss 413.90557861328125
Density Loss 420.69879150390625
Density Loss 414.6027526855469
Density Loss 412.701904296875
Density Loss 412.385498046875
Density Loss 420.935546875
Density Loss 412.45574951171875
Density Loss 418.1929626464844
Density Loss 418.0444030761719
Density Loss 416.56573486328125
Density Loss 417.68511962890625
Density Loss 416.905517578125
Density Loss 415.2209777832031
Density Loss 418.5630187988281
Density Loss 415.6559143066406
Density Loss 414.3399353027344
Density Loss 421.49566650390625
Density Loss 417.2422790527344
Density Loss 412.90447998046875
Density Loss 418.26080322265625
Density Loss 413.3883972167969
Density Loss 415.5605773925781
Density Loss 415.6054382324219
Density Loss 416.0067138671875
Density Loss 415.4908752441406
Density Loss 421.3861999511719
Density Loss 413.97613525390625
Density Loss 414.58966064453125
Density Loss 419.037109375
Density Loss 418.5802001953125
Density Loss 416.8926696777344
Density Loss 414.4208679199219
Density Loss 416.4071350097656
Density Loss 419.9377136230469
Density Loss 410.1983947753906
Density Loss 414.6930236816406
Density Loss 416.7912292480469
Density Loss 417.1075744628906
Density Loss 422.098388671875
Density Loss 414.2796630859375
Density Loss 417.4951171875
Density Loss 415.1381530761719
Density Loss 418.3089599609375
Density Loss 420.74627685546875
Density Loss 413.63690185546875
Density Loss 412.9211120605469
Density Loss 417.2789611816406
Density Loss 415.4347229003906
Density Loss 411.5925598144531
Density Loss 411.7821350097656
Density Loss 420.02923583984375
Density Loss 418.64862060546875
Density Loss 413.8425598144531
Density Loss 413.7038269042969
Density Loss 418.8970031738281
Density Loss 414.5245361328125
Density Loss 418.1492614746094
Density Loss 413.0828552246094
Density Loss 417.4295959472656
Density Loss 417.6579895019531
Density Loss 413.53277587890625
Density Loss 419.4658203125
Density Loss 415.59765625
Density Loss 413.1236572265625
Density Loss 416.560791015625
Density Loss 417.4619140625
Density Loss 415.7626037597656
Density Loss 420.6554260253906
Density Loss 419.3163757324219
Density Loss 413.29962158203125
Density Loss 414.2847900390625
Density Loss 414.4472351074219
Density Loss 415.6546630859375
Density Loss 416.6927185058594
Density Loss 414.0369873046875
Density Loss 410.25830078125
Density Loss 419.9367370605469
Density Loss 416.1100769042969
Density Loss 414.4547119140625
Density Loss 414.7656555175781
Density Loss 415.26727294921875
Density Loss 416.5960693359375
Density Loss 413.8774719238281
Density Loss 419.1681213378906
Density Loss 416.0151062011719
Density Loss 414.7579040527344
Density Loss 416.088623046875
Density Loss 420.81585693359375
Density Loss 414.4924011230469
Density Loss 418.3406982421875
Density Loss 421.578857421875
Density Loss 418.1052551269531
Density Loss 410.1152648925781
Density Loss 416.6116638183594
Density Loss 417.3811950683594
Density Loss 417.8248596191406
Density Loss 418.5005187988281
Density Loss 416.8889465332031
Density Loss 416.3976745605469
Density Loss 416.6643981933594
Density Loss 414.9612731933594
Density Loss 416.197265625
Density Loss 414.9266357421875
Density Loss 415.4937438964844
Density Loss 419.668701171875
Density Loss 413.0749816894531
Density Loss 415.0758972167969
Density Loss 414.59429931640625
Density Loss 415.8682556152344
Density Loss 414.5732727050781
Density Loss 416.2715759277344
Density Loss 419.989501953125
Density Loss 416.7227783203125
Density Loss 419.575439453125
Density Loss 416.479736328125
Density Loss 417.4040222167969
Density Loss 423.506591796875
Density Loss 414.14447021484375
Density Loss 420.0872802734375
Density Loss 414.2611083984375
Density Loss 414.2178039550781
Density Loss 415.7226257324219
Density Loss 413.30767822265625
Density Loss 417.31256103515625
Density Loss 417.1993103027344
Density Loss 416.7029113769531
Density Loss 418.284423828125
Density Loss 419.4305419921875
Density Loss 421.4208679199219
Density Loss 418.32757568359375
Density Loss 415.65338134765625
Density Loss 415.50750732421875
Density Loss 418.9900817871094
Density Loss 411.8162841796875
Density Loss 421.5864562988281
Density Loss 416.05535888671875
Density Loss 417.3108825683594
Density Loss 417.5047912597656
Density Loss 416.1882629394531
Density Loss 417.7638244628906
Density Loss 416.31622314453125
Density Loss 414.27960205078125
Density Loss 416.67498779296875
Density Loss 417.6564025878906
Density Loss 417.0343017578125
Density Loss 414.5274658203125
Density Loss 418.4317626953125
Density Loss 415.08612060546875
Density Loss 417.5760803222656
Density Loss 419.98614501953125
Density Loss 415.9736633300781
Density Loss 417.8935241699219
Density Loss 417.6898193359375
Density Loss 413.06695556640625
Density Loss 416.7750244140625
Density Loss 415.83160400390625
Density Loss 421.92425537109375
Density Loss 417.11358642578125
Density Loss 418.37152099609375
Density Loss 415.30517578125
Density Loss 416.517578125
Density Loss 421.10198974609375
Density Loss 414.7463073730469
Density Loss 416.6865539550781
Density Loss 415.1430358886719
Density Loss 413.1187744140625
Density Loss 419.65142822265625
Density Loss 415.59234619140625
Density Loss 421.0475769042969
Density Loss 418.0708312988281
Density Loss 419.15966796875
Density Loss 419.78033447265625
Density Loss 417.5527038574219
Density Loss 419.8699645996094
Density Loss 413.447509765625
Density Loss 414.6556701660156
Density Loss 425.5290222167969
Density Loss 417.7896728515625
Density Loss 414.0588684082031
Density Loss 421.6039123535156
Density Loss 417.0415954589844
Density Loss 413.4658203125
Density Loss 412.9364318847656
Density Loss 416.6341552734375
Density Loss 415.73712158203125
Density Loss 415.5580749511719
Density Loss 417.0266418457031
Density Loss 418.20831298828125
Density Loss 416.0394287109375
Density Loss 418.4249572753906
Density Loss 419.317138671875
Density Loss 420.74261474609375
Density Loss 418.25244140625
Density Loss 414.8331604003906
Density Loss 416.1666259765625
Density Loss 420.0976257324219
Density Loss 416.712158203125
Density Loss 420.4407958984375
Density Loss 416.1533508300781
Density Loss 418.56500244140625
Density Loss 419.66534423828125
Density Loss 416.9801025390625
Density Loss 416.24151611328125
Density Loss 416.0887145996094
Density Loss 419.82855224609375
Density Loss 421.7120666503906
Density Loss 416.04534912109375
Density Loss 413.3398742675781
Density Loss 417.8698425292969
Density Loss 420.8684997558594
Density Loss 421.02166748046875
Density Loss 421.9949035644531
Density Loss 412.7799377441406
Density Loss 418.47174072265625
Density Loss 417.2622375488281
Density Loss 416.42999267578125
Density Loss 416.8318176269531
Density Loss 414.88238525390625
Density Loss 412.5556335449219
Density Loss 416.1861877441406
Density Loss 412.7523193359375
Density Loss 416.268798828125
Density Loss 421.1005554199219
Density Loss 417.2532043457031
Density Loss 417.08349609375
Density Loss 420.87835693359375
Density Loss 417.8912658691406
Density Loss 417.1387939453125
Density Loss 423.01751708984375
Density Loss 419.14837646484375
Density Loss 417.7766418457031
Density Loss 420.0303039550781
Density Loss 420.6463928222656
Density Loss 420.23883056640625
Density Loss 420.958740234375
Density Loss 419.70855712890625
Density Loss 423.1385803222656
Density Loss 422.3978576660156
Density Loss 419.3050842285156
Density Loss 419.05401611328125
Density Loss 418.2115478515625
Density Loss 424.7264709472656
Density Loss 419.01702880859375
Density Loss 416.8684997558594
Density Loss 417.8770751953125
Density Loss 417.9770202636719
Density Loss 420.6309814453125
Density Loss 418.1577453613281
Density Loss 420.4182434082031
Density Loss 422.5068359375
Density Loss 423.3531188964844
Density Loss 411.69158935546875
Density Loss 413.6621398925781
Density Loss 420.57440185546875
Density Loss 423.5155944824219
Density Loss 416.9219055175781
Density Loss 422.3323974609375
Density Loss 415.1667175292969
Density Loss 418.3247985839844
Density Loss 418.99981689453125
Density Loss 418.60791015625
Density Loss 424.29925537109375
Density Loss 419.1307067871094
Density Loss 417.63739013671875
Density Loss 416.8261413574219
Density Loss 418.92352294921875
Density Loss 419.98419189453125
Density Loss 417.73577880859375
Density Loss 411.4971008300781
Density Loss 420.5168151855469
Density Loss 419.1632385253906
Density Loss 415.5352783203125
Density Loss 421.2870178222656
Density Loss 418.4770812988281
Density Loss 413.71087646484375
Density Loss 423.0982666015625
Density Loss 420.2207946777344
Density Loss 419.5521545410156
Density Loss 419.6512145996094
Density Loss 418.723876953125
Density Loss 421.265625
Density Loss 422.39495849609375
Density Loss 418.85150146484375
Density Loss 421.2369384765625
Density Loss 421.3232421875
Density Loss 420.4159240722656
Density Loss 422.81207275390625
Density Loss 418.26202392578125
Density Loss 416.81219482421875
Density Loss 415.57110595703125
Density Loss 415.8158264160156
Density Loss 414.3311767578125
Density Loss 416.4432678222656
Density Loss 419.7821350097656
Density Loss 422.2875061035156
Density Loss 417.2610168457031
Density Loss 416.4319152832031
Density Loss 416.075439453125
Density Loss 418.3057556152344
Density Loss 420.0700988769531
Density Loss 416.95343017578125
Density Loss 416.86895751953125
Density Loss 426.3469543457031
Density Loss 418.6383056640625
Density Loss 414.9230041503906
Density Loss 417.5643615722656
Density Loss 416.39501953125
Density Loss 415.471923828125
Density Loss 419.5888671875
Density Loss 427.0956726074219
Density Loss 418.85455322265625
Density Loss 419.712158203125
Density Loss 417.7328796386719
Density Loss 415.1913757324219
Density Loss 419.603515625
Density Loss 418.1139831542969
Density Loss 420.237548828125
Density Loss 420.31878662109375
Density Loss 415.4409484863281
Density Loss 419.6080322265625
Density Loss 417.4271240234375
Density Loss 416.8864440917969
Density Loss 419.5671081542969
Density Loss 420.59991455078125
Density Loss 416.2314147949219
Density Loss 417.6205749511719
Density Loss 421.499267578125
Density Loss 419.4370422363281
Density Loss 422.6543884277344
Density Loss 417.2623596191406
Density Loss 417.3068542480469
Density Loss 421.5513610839844
Density Loss 418.6695556640625
Density Loss 417.517822265625
Density Loss 422.7030944824219
Density Loss 419.2267150878906
Density Loss 421.7969055175781
Density Loss 418.52911376953125
Density Loss 417.8226318359375
Density Loss 420.3978576660156
Density Loss 416.2013854980469
Density Loss 418.890625
Density Loss 418.18157958984375
Density Loss 422.2644348144531
Density Loss 420.23779296875
Density Loss 422.75250244140625
Density Loss 421.27899169921875
Density Loss 414.5039978027344
Density Loss 417.02569580078125
Density Loss 417.494140625
Density Loss 422.2465515136719
Density Loss 421.40155029296875
Density Loss 418.6210021972656
Density Loss 421.4367980957031
Density Loss 422.1060791015625
Density Loss 417.6687927246094
Density Loss 418.4960021972656
Density Loss 421.1742248535156
Density Loss 415.5874328613281
Density Loss 419.93060302734375
Density Loss 422.187744140625
Density Loss 418.7680358886719
Density Loss 418.81787109375
Density Loss 412.9960021972656
Density Loss 417.9670715332031
Density Loss 419.2474365234375
Density Loss 418.504150390625
Density Loss 415.4695129394531
Density Loss 419.122802734375
Density Loss 424.6614990234375
Density Loss 424.2895202636719
Density Loss 422.46966552734375
Density Loss 420.91729736328125
Density Loss 422.01263427734375
Density Loss 417.0953063964844
Density Loss 416.5537414550781
Density Loss 422.3831481933594
Density Loss 420.81024169921875
Density Loss 416.07928466796875
Density Loss 417.8801574707031
Density Loss 418.0762023925781
Density Loss 424.05047607421875
Density Loss 423.79388427734375
Density Loss 421.93487548828125
Density Loss 422.3747863769531
Density Loss 419.34442138671875
Density Loss 418.57672119140625
Density Loss 418.4041748046875
Density Loss 420.69927978515625
Density Loss 418.0074157714844
Density Loss 423.59521484375
Density Loss 422.3829345703125
Density Loss 420.1827087402344
Density Loss 418.3104553222656
Density Loss 421.1004943847656
Density Loss 420.4779052734375
Density Loss 425.65667724609375
Density Loss 426.7319030761719
Density Loss 418.97137451171875
Density Loss 422.81597900390625
Density Loss 420.0021057128906
Density Loss 417.7787780761719
Density Loss 419.429443359375
Density Loss 416.776123046875
Density Loss 422.2406311035156
Density Loss 424.15887451171875
Density Loss 419.6073913574219
Density Loss 420.0372009277344
Density Loss 425.0006408691406
Density Loss 422.85589599609375
Density Loss 425.1126708984375
Density Loss 421.7706298828125
Density Loss 415.6258239746094
Density Loss 422.93304443359375
Density Loss 416.78631591796875
Density Loss 417.5250244140625
Density Loss 420.7441101074219
Density Loss 419.82342529296875
Density Loss 421.9205627441406
Density Loss 421.01263427734375
Density Loss 423.4877624511719
Density Loss 419.97198486328125
Density Loss 421.4270324707031
Density Loss 421.0345764160156
Density Loss 417.9071350097656
Density Loss 417.6939392089844
Density Loss 421.37005615234375
Density Loss 424.5080261230469
Density Loss 422.070556640625
Density Loss 419.3035888671875
Density Loss 419.0558776855469
Density Loss 420.7336730957031
Density Loss 417.4844665527344
Density Loss 418.3947448730469
Density Loss 422.5087890625
Density Loss 419.09197998046875
Density Loss 421.5157470703125
Density Loss 419.2610778808594
Density Loss 418.00787353515625
Density Loss 420.7718200683594
Density Loss 414.9430236816406
Density Loss 420.3679504394531
Density Loss 418.40478515625
Density Loss 425.2875061035156
Density Loss 421.333984375
Density Loss 420.4302978515625
Density Loss 419.7188415527344
Density Loss 421.86456298828125
Density Loss 419.67352294921875
Density Loss 427.64678955078125
Density Loss 423.005859375
Density Loss 415.8849792480469
Density Loss 419.87994384765625
Density Loss 420.21490478515625
Density Loss 417.78662109375
Density Loss 420.47760009765625
Density Loss 423.7231140136719
Density Loss 419.62030029296875
Density Loss 421.08984375
Density Loss 423.04583740234375
Density Loss 420.6199035644531
Density Loss 423.88262939453125
Density Loss 418.6131896972656
Density Loss 419.6540832519531
Density Loss 424.52838134765625
Density Loss 422.1504821777344
Density Loss 414.3009033203125
Density Loss 416.258056640625
Density Loss 421.1817932128906
Density Loss 423.009521484375
Density Loss 422.29736328125
Density Loss 421.0254211425781
Density Loss 421.01202392578125
Density Loss 417.1698303222656
Density Loss 428.1907043457031
Density Loss 421.7132568359375
Density Loss 421.84912109375
Density Loss 419.4775390625
Density Loss 413.0601501464844
Density Loss 420.63671875
Density Loss 426.4226989746094
Density Loss 426.1092834472656
Density Loss 425.9626159667969
Density Loss 416.7982177734375
Density Loss 415.40087890625
Density Loss 420.6585388183594
Density Loss 420.9872741699219
Density Loss 421.745361328125
Density Loss 419.33502197265625
Density Loss 421.85662841796875
Density Loss 420.38671875
Density Loss 417.4760437011719
Density Loss 425.6351013183594
Density Loss 421.438232421875
Density Loss 415.79351806640625
Density Loss 420.2823181152344
Density Loss 417.62799072265625
Density Loss 422.17327880859375
Density Loss 421.46746826171875
Density Loss 423.5470275878906
Density Loss 420.4355773925781
Density Loss 422.4894714355469
Density Loss 423.99755859375
Density Loss 421.0064697265625
Density Loss 423.1891784667969
Density Loss 420.9002380371094
Density Loss 418.2388610839844
Density Loss 421.03656005859375
Density Loss 427.6571044921875
Density Loss 418.1814270019531
Density Loss 424.3361511230469
Density Loss 426.2752380371094
Density Loss 424.2728576660156
Density Loss 426.90216064453125
Density Loss 422.73248291015625
Density Loss 420.2257080078125
Density Loss 426.4942321777344
Density Loss 420.2687072753906
Density Loss 420.7263488769531
Density Loss 418.26318359375
Density Loss 420.07110595703125
Density Loss 422.6241455078125
Density Loss 420.4262390136719
Density Loss 424.1179504394531
Density Loss 424.1325378417969
Density Loss 421.58966064453125
Density Loss 420.89129638671875
Density Loss 421.30474853515625
Density Loss 423.3585510253906
Density Loss 420.39501953125
Density Loss 425.15069580078125
Density Loss 418.9979553222656
Density Loss 419.0300598144531
Density Loss 421.93377685546875
Density Loss 421.0887756347656
Density Loss 423.5682373046875
Density Loss 423.7564392089844
Density Loss 423.3223876953125
Density Loss 420.7891845703125
Density Loss 426.4167175292969
Density Loss 424.5176696777344
Density Loss 422.83111572265625
Density Loss 424.60015869140625
Density Loss 421.87310791015625
Density Loss 422.13299560546875
Density Loss 424.0606994628906
Density Loss 423.14599609375
Density Loss 419.81256103515625
Density Loss 421.5348205566406
Density Loss 423.0586242675781
Density Loss 421.8128662109375
Density Loss 420.8209228515625
Density Loss 419.3704833984375
Density Loss 420.3358154296875
Density Loss 421.61163330078125
Density Loss 418.1069030761719
Density Loss 426.08966064453125
Density Loss 423.107666015625
Density Loss 420.2033386230469
Density Loss 428.76513671875
Density Loss 421.21270751953125
Density Loss 424.91387939453125
Density Loss 419.50390625
Density Loss 418.70294189453125
Density Loss 423.216064453125
Density Loss 420.9144592285156
Density Loss 422.47613525390625
Density Loss 418.89215087890625
Density Loss 424.12615966796875
Density Loss 422.07110595703125
Density Loss 425.2626953125
Density Loss 420.2068176269531
Density Loss 425.2763977050781
Density Loss 418.9075012207031
Density Loss 419.0684814453125
Density Loss 418.1104431152344
Density Loss 423.5608825683594
Density Loss 420.0119934082031
Density Loss 423.435791015625
Density Loss 421.7408752441406
Density Loss 425.4171142578125
Density Loss 422.145751953125
Density Loss 424.49554443359375
Density Loss 421.4730224609375
Density Loss 422.5238037109375
Density Loss 423.3575134277344
Density Loss 419.6379089355469
Density Loss 424.59735107421875
Density Loss 416.72528076171875
Density Loss 421.9836730957031
Density Loss 427.2856750488281
Density Loss 423.1499938964844
Density Loss 419.77215576171875
Density Loss 426.19287109375
Density Loss 420.7753601074219
Density Loss 422.06207275390625
Density Loss 422.04559326171875
Density Loss 427.3261413574219
Density Loss 424.3123779296875
Density Loss 422.09075927734375
Density Loss 420.3773498535156
Density Loss 422.9973449707031
Density Loss 420.6412658691406
Density Loss 421.2393493652344
Density Loss 417.9630432128906
Density Loss 420.89886474609375
Density Loss 413.3121643066406
Density Loss 424.9272155761719
Density Loss 416.7248840332031
Density Loss 419.3879089355469
Density Loss 422.7746276855469
Density Loss 425.8531799316406
Density Loss 424.8230285644531
Density Loss 424.51068115234375
Density Loss 421.4401550292969
Density Loss 422.5171813964844
Density Loss 423.33941650390625
Density Loss 422.59405517578125
Density Loss 422.0161437988281
Density Loss 422.0906677246094
Density Loss 425.0393981933594
Density Loss 425.3232727050781
Density Loss 421.06573486328125
Density Loss 425.77264404296875
Density Loss 422.7557373046875
Density Loss 423.208984375
Density Loss 424.71966552734375
Density Loss 423.2210693359375
Density Loss 422.9452819824219
Density Loss 420.9723815917969
Density Loss 419.7829895019531
Density Loss 423.8077087402344
Density Loss 423.41998291015625
Density Loss 422.2392578125
Density Loss 421.984375
Density Loss 428.6217956542969
Density Loss 426.1647033691406
Density Loss 421.91015625
Density Loss 423.98583984375
Density Loss 421.400390625
Density Loss 424.29620361328125
Density Loss 419.5593566894531
Density Loss 420.2869567871094
Density Loss 425.26617431640625
Density Loss 425.56146240234375
Density Loss 426.06011962890625
Density Loss 424.4414367675781
Density Loss 422.4817810058594
Density Loss 419.613037109375
Density Loss 419.12750244140625
Density Loss 427.4173583984375
Density Loss 420.320068359375
Density Loss 423.8551025390625
Density Loss 424.644775390625
Density Loss 425.7834167480469
Density Loss 421.44793701171875
Density Loss 424.0363464355469
Density Loss 426.4002990722656
Density Loss 423.16168212890625
Density Loss 423.4956970214844
Density Loss 423.31390380859375
Density Loss 424.5328674316406
Density Loss 420.33447265625
Density Loss 424.174560546875
Density Loss 422.431396484375
Density Loss 424.905517578125
Density Loss 422.5041198730469
Density Loss 421.7265625
Density Loss 421.885498046875
Density Loss 420.08294677734375
Density Loss 425.7903747558594
Density Loss 422.9236755371094
Density Loss 421.0124206542969
Density Loss 421.72967529296875
Density Loss 423.5435485839844
Density Loss 429.08135986328125
Density Loss 424.84979248046875
Density Loss 424.03680419921875
Density Loss 424.8059387207031
Density Loss 423.6181640625
Density Loss 422.40838623046875
Density Loss 422.5889587402344
Density Loss 427.0589599609375
Density Loss 426.05523681640625
Density Loss 421.0652770996094
Density Loss 428.0313415527344
Density Loss 422.8165588378906
Density Loss 424.5536193847656
Density Loss 425.0787048339844
Density Loss 418.8630676269531
Density Loss 423.9621887207031
Density Loss 423.682861328125
Density Loss 419.046875
Density Loss 427.7474365234375
Density Loss 419.2984619140625
Density Loss 428.4054260253906
Density Loss 422.2778625488281
Density Loss 419.73638916015625
Density Loss 420.3518981933594
Density Loss 426.0167236328125
Density Loss 424.47296142578125
Density Loss 427.1191101074219
Density Loss 422.06805419921875
Density Loss 421.4901428222656
Density Loss 416.9861755371094
Density Loss 426.0408630371094
Density Loss 423.41094970703125
Density Loss 418.4732666015625
Density Loss 423.1775817871094
Density Loss 420.41851806640625
Density Loss 420.59649658203125
Density Loss 419.843994140625
Density Loss 424.09271240234375
Density Loss 426.018310546875
Density Loss 420.2975158691406
Density Loss 425.0838317871094
Density Loss 427.22015380859375
Density Loss 420.58099365234375
Density Loss 424.0745544433594
Density Loss 427.71527099609375
Density Loss 425.6671447753906
Density Loss 428.34454345703125
Density Loss 423.5762634277344
Density Loss 418.57672119140625
Density Loss 424.8196716308594
Density Loss 421.8578186035156
Density Loss 422.5038757324219
Density Loss 424.67913818359375
Density Loss 426.30859375
Density Loss 426.6121520996094
Density Loss 426.1729431152344
Density Loss 422.2954406738281
Density Loss 423.9875793457031
Density Loss 421.20550537109375
Density Loss 423.07049560546875
Density Loss 424.0665588378906
Density Loss 424.1896667480469
Density Loss 426.1167907714844
Density Loss 426.665283203125
Density Loss 424.5853576660156
Density Loss 421.60858154296875
Density Loss 425.5045166015625
Density Loss 425.1820983886719
Density Loss 425.29974365234375
Density Loss 422.0757751464844
Density Loss 422.7187194824219
Density Loss 427.388916015625
Density Loss 426.7164001464844
Density Loss 426.668701171875
Density Loss 421.4820251464844
Density Loss 419.2540588378906
Density Loss 419.90228271484375
Density Loss 426.244140625
Density Loss 428.2025451660156
Density Loss 422.2712707519531
Density Loss 426.47039794921875
Density Loss 423.16717529296875
Density Loss 427.9637451171875
Density Loss 424.8084716796875
Density Loss 424.893310546875
Density Loss 422.2581481933594
Density Loss 430.81231689453125
Density Loss 426.1172790527344
Density Loss 424.44805908203125
Density Loss 429.3294372558594
Density Loss 425.16094970703125
Density Loss 424.3493347167969
Density Loss 426.92333984375
Density Loss 425.4613342285156
Density Loss 427.3011779785156
Density Loss 426.5435791015625
Density Loss 423.78515625
Density Loss 421.942138671875
Density Loss 428.9631042480469
Density Loss 424.1263122558594
Density Loss 419.72894287109375
Density Loss 424.561279296875
Density Loss 422.7376708984375
Density Loss 422.7579040527344
Density Loss 421.46697998046875
Density Loss 423.2428283691406
Density Loss 421.1717529296875
Density Loss 421.00567626953125
Density Loss 422.94647216796875
Density Loss 422.92694091796875
Density Loss 426.6044006347656
Density Loss 417.4866943359375
Density Loss 425.7935485839844
Density Loss 427.221435546875
Density Loss 423.4059753417969
Density Loss 427.8879089355469
Density Loss 421.0986022949219
Density Loss 424.5451965332031
Density Loss 426.67120361328125
Density Loss 426.40435791015625
Density Loss 425.30072021484375
Density Loss 422.5318298339844
Density Loss 425.7859802246094
Density Loss 427.3005065917969
Density Loss 429.3312683105469
Density Loss 425.30181884765625
Density Loss 426.71331787109375
Density Loss 422.52972412109375
Density Loss 428.60357666015625
Density Loss 426.9822998046875
Density Loss 426.9604797363281
Density Loss 423.30206298828125
Density Loss 427.5604248046875
Density Loss 425.9673156738281
Density Loss 424.8531799316406
Density Loss 422.16583251953125
Density Loss 427.45050048828125
Density Loss 424.5083923339844
Density Loss 424.7391052246094
Density Loss 423.43389892578125
Density Loss 423.2071228027344
Density Loss 426.2954406738281
Density Loss 422.51239013671875
Density Loss 425.5396728515625
Density Loss 420.78582763671875
Density Loss 426.29986572265625
Density Loss 427.21710205078125
Density Loss 422.96514892578125
Density Loss 419.5197448730469
Density Loss 426.7615051269531
Density Loss 423.50726318359375
Density Loss 418.8330383300781
Density Loss 423.2321472167969
Density Loss 424.28900146484375
Density Loss 421.9537353515625
Density Loss 425.5077819824219
Density Loss 424.2997131347656
Density Loss 423.5198974609375
Density Loss 425.8505859375
Density Loss 418.66351318359375
Density Loss 425.97998046875
Density Loss 422.96270751953125
Density Loss 424.88702392578125
Density Loss 427.68682861328125
Density Loss 428.90216064453125
Density Loss 425.388427734375
Density Loss 422.62945556640625
Density Loss 427.06109619140625
Density Loss 424.50347900390625
Density Loss 423.5786437988281
Density Loss 420.9639892578125
Density Loss 425.8450622558594
Density Loss 430.4821472167969
Density Loss 431.00103759765625
Density Loss 421.96966552734375
Density Loss 423.41046142578125
Density Loss 425.09130859375
Density Loss 427.5807800292969
Density Loss 421.6448669433594
Density Loss 425.3192443847656
Density Loss 425.3563537597656
Density Loss 427.3802795410156
Density Loss 424.9439392089844
Density Loss 423.6146240234375
Density Loss 425.20703125
Density Loss 427.5073547363281
Density Loss 423.5040588378906
Density Loss 423.78631591796875
Density Loss 425.6555480957031
Density Loss 428.8713073730469
Density Loss 423.3793640136719
Density Loss 425.3759765625
Density Loss 427.3416748046875
Density Loss 425.04144287109375
Density Loss 426.6851806640625
Density Loss 427.5684814453125
Density Loss 432.8266296386719
Density Loss 426.0276794433594
Density Loss 422.50146484375
Density Loss 421.8634338378906
Density Loss 424.77008056640625
Density Loss 423.8257751464844
Density Loss 423.8087158203125
Density Loss 423.2279968261719
Density Loss 421.2424011230469
Density Loss 422.9406433105469
Density Loss 423.40545654296875
Density Loss 428.0513610839844
Density Loss 429.2925109863281
Density Loss 425.2720031738281
Density Loss 423.09814453125
Density Loss 423.2384948730469
Density Loss 424.77191162109375
Density Loss 425.1095886230469
Density Loss 424.9671630859375
Density Loss 426.3812255859375
Density Loss 422.07830810546875
Density Loss 429.5416564941406
Density Loss 424.4216613769531
Density Loss 426.06903076171875
Density Loss 423.645263671875
Density Loss 424.9917907714844
Density Loss 422.82366943359375
Density Loss 424.1347961425781
Density Loss 420.92193603515625
Density Loss 428.85223388671875
Density Loss 422.5538330078125
Density Loss 426.5809631347656
Density Loss 420.63531494140625
Density Loss 427.5643005371094
Density Loss 429.0656433105469
Density Loss 422.25726318359375
Density Loss 426.9370422363281
Density Loss 426.0702209472656
Density Loss 424.8123779296875
Density Loss 429.6039123535156
Density Loss 426.9757080078125
Density Loss 422.79229736328125
Density Loss 423.9118347167969
Density Loss 424.0397644042969
Density Loss 425.2434997558594
Density Loss 427.8742370605469
Density Loss 428.4250183105469
Density Loss 427.2373046875
Density Loss 423.435302734375
Density Loss 427.6011047363281
Density Loss 425.9355773925781
Density Loss 425.428466796875
Density Loss 424.50927734375
Density Loss 427.00518798828125
Density Loss 424.03631591796875
Density Loss 426.407958984375
Density Loss 432.0228576660156
Density Loss 427.79766845703125
Density Loss 426.0211181640625
Density Loss 424.0204162597656
Density Loss 427.3191223144531
Density Loss 426.86083984375
Density Loss 430.943115234375
Density Loss 420.98333740234375
Density Loss 423.6435241699219
Density Loss 428.09051513671875
Density Loss 430.5535888671875
Density Loss 421.8766174316406
Density Loss 427.4934997558594
Density Loss 420.30645751953125
Density Loss 425.69171142578125
Density Loss 426.42327880859375
Density Loss 422.47918701171875
Density Loss 434.8059997558594
Density Loss 424.3886413574219
Density Loss 423.36895751953125
Density Loss 428.9429626464844
Density Loss 422.9321594238281
Density Loss 422.767578125
Density Loss 423.5604248046875
Density Loss 423.9849853515625
Density Loss 426.84375
Density Loss 424.74420166015625
Density Loss 429.7302551269531
Density Loss 427.0724792480469
Density Loss 432.77099609375
Density Loss 426.306396484375
Density Loss 425.0406188964844
Density Loss 424.44000244140625
Density Loss 424.8895568847656
Density Loss 429.3619079589844
Density Loss 432.94439697265625
Density Loss 428.62066650390625
Density Loss 423.1381530761719
Density Loss 428.59942626953125
Density Loss 429.04058837890625
Density Loss 427.5348815917969
Density Loss 428.9909362792969
Density Loss 423.613037109375
Density Loss 428.2718200683594
Density Loss 430.6695556640625
Density Loss 427.6903076171875
Density Loss 428.8639831542969
Density Loss 428.4013366699219
Density Loss 431.0648193359375
Density Loss 427.3332214355469
Density Loss 432.0148010253906
Density Loss 427.99163818359375
Density Loss 423.4830322265625
Density Loss 429.5528259277344
Density Loss 427.589111328125
Density Loss 425.8219909667969
Density Loss 424.7010192871094
Density Loss 427.0025634765625
Density Loss 429.6971435546875
Density Loss 427.9555969238281
Density Loss 429.32415771484375
Density Loss 431.0213623046875
Density Loss 430.3664245605469
Density Loss 428.1807861328125
Density Loss 426.244140625
Density Loss 426.7991943359375
Density Loss 429.443603515625
Density Loss 427.5247802734375
Density Loss 427.36279296875
Density Loss 423.616943359375
Density Loss 428.0323181152344
Density Loss 427.943603515625
Density Loss 430.7835998535156
Density Loss 428.0846252441406
Density Loss 425.8501892089844
Density Loss 422.8808288574219
Density Loss 432.8131103515625
Density Loss 428.5789489746094
Density Loss 429.379638671875
Density Loss 423.2030334472656
Density Loss 426.28814697265625
Density Loss 430.50372314453125
Density Loss 425.8176574707031
Density Loss 428.73687744140625
Density Loss 431.3178405761719
Density Loss 430.8021545410156
Density Loss 424.1114196777344
Density Loss 428.8224182128906
Density Loss 422.86846923828125
Density Loss 424.4617919921875
Density Loss 428.56005859375
Density Loss 428.04461669921875
Density Loss 428.7424621582031
Density Loss 425.8392639160156
Density Loss 425.54461669921875
Density Loss 428.9924011230469
Density Loss 428.0472717285156
Density Loss 425.6389465332031
Density Loss 425.48162841796875
Density Loss 422.73822021484375
Density Loss 425.6878356933594
Density Loss 431.1115417480469
Density Loss 428.43035888671875
Density Loss 426.169189453125
Density Loss 428.06903076171875
Density Loss 431.67486572265625
Density Loss 428.4308776855469
Density Loss 434.65631103515625
Density Loss 431.4568786621094
Density Loss 427.96246337890625
Density Loss 430.5009765625
Density Loss 428.1811828613281
Density Loss 427.3429870605469
Density Loss 430.21710205078125
Density Loss 427.9258728027344
Density Loss 431.7376403808594
Density Loss 427.86907958984375
Density Loss 427.55078125
Density Loss 424.3285217285156
Density Loss 427.2991943359375
Density Loss 434.6814270019531
Density Loss 424.38201904296875
Density Loss 429.7500305175781
Density Loss 421.7844543457031
Density Loss 428.409423828125
Density Loss 433.1968688964844
Density Loss 427.9950256347656
Density Loss 425.36297607421875
Density Loss 428.3469543457031
Density Loss 432.0166320800781
Density Loss 426.62078857421875
Density Loss 428.3423767089844
Density Loss 434.4217529296875
Density Loss 431.03668212890625
Density Loss 428.9399108886719
Density Loss 428.58062744140625
Density Loss 432.38775634765625
Density Loss 428.97686767578125
Density Loss 422.0527038574219
Density Loss 426.0547790527344
Density Loss 427.9087829589844
Density Loss 427.513671875
Density Loss 431.3484191894531
Density Loss 424.2889404296875
Density Loss 425.14117431640625
Density Loss 429.71038818359375
Density Loss 422.2550964355469
Density Loss 424.7751770019531
Density Loss 428.5939636230469
Density Loss 429.5726623535156
Density Loss 427.4749755859375
Density Loss 431.87640380859375
Density Loss 429.22039794921875
Density Loss 431.1050720214844
Density Loss 427.1619873046875
Density Loss 432.0309753417969
Density Loss 429.1263122558594
Density Loss 425.09130859375
Density Loss 425.1386413574219
Density Loss 429.72637939453125
Density Loss 427.4215087890625
Density Loss 426.8434753417969
Density Loss 425.6119079589844
Density Loss 424.9500732421875
Density Loss 421.4991455078125
Density Loss 428.0336608886719
Density Loss 432.7996826171875
Density Loss 430.3303527832031
Density Loss 426.41009521484375
Density Loss 426.616943359375
Density Loss 426.0928649902344
Density Loss 426.8902282714844
Density Loss 426.5023193359375
Density Loss 431.885986328125
Density Loss 427.9881591796875
Density Loss 424.9667053222656
Density Loss 425.1663818359375
Density Loss 430.9002990722656
Density Loss 429.89215087890625
Density Loss 430.6339111328125
Density Loss 428.99896240234375
Density Loss 429.7481384277344
Density Loss 427.5781555175781
Density Loss 425.7739562988281
Density Loss 427.59515380859375
Density Loss 430.6026611328125
Density Loss 429.4500732421875
Density Loss 428.8387756347656
Density Loss 428.80645751953125
Density Loss 432.40093994140625
Density Loss 428.8062438964844
Density Loss 425.3580627441406
Density Loss 425.9684753417969
Density Loss 426.3345642089844
Density Loss 423.6360778808594
Density Loss 429.18646240234375
Density Loss 426.8362731933594
Density Loss 430.11566162109375
Density Loss 426.6411437988281
Density Loss 424.2790222167969
Density Loss 431.9165344238281
Density Loss 430.7363586425781
Density Loss 425.8128662109375
Density Loss 429.38079833984375
Density Loss 429.7895202636719
Density Loss 426.53375244140625
Density Loss 426.9641418457031
Density Loss 428.391357421875
Density Loss 423.2314147949219
Density Loss 432.08087158203125
Density Loss 426.9278259277344
Density Loss 429.78558349609375
Density Loss 425.22119140625
Density Loss 427.3844299316406
Density Loss 426.2478332519531
Density Loss 425.1932373046875
Density Loss 434.555419921875
Density Loss 433.801513671875
Density Loss 425.1713562011719
Density Loss 426.5805969238281
Density Loss 426.15399169921875
Density Loss 428.4635925292969
Density Loss 425.0373840332031
Density Loss 428.9159240722656
Density Loss 430.2630310058594
Density Loss 427.3019104003906
Density Loss 426.53179931640625
Density Loss 425.69342041015625
Density Loss 429.20745849609375
Density Loss 426.0247802734375
Density Loss 432.68255615234375
Density Loss 433.4637451171875
Density Loss 431.6893615722656
Density Loss 429.4607238769531
Density Loss 429.9637451171875
Density Loss 428.1149597167969
Density Loss 426.815673828125
Density Loss 429.2555236816406
Density Loss 426.4499206542969
Density Loss 428.160400390625
Density Loss 428.9782409667969
Density Loss 428.9565124511719
Density Loss 433.197265625
Density Loss 436.0771179199219
Density Loss 427.8500671386719
Density Loss 424.0604553222656
Density Loss 428.51318359375
Density Loss 429.6504211425781
Density Loss 425.75103759765625
Density Loss 428.74169921875
Density Loss 433.21124267578125
Density Loss 429.7698974609375
Density Loss 427.3250427246094
Density Loss 429.48333740234375
Density Loss 428.965576171875
Density Loss 431.2493591308594
Density Loss 423.7020263671875
Density Loss 430.7436828613281
Density Loss 433.5018310546875
Density Loss 425.9309387207031
Density Loss 427.6821594238281
Density Loss 434.6865539550781
Density Loss 429.287841796875
Density Loss 427.8912353515625
Density Loss 430.0939636230469
Density Loss 428.8977355957031
Density Loss 428.37127685546875
Density Loss 426.7657165527344
Density Loss 425.88726806640625
Density Loss 430.76885986328125
Density Loss 427.4162292480469
Density Loss 427.1991882324219
Density Loss 429.9623107910156
Density Loss 423.9185791015625
Density Loss 427.1371154785156
Density Loss 430.8656311035156
Density Loss 428.1117858886719
Density Loss 427.6822204589844
Density Loss 428.2983093261719
Density Loss 429.3197937011719
Density Loss 433.3184814453125
Density Loss 428.2460632324219
Density Loss 430.8765563964844
Density Loss 426.95263671875
Density Loss 429.5755615234375
Density Loss 424.7326354980469
Density Loss 434.3328552246094
Density Loss 428.6522216796875
Density Loss 427.52655029296875
Density Loss 427.3029479980469
Density Loss 431.1013488769531
Density Loss 434.6099548339844
Density Loss 426.7496032714844
Density Loss 432.2243347167969
Density Loss 431.8727111816406
Density Loss 428.5458679199219
Density Loss 434.0574951171875
Density Loss 424.5768737792969
Density Loss 430.33624267578125
Density Loss 430.1143798828125
Density Loss 434.5955810546875
Density Loss 430.7498779296875
Density Loss 427.95770263671875
Density Loss 427.0055847167969
Density Loss 429.2337341308594
Density Loss 426.9146423339844
Density Loss 431.10137939453125
Density Loss 432.8520812988281
Density Loss 428.10791015625
Density Loss 430.67340087890625
Density Loss 428.1443176269531
Density Loss 428.5490417480469
Density Loss 428.6013488769531
Density Loss 428.50762939453125
Density Loss 425.94366455078125
Density Loss 430.7354431152344
Density Loss 427.84429931640625
Density Loss 432.0348815917969
Density Loss 429.5405578613281
Density Loss 427.66766357421875
Density Loss 429.24169921875
Density Loss 432.2750244140625
Density Loss 431.81353759765625
Density Loss 429.6919860839844
Density Loss 434.26055908203125
Density Loss 431.8092041015625
Density Loss 434.4295959472656
Density Loss 427.5658264160156
Density Loss 429.9144287109375
Density Loss 428.4029541015625
Density Loss 433.08447265625
Density Loss 428.5830383300781
Density Loss 430.31414794921875
Density Loss 431.74951171875
Density Loss 429.3197937011719
Density Loss 428.51422119140625
Density Loss 424.22296142578125
Density Loss 423.8808288574219
Density Loss 429.68499755859375
Density Loss 432.5745544433594
Density Loss 429.0714416503906
Density Loss 434.56744384765625
Density Loss 431.76214599609375
Density Loss 433.1897888183594
Density Loss 427.4651184082031
Density Loss 431.456298828125
Density Loss 431.9970397949219
Density Loss 431.5859069824219
Density Loss 432.1595764160156
Density Loss 430.9838562011719
Density Loss 426.4017639160156
Density Loss 430.2939453125
Density Loss 428.4132385253906
Density Loss 429.7122802734375
Density Loss 433.9571838378906
Density Loss 430.5356750488281
Density Loss 427.2509460449219
Density Loss 426.7308654785156
Density Loss 431.8609619140625
Density Loss 434.445556640625
Density Loss 432.3061828613281
Density Loss 430.2333068847656
Density Loss 427.9097595214844
Density Loss 426.61102294921875
Density Loss 432.3449401855469
Density Loss 426.2841491699219
Density Loss 431.560302734375
Density Loss 432.3068542480469
Density Loss 432.2691955566406
Density Loss 435.0308837890625
Density Loss 428.908935546875
Density Loss 430.40118408203125
Density Loss 430.09637451171875
Density Loss 430.2594299316406
Density Loss 426.5846252441406
Density Loss 428.5961608886719
Density Loss 429.0651550292969
Density Loss 432.53973388671875
Density Loss 430.9360656738281
Density Loss 430.640380859375
Density Loss 430.2407531738281
Density Loss 428.0919189453125
Density Loss 427.63189697265625
Density Loss 429.5370178222656
Density Loss 427.48828125
Density Loss 427.5169982910156
Density Loss 427.2742004394531
Density Loss 437.35943603515625
Density Loss 432.2396545410156
Density Loss 427.1524658203125
Density Loss 429.9216003417969
Density Loss 429.10040283203125
Density Loss 436.53387451171875
Density Loss 431.06475830078125
Density Loss 434.6254577636719
Density Loss 432.5160827636719
Density Loss 425.52728271484375
Density Loss 432.63336181640625
Density Loss 429.0392761230469
Density Loss 431.35150146484375
Density Loss 435.2347106933594
Density Loss 427.610595703125
Density Loss 430.5704650878906
Density Loss 430.0695495605469
Density Loss 434.5995788574219
Density Loss 427.64605712890625
Density Loss 428.9493408203125
Density Loss 424.14263916015625
Density Loss 425.7418212890625
Density Loss 431.5787048339844
Density Loss 430.655517578125
Density Loss 429.90142822265625
Density Loss 428.46270751953125
Density Loss 429.04254150390625
Density Loss 432.36761474609375
Density Loss 434.3981628417969
Density Loss 435.9556579589844
Density Loss 430.2237854003906
Density Loss 431.2035217285156
Density Loss 428.6788024902344
Density Loss 435.0840148925781
Density Loss 435.49664306640625
Density Loss 435.1807556152344
Density Loss 423.4941101074219
Density Loss 431.1184387207031
Density Loss 432.1398620605469
Density Loss 432.5291748046875
Density Loss 432.8910217285156
Density Loss 434.4573059082031
Density Loss 430.7164306640625
Density Loss 431.1710205078125
Density Loss 430.1278991699219
Density Loss 427.4532775878906
Density Loss 426.1690368652344
Density Loss 435.9466247558594
Density Loss 429.1003112792969
Density Loss 426.82830810546875
Density Loss 431.10687255859375
Density Loss 428.0061950683594
Density Loss 433.3222351074219
Density Loss 430.9754638671875
Density Loss 429.9216003417969
Density Loss 438.8662414550781
Density Loss 433.9688720703125
Density Loss 432.177001953125
Density Loss 433.75457763671875
Density Loss 432.6194152832031
Density Loss 432.02142333984375
Density Loss 429.8094177246094
Density Loss 430.7125549316406
Density Loss 428.01214599609375
Density Loss 430.2882995605469
Density Loss 431.9865417480469
Density Loss 434.68597412109375
Density Loss 427.2323913574219
Density Loss 435.08160400390625
Density Loss 429.5900573730469
Density Loss 432.72412109375
Density Loss 429.8407897949219
Density Loss 429.4466247558594
Density Loss 434.86871337890625
Density Loss 434.0843200683594
Density Loss 431.603271484375
Density Loss 430.4473876953125
Density Loss 429.76025390625
Density Loss 431.834716796875
Density Loss 428.5996398925781
Density Loss 435.25799560546875
Density Loss 428.37835693359375
Density Loss 430.380615234375
Density Loss 428.2349548339844
Density Loss 429.99383544921875
Density Loss 428.7254943847656
Density Loss 428.1067199707031
Density Loss 431.2931213378906
Density Loss 431.5102233886719
Density Loss 431.2985534667969
Density Loss 434.8954772949219
Density Loss 434.1288757324219
Density Loss 433.08221435546875
Density Loss 429.55072021484375
Density Loss 432.4881896972656
Density Loss 432.3204345703125
Density Loss 426.74127197265625
Density Loss 431.967041015625
Density Loss 430.0183410644531
Density Loss 431.1163635253906
Density Loss 430.1173400878906
Density Loss 433.44110107421875
Density Loss 432.010986328125
Density Loss 431.29998779296875
Density Loss 431.2178955078125
Density Loss 432.3919982910156
Density Loss 428.6973571777344
Density Loss 428.86834716796875
Density Loss 430.2691955566406
Density Loss 439.2408752441406
Density Loss 432.1857604980469
Density Loss 432.60791015625
Density Loss 431.4331970214844
Density Loss 435.5232238769531
Density Loss 435.5158996582031
Density Loss 428.6894226074219
Density Loss 429.19158935546875
Density Loss 431.5732727050781
Density Loss 431.2348327636719
Density Loss 429.4046325683594
Density Loss 429.4113464355469
Density Loss 431.2056579589844
Density Loss 432.2378234863281
Density Loss 434.66070556640625
Density Loss 431.3796691894531
Density Loss 431.3374938964844
Density Loss 433.269775390625
Density Loss 433.3027038574219
Density Loss 428.5018005371094
Density Loss 429.88055419921875
Density Loss 432.72607421875
Density Loss 431.9955139160156
Density Loss 430.31982421875
Density Loss 431.7384948730469
Density Loss 426.8357849121094
Density Loss 431.9787902832031
Density Loss 431.476318359375
Density Loss 427.49737548828125
Density Loss 435.74774169921875
Density Loss 430.7555847167969
Density Loss 429.4739990234375
Density Loss 434.56182861328125
Density Loss 427.65313720703125
Density Loss 428.81170654296875
Density Loss 431.992431640625
Density Loss 426.1605529785156
Density Loss 429.7064208984375
Density Loss 437.3500671386719
Density Loss 431.15216064453125
Density Loss 431.7605895996094
Density Loss 430.08795166015625
Density Loss 434.600341796875
Density Loss 428.3515625
Density Loss 432.4749450683594
Density Loss 430.9782409667969
Density Loss 430.0836181640625
Density Loss 428.1399841308594
Density Loss 431.33990478515625
Density Loss 431.5699768066406
Density Loss 426.7447509765625
Density Loss 436.54241943359375
Density Loss 434.63543701171875
Density Loss 434.890380859375
Density Loss 435.97119140625
Density Loss 434.44183349609375
Density Loss 427.246337890625
Density Loss 426.9548034667969
Density Loss 437.4602355957031
Density Loss 434.8101501464844
Density Loss 433.5535888671875
Density Loss 430.66973876953125
Density Loss 432.89495849609375
Density Loss 432.2248840332031
Density Loss 432.3116149902344
Density Loss 434.42919921875
Density Loss 428.9349060058594
Density Loss 428.8487548828125
Density Loss 431.5565185546875
Density Loss 429.985107421875
Density Loss 433.7236022949219
Density Loss 431.55126953125
Density Loss 433.21295166015625
Density Loss 431.2613525390625
Density Loss 429.0428771972656
Density Loss 429.7102966308594
Density Loss 432.8235168457031
Density Loss 435.8263854980469
Density Loss 435.6315002441406
Density Loss 434.7618408203125
Density Loss 430.4305114746094
Density Loss 431.7113342285156
Density Loss 435.0233154296875
Density Loss 434.09576416015625
Density Loss 431.68182373046875
Density Loss 428.0382385253906
Density Loss 427.79962158203125
Density Loss 434.9285583496094
Density Loss 429.30487060546875
Density Loss 441.1313781738281
Density Loss 433.9473876953125
Density Loss 436.9975891113281
Density Loss 433.95263671875
Density Loss 430.2821350097656
Density Loss 433.2149963378906
Density Loss 433.175537109375
Density Loss 432.02496337890625
Density Loss 430.04461669921875
Density Loss 428.74383544921875
Density Loss 435.3212585449219
Density Loss 429.7379455566406
Density Loss 434.2622985839844
Density Loss 433.0897521972656
Density Loss 431.98480224609375
Density Loss 435.32183837890625
Density Loss 432.98834228515625
Density Loss 432.41351318359375
Density Loss 431.0655212402344
Density Loss 433.8318176269531
Density Loss 430.57855224609375
Density Loss 432.8735046386719
Density Loss 434.9617614746094
Density Loss 426.8736267089844
Density Loss 433.09808349609375
Density Loss 433.55511474609375
Density Loss 434.4855041503906
Density Loss 430.73974609375
Density Loss 436.1474304199219
Density Loss 433.1324768066406
Density Loss 434.0350341796875
Density Loss 433.84991455078125
Density Loss 434.1850280761719
Density Loss 434.38909912109375
Density Loss 434.9039611816406
Density Loss 427.595947265625
Density Loss 434.7590026855469
Density Loss 436.8935852050781
Density Loss 436.130859375
Density Loss 434.3133239746094
Density Loss 433.5968017578125
Density Loss 435.35650634765625
Density Loss 435.6800842285156
Density Loss 435.5237121582031
Density Loss 433.5237121582031
Density Loss 432.2717590332031
Density Loss 430.1341552734375
Density Loss 433.3367614746094
Density Loss 427.3936767578125
Density Loss 428.3746643066406
Density Loss 428.40191650390625
Density Loss 440.2882385253906
Density Loss 435.414794921875
Density Loss 432.1604309082031
Density Loss 428.8789978027344
Density Loss 429.13031005859375
Density Loss 429.71142578125
Density Loss 434.1136779785156
Density Loss 434.4414978027344
Density Loss 436.2353515625
Density Loss 430.9555969238281
Density Loss 432.41021728515625
Density Loss 435.5425109863281
Density Loss 438.07672119140625
Density Loss 433.6382141113281
Density Loss 433.739501953125
Density Loss 430.9161376953125
Density Loss 434.0683898925781
Density Loss 437.3477783203125
Density Loss 430.2249450683594
Density Loss 436.2583923339844
Density Loss 432.4607238769531
Density Loss 428.4945373535156
Density Loss 432.9754333496094
Density Loss 432.29779052734375
Density Loss 431.43890380859375
Density Loss 432.2562255859375
Density Loss 437.7769470214844
Density Loss 432.9234313964844
Density Loss 435.10736083984375
Density Loss 431.6599426269531
Density Loss 428.9264831542969
Density Loss 434.4453430175781
Density Loss 434.16070556640625
Density Loss 431.9436950683594
Density Loss 431.763916015625
Density Loss 438.4223937988281
Density Loss 431.10223388671875
Density Loss 432.0359802246094
Density Loss 435.4044189453125
Density Loss 436.8690185546875
Density Loss 432.2621154785156
Density Loss 434.5394287109375
Density Loss 435.3662414550781
Density Loss 431.0633544921875
Density Loss 431.89239501953125
Density Loss 436.1841125488281
Density Loss 431.9283752441406
Density Loss 431.4710693359375
Density Loss 430.19403076171875
Density Loss 434.26654052734375
Density Loss 429.9309387207031
Density Loss 441.0414733886719
Density Loss 433.6867370605469
Density Loss 430.6765441894531
Density Loss 431.81243896484375
Density Loss 436.056640625
Density Loss 431.11474609375
Density Loss 435.3283996582031
Density Loss 437.6850280761719
Density Loss 435.9205627441406
Density Loss 432.21917724609375
Density Loss 439.30157470703125
Density Loss 435.9231872558594
Density Loss 431.5771789550781
Density Loss 438.0781555175781
Density Loss 432.06787109375
Density Loss 431.8063049316406
Density Loss 430.4313049316406
Density Loss 435.5307922363281
Density Loss 431.0064697265625
Density Loss 429.858642578125
Density Loss 431.0185546875
Density Loss 433.8133850097656
Density Loss 433.53594970703125
Density Loss 431.0377197265625
Density Loss 433.05035400390625
Density Loss 435.0323181152344
Density Loss 436.9575500488281
Density Loss 435.6179504394531
Density Loss 433.5582275390625
Density Loss 427.3195495605469
Density Loss 435.9484558105469
Density Loss 434.0545349121094
Density Loss 430.6695556640625
Density Loss 436.4871826171875
Density Loss 433.6764831542969
Density Loss 432.0174560546875
Density Loss 433.9685974121094
Density Loss 431.9631042480469
Density Loss 429.497314453125
Density Loss 439.92822265625
Density Loss 435.7054138183594
Density Loss 432.0242004394531
Density Loss 435.1295471191406
Density Loss 437.0185546875
Density Loss 435.7810363769531
Density Loss 432.0211181640625
Density Loss 432.4549560546875
Density Loss 436.8797912597656
Density Loss 433.2039794921875
Density Loss 433.8086242675781
Density Loss 432.7666320800781
Density Loss 432.2734375
Density Loss 431.2177429199219
Density Loss 434.50213623046875
Density Loss 436.13525390625
Density Loss 432.2151184082031
Density Loss 431.0306396484375
Density Loss 433.7098693847656
Density Loss 435.3387756347656
Density Loss 434.53973388671875
Density Loss 435.8604736328125
Density Loss 433.51416015625
Density Loss 438.6750183105469
Density Loss 434.6623840332031
Density Loss 432.0457458496094
Density Loss 434.4012756347656
Density Loss 436.7752685546875
Density Loss 431.1870422363281
Density Loss 435.8298645019531
Density Loss 434.7861633300781
Density Loss 431.90631103515625
Density Loss 436.7421569824219
Density Loss 435.05743408203125
Density Loss 429.41302490234375
Density Loss 438.131103515625
Density Loss 433.518798828125
Density Loss 433.8057556152344
Density Loss 432.2117919921875
Density Loss 435.0820007324219
Density Loss 435.7835388183594
Density Loss 438.25238037109375
Density Loss 429.1766357421875
Density Loss 435.99273681640625
Density Loss 434.46124267578125
Density Loss 433.9983825683594
Density Loss 439.86871337890625
Density Loss 433.0391540527344
Density Loss 439.5346374511719
Density Loss 437.1851806640625
Density Loss 432.7490539550781
Density Loss 435.5107116699219
Density Loss 432.3658752441406
Density Loss 432.8638610839844
Density Loss 435.83477783203125
Density Loss 436.3935852050781
Density Loss 438.34967041015625
Density Loss 436.27813720703125
Density Loss 432.7893981933594
Density Loss 434.7060546875
Density Loss 434.51495361328125
Density Loss 435.43438720703125
Density Loss 433.8743896484375
Density Loss 439.5986633300781
Density Loss 434.03997802734375
Density Loss 438.4217224121094
Density Loss 440.0929870605469
Density Loss 436.3246154785156
Density Loss 433.9391174316406
Density Loss 437.6717224121094
Density Loss 434.6513366699219
Density Loss 430.23956298828125
Density Loss 436.2562255859375
Density Loss 430.2919006347656
Density Loss 433.7597351074219
Density Loss 432.15911865234375
Density Loss 436.013427734375
Density Loss 433.7223815917969
Density Loss 436.4038391113281
Density Loss 434.9729919433594
Density Loss 432.2352294921875
Density Loss 430.9366760253906
Density Loss 431.2705383300781
Density Loss 436.4097900390625
Density Loss 437.141357421875
Density Loss 437.7810363769531
Density Loss 436.5420227050781
Density Loss 437.5879821777344
Density Loss 434.7528381347656
Density Loss 442.6476745605469
Density Loss 436.3656311035156
Density Loss 439.0467224121094
Density Loss 434.48095703125
Density Loss 433.7243347167969
Density Loss 432.4137878417969
Density Loss 435.876953125
Density Loss 437.9383850097656
Density Loss 436.5013122558594
Density Loss 436.9464416503906
Density Loss 437.62744140625
Density Loss 432.3556213378906
Density Loss 431.3793640136719
Density Loss 433.53411865234375
Density Loss 435.1407775878906
Density Loss 438.608154296875
Density Loss 429.9309997558594
Density Loss 437.29144287109375
Density Loss 435.2161560058594
Density Loss 434.45184326171875
Density Loss 433.1927490234375
Density Loss 432.1595153808594
Density Loss 437.966064453125
Density Loss 435.43511962890625
Density Loss 434.8387145996094
Density Loss 434.0585632324219
Density Loss 439.63885498046875
Density Loss 438.928955078125
Density Loss 429.87860107421875
Density Loss 436.1279602050781
Density Loss 433.560791015625
Density Loss 438.2455749511719
Density Loss 433.18963623046875
Density Loss 435.5260009765625
Density Loss 433.7254333496094
Density Loss 435.4555358886719
Density Loss 438.17449951171875
Density Loss 434.3352355957031
Density Loss 438.0666198730469
Density Loss 430.90704345703125
Density Loss 435.9465026855469
Density Loss 436.4521789550781
Density Loss 436.5375061035156
Density Loss 431.2462158203125
Density Loss 431.075439453125
Density Loss 433.1271057128906
Density Loss 434.39837646484375
Density Loss 434.98828125
Density Loss 433.5585632324219
Density Loss 435.3465576171875
Density Loss 438.7882995605469
Density Loss 439.6899108886719
Density Loss 437.9020690917969
Density Loss 433.5791931152344
Density Loss 430.22906494140625
Density Loss 434.4887390136719
Density Loss 431.3592834472656
Density Loss 433.2373046875
Density Loss 436.4783020019531
Density Loss 433.18145751953125
Density Loss 431.2989807128906
Density Loss 433.4128723144531
Density Loss 435.15191650390625
Density Loss 440.5347900390625
Density Loss 437.6248779296875
Density Loss 436.76947021484375
Density Loss 436.7505798339844
Density Loss 437.961669921875
Density Loss 434.6531982421875
Density Loss 439.9140319824219
Density Loss 436.0155944824219
Density Loss 438.3696594238281
Density Loss 439.4848937988281
Density Loss 439.3883972167969
Density Loss 434.7777404785156
Density Loss 435.8891906738281
Density Loss 435.2245178222656
Density Loss 437.72802734375
Density Loss 437.366455078125
Density Loss 432.6387634277344
Density Loss 431.10443115234375
Density Loss 432.4688720703125
Density Loss 434.71807861328125
Density Loss 434.10955810546875
Density Loss 432.9947814941406
Density Loss 435.8374938964844
Density Loss 433.3827209472656
Density Loss 434.29937744140625
Density Loss 433.7996826171875
Density Loss 436.1487121582031
Density Loss 438.4503173828125
Density Loss 432.95758056640625
Density Loss 436.2303161621094
Density Loss 435.985107421875
Density Loss 432.8697509765625
Density Loss 435.87835693359375
Density Loss 432.6796569824219
Density Loss 436.1149597167969
Density Loss 443.08563232421875
Density Loss 433.8131408691406
Density Loss 438.3343811035156
Density Loss 434.5376281738281
Density Loss 440.484619140625
Density Loss 433.003662109375
Density Loss 433.8457946777344
Density Loss 437.9727783203125
Density Loss 436.51678466796875
Density Loss 435.8921203613281
Density Loss 434.42254638671875
Density Loss 443.9090270996094
Density Loss 436.6257629394531
Density Loss 436.6839599609375
Density Loss 435.5549621582031
Density Loss 439.30023193359375
Density Loss 436.9260559082031
Density Loss 436.5119934082031
Density Loss 440.4124755859375
Density Loss 433.87286376953125
Density Loss 433.52215576171875
Density Loss 438.4217529296875
Density Loss 436.2686767578125
Density Loss 431.3955993652344
Density Loss 433.9631042480469
Density Loss 431.09222412109375
Density Loss 437.3755187988281
Density Loss 434.4912414550781
Density Loss 432.795654296875
Density Loss 434.359375
Density Loss 434.98822021484375
Density Loss 437.8965759277344
Density Loss 436.6927185058594
Density Loss 431.4790344238281
Density Loss 434.738037109375
Density Loss 432.2743835449219
Density Loss 431.9735107421875
Density Loss 437.6408996582031
Density Loss 435.0089416503906
Density Loss 434.6200256347656
Density Loss 437.82550048828125
Density Loss 439.18475341796875
Density Loss 437.280029296875
Density Loss 434.159912109375
Density Loss 440.52691650390625
Density Loss 435.9712219238281
Density Loss 438.8443908691406
Density Loss 435.7430419921875
Density Loss 437.3037414550781
Density Loss 436.65966796875
Density Loss 437.71514892578125
Density Loss 436.56646728515625
Density Loss 432.83135986328125
Density Loss 434.2472839355469
Density Loss 437.94842529296875
Density Loss 439.5096740722656
Density Loss 434.9449157714844
Density Loss 439.40936279296875
Density Loss 433.4874267578125
Density Loss 439.36614990234375
Density Loss 436.0403137207031
Density Loss 433.4633483886719
Density Loss 436.857421875
Density Loss 432.68170166015625
Density Loss 434.8315124511719
Density Loss 440.1294250488281
Density Loss 434.1763000488281
Density Loss 438.8316345214844
Density Loss 437.1005554199219
Density Loss 435.9536437988281
Density Loss 436.9522399902344
Density Loss 429.7130432128906
Density Loss 430.37725830078125
Density Loss 433.9010009765625
Density Loss 438.9149169921875
Density Loss 439.16070556640625
Density Loss 435.738037109375
Density Loss 440.1193542480469
Density Loss 435.97003173828125
Density Loss 433.46429443359375
Density Loss 436.6524963378906
Density Loss 436.90704345703125
Density Loss 437.1795959472656
Density Loss 440.3533630371094
Density Loss 436.5906677246094
Density Loss 438.9229431152344
Density Loss 437.04290771484375
Density Loss 434.32843017578125
Density Loss 437.4678649902344
Density Loss 441.53802490234375
Density Loss 435.5235900878906
Density Loss 433.4739074707031
Density Loss 439.7242431640625
Density Loss 438.9978942871094
Density Loss 433.9615478515625
Density Loss 440.5630187988281
Density Loss 433.7283020019531
Density Loss 438.2375183105469
Density Loss 439.2369384765625
Density Loss 432.19921875
Density Loss 434.8661193847656
Density Loss 433.3239440917969
Density Loss 436.8548583984375
Density Loss 436.8011169433594
Density Loss 435.600830078125
Density Loss 434.3807373046875
Density Loss 432.8860778808594
Density Loss 441.0595397949219
Density Loss 437.1454162597656
Density Loss 437.8497009277344
Density Loss 435.2892150878906
Density Loss 434.65863037109375
Density Loss 439.6600341796875
Density Loss 438.981201171875
Density Loss 435.060302734375
Density Loss 439.5345458984375
Density Loss 434.5781555175781
Density Loss 437.522216796875
Density Loss 435.7469787597656
Density Loss 436.2117004394531
Density Loss 436.31695556640625
Density Loss 440.13946533203125
Density Loss 437.0841369628906
Density Loss 440.7790222167969
Density Loss 433.4203796386719
Density Loss 436.3428649902344
Density Loss 434.9685974121094
Density Loss 438.7131042480469
Density Loss 436.1303405761719
Density Loss 429.9444274902344
Density Loss 435.27374267578125
Density Loss 442.2834777832031
Density Loss 437.051025390625
Density Loss 441.1826171875
Density Loss 439.133056640625
Density Loss 434.4098205566406
Density Loss 434.6889343261719
Density Loss 436.1278991699219
Density Loss 440.39617919921875
Density Loss 440.1322937011719
Density Loss 437.86102294921875
Density Loss 443.0024719238281
Density Loss 437.842041015625
Density Loss 436.7931213378906
Density Loss 436.34515380859375
Density Loss 437.68670654296875
Density Loss 433.5120544433594
Density Loss 438.0437927246094
Density Loss 438.333740234375
Density Loss 434.1149597167969
Density Loss 434.7951965332031
Density Loss 440.8899230957031
Density Loss 437.9349365234375
Density Loss 431.23095703125
Density Loss 439.9360656738281
Density Loss 437.3179931640625
Density Loss 434.5809631347656
Density Loss 436.8304748535156
Density Loss 438.38677978515625
Density Loss 436.0857238769531
Density Loss 435.2917175292969
Density Loss 436.1019592285156
Density Loss 436.9704284667969
Density Loss 438.06878662109375
Density Loss 436.3758239746094
Density Loss 439.04638671875
Density Loss 438.6590576171875
Density Loss 444.2522277832031
Density Loss 436.3529968261719
Density Loss 436.38232421875
Density Loss 440.395263671875
Density Loss 433.2471923828125
Density Loss 437.6836242675781
Density Loss 437.2633361816406
Density Loss 439.2158203125
Density Loss 438.3108215332031
Density Loss 436.2364807128906
Density Loss 433.2834167480469
Density Loss 432.4546813964844
Density Loss 434.5726318359375
Density Loss 441.7514343261719
Density Loss 438.7288818359375
Density Loss 439.4164733886719
Density Loss 441.5505065917969
Density Loss 440.449951171875
Density Loss 439.9102783203125
Density Loss 436.06573486328125
Density Loss 441.2995910644531
Density Loss 440.5571594238281
Density Loss 437.0072326660156
Density Loss 438.9748229980469
Density Loss 436.0171203613281
Density Loss 438.6317138671875
Density Loss 436.7288818359375
Density Loss 433.3933410644531
Density Loss 441.0537109375
Density Loss 442.90545654296875
Density Loss 437.08050537109375
Density Loss 436.0063781738281
Density Loss 434.3069763183594
Density Loss 438.2427978515625
Density Loss 435.6564636230469
Density Loss 440.9007873535156
Density Loss 437.11309814453125
Density Loss 438.246826171875
Density Loss 437.654541015625
Density Loss 440.603759765625
Density Loss 441.4143981933594
Density Loss 435.24884033203125
Density Loss 443.3333435058594
Density Loss 435.4805908203125
Density Loss 439.9432678222656
Density Loss 437.69970703125
Density Loss 441.1295166015625
Density Loss 435.8800964355469
Density Loss 434.616943359375
Density Loss 436.566162109375
Density Loss 436.0814208984375
Density Loss 440.2008361816406
Density Loss 440.1054992675781
Density Loss 440.3705139160156
Density Loss 436.8990173339844
Density Loss 433.8637390136719
Density Loss 443.18670654296875
Density Loss 440.71319580078125
Density Loss 432.928955078125
Density Loss 438.74322509765625
Density Loss 438.673095703125
Density Loss 438.8991394042969
Density Loss 439.008544921875
Density Loss 435.6713562011719
Density Loss 441.4790344238281
Density Loss 438.19207763671875
Density Loss 438.29278564453125
Density Loss 439.7023010253906
Density Loss 437.22894287109375
Density Loss 435.1003112792969
Density Loss 438.5563049316406
Density Loss 437.9705810546875
Density Loss 439.018310546875
Density Loss 438.5489501953125
Density Loss 440.01678466796875
Density Loss 437.6385192871094
Density Loss 438.4481201171875
Density Loss 437.2331848144531
Density Loss 442.4443054199219
Density Loss 436.7784729003906
Density Loss 437.2043762207031
Density Loss 436.783935546875
Density Loss 441.5775146484375
Density Loss 442.86566162109375
Density Loss 436.8217468261719
Density Loss 440.74285888671875
Density Loss 438.93743896484375
Density Loss 435.8284606933594
Density Loss 441.65447998046875
Density Loss 436.41790771484375
Density Loss 440.5264587402344
Density Loss 438.262939453125
Density Loss 444.5876770019531
Density Loss 440.8691101074219
Density Loss 438.6249084472656
Density Loss 442.3970031738281
Density Loss 437.414794921875
Density Loss 439.3816833496094
Density Loss 434.14520263671875
Density Loss 439.12786865234375
Density Loss 435.6134948730469
Density Loss 441.2878723144531
Density Loss 436.6007995605469
Density Loss 436.6731872558594
Density Loss 434.9814147949219
Density Loss 440.5644836425781
Density Loss 438.42333984375
Density Loss 437.660400390625
Density Loss 443.0951843261719
Density Loss 439.2892761230469
Density Loss 436.10125732421875
Density Loss 442.42431640625
Density Loss 433.80322265625
Density Loss 438.8166198730469
Density Loss 436.1689453125
Density Loss 438.2561950683594
Density Loss 437.2873229980469
Density Loss 437.93798828125
Density Loss 437.5063171386719
Density Loss 435.7087097167969
Density Loss 439.06622314453125
Density Loss 438.8039855957031
Density Loss 440.2718811035156
Density Loss 439.88677978515625
Density Loss 439.3988952636719
Density Loss 435.6898193359375
Density Loss 435.88751220703125
Density Loss 441.54840087890625
Density Loss 440.39971923828125
Density Loss 438.8274230957031
Density Loss 436.48956298828125
Density Loss 440.6645202636719
Density Loss 440.9884033203125
Density Loss 439.8876647949219
Density Loss 441.88677978515625
Density Loss 440.47528076171875
Density Loss 439.16534423828125
Density Loss 438.92803955078125
Density Loss 435.5884704589844
Density Loss 440.2564697265625
Density Loss 444.4150390625
Density Loss 439.0631103515625
Density Loss 444.7135925292969
Density Loss 441.8439025878906
Density Loss 438.2777404785156
Density Loss 441.08526611328125
Density Loss 440.5949401855469
Density Loss 434.36297607421875
Density Loss 446.2232971191406
Density Loss 436.8314208984375
Density Loss 436.0918273925781
Density Loss 440.2660217285156
Density Loss 435.6141052246094
Density Loss 438.71588134765625
Density Loss 437.30511474609375
Density Loss 436.4064636230469
Density Loss 442.3421630859375
Density Loss 443.1178283691406
Density Loss 437.2762756347656
Density Loss 439.37005615234375
Density Loss 440.10614013671875
Density Loss 441.2667541503906
Density Loss 438.8087158203125
Density Loss 440.8121032714844
Density Loss 438.5931091308594
Density Loss 440.7969970703125
Density Loss 434.8011474609375
Density Loss 441.1768798828125
Density Loss 442.7786560058594
Density Loss 439.23638916015625
Density Loss 437.70391845703125
Density Loss 441.44635009765625
Density Loss 439.7419128417969
Density Loss 440.5672607421875
Density Loss 436.83984375
Density Loss 437.2066345214844
Density Loss 437.1174011230469
Density Loss 439.2555847167969
Density Loss 442.27398681640625
Density Loss 439.4951171875
Density Loss 439.0608825683594
Density Loss 436.7310791015625
Density Loss 439.3872375488281
Density Loss 443.1875
Density Loss 445.8240661621094
Density Loss 439.9195861816406
Density Loss 437.3958435058594
Density Loss 435.528076171875
Density Loss 440.66021728515625
Density Loss 438.70184326171875
Density Loss 441.7493591308594
Density Loss 442.29833984375
Density Loss 440.842041015625
Density Loss 435.8405456542969
Density Loss 442.53326416015625
Density Loss 442.51483154296875
Density Loss 443.51513671875
Density Loss 443.8765563964844
Density Loss 436.6817626953125
Density Loss 440.546630859375
Density Loss 435.1401062011719
Density Loss 438.3022766113281
Density Loss 442.62646484375
Density Loss 440.1505432128906
Density Loss 437.45550537109375
Density Loss 437.4705505371094
Density Loss 441.1175537109375
Density Loss 440.9568786621094
Density Loss 437.56951904296875
Density Loss 441.884033203125
Density Loss 441.5426330566406
Density Loss 440.41766357421875
Density Loss 441.2276306152344
Density Loss 440.8634338378906
Density Loss 442.0325622558594
Density Loss 439.37237548828125
Density Loss 441.8736572265625
Density Loss 438.0644226074219
Density Loss 442.006591796875
Density Loss 441.10260009765625
Density Loss 436.9285888671875
Density Loss 435.6715393066406
Density Loss 437.4309387207031
Density Loss 439.7887878417969
Density Loss 443.41607666015625
Density Loss 442.8905944824219
Density Loss 442.6139221191406
Density Loss 436.3235168457031
Density Loss 441.20855712890625
Density Loss 438.7993469238281
Density Loss 438.1194152832031
Density Loss 436.79229736328125
Density Loss 438.55389404296875
Density Loss 440.5507507324219
Density Loss 439.3031921386719
Density Loss 441.7063903808594
Density Loss 434.1689758300781
Density Loss 440.8465576171875
Density Loss 442.15533447265625
Density Loss 437.01910400390625
Density Loss 440.82666015625
Density Loss 442.32330322265625
Density Loss 443.7964782714844
Density Loss 439.833984375
Density Loss 440.0107116699219
Density Loss 439.2626953125
Density Loss 437.331298828125
Density Loss 439.16412353515625
Density Loss 439.2588195800781
Density Loss 440.2406005859375
Density Loss 441.9937438964844
Density Loss 436.9055480957031
Density Loss 438.2594299316406
Density Loss 442.7110595703125
Density Loss 441.27471923828125
Density Loss 442.9267883300781
Density Loss 437.5494384765625
Density Loss 436.8028564453125
Density Loss 436.6590576171875
Density Loss 442.1487121582031
Density Loss 440.32781982421875
Density Loss 440.5784606933594
Density Loss 441.9456787109375
Density Loss 435.4208679199219
Density Loss 438.0113525390625
Density Loss 441.7264709472656
Density Loss 441.9414978027344
Density Loss 443.95623779296875
Density Loss 443.1571044921875
Density Loss 438.3157958984375
Density Loss 440.10174560546875
Density Loss 438.8831481933594
Density Loss 441.881591796875
Density Loss 446.1788024902344
Density Loss 441.4097900390625
Density Loss 442.1839904785156
Density Loss 441.0361633300781
Density Loss 443.78814697265625
Density Loss 439.00518798828125
Density Loss 436.0001525878906
Density Loss 440.9566345214844
Density Loss 443.4777526855469
Density Loss 439.3287048339844
Density Loss 440.5384216308594
Density Loss 441.2721862792969
Density Loss 440.3181457519531
Density Loss 441.73712158203125
Density Loss 445.6897888183594
Density Loss 435.0585632324219
Density Loss 444.43902587890625
Density Loss 439.05810546875
Density Loss 440.10711669921875
Density Loss 442.2315979003906
Density Loss 442.41168212890625
Density Loss 443.7381591796875
Density Loss 437.25439453125
Density Loss 442.4924621582031
Density Loss 437.70892333984375
Density Loss 443.6292724609375
Density Loss 443.1523742675781
Density Loss 440.85150146484375
Density Loss 439.5768737792969
Density Loss 443.4628601074219
Density Loss 440.4712829589844
Density Loss 440.88055419921875
Density Loss 438.7942199707031
Density Loss 440.29638671875
Density Loss 439.6199035644531
Density Loss 442.69842529296875
Density Loss 443.2735900878906
Density Loss 437.1323547363281
Density Loss 443.9920654296875
Density Loss 442.7270202636719
Density Loss 443.5782165527344
Density Loss 442.1830139160156
Density Loss 446.6053466796875
Density Loss 442.1844787597656
Density Loss 439.4542236328125
Density Loss 441.4140625
Density Loss 438.6040954589844
Density Loss 446.5986633300781
Density Loss 441.0605163574219
Density Loss 440.65777587890625
Density Loss 445.3201599121094
Density Loss 441.34515380859375
Density Loss 442.41534423828125
Density Loss 443.6324768066406
Density Loss 439.5603942871094
Density Loss 441.31951904296875
Density Loss 441.9761962890625
Density Loss 442.1093444824219
Density Loss 438.1837463378906
Density Loss 439.0921936035156
Density Loss 442.8706359863281
Density Loss 444.32586669921875
Density Loss 437.51312255859375
Density Loss 442.9403076171875
Density Loss 441.9140625
Density Loss 435.9300231933594
Density Loss 442.28118896484375
Density Loss 443.97637939453125
Density Loss 444.5111999511719
Density Loss 439.5133056640625
Density Loss 445.0919189453125
Density Loss 440.7221374511719
Density Loss 442.5760803222656
Density Loss 443.9897766113281
Density Loss 442.6142578125
Density Loss 443.0359802246094
Density Loss 437.87103271484375
Density Loss 442.7705993652344
Density Loss 441.0386962890625
Density Loss 439.9887390136719
Density Loss 441.3948669433594
Density Loss 440.0934143066406
Density Loss 441.5962219238281
Density Loss 445.01544189453125
Density Loss 440.71295166015625
Density Loss 437.885498046875
Density Loss 440.6714172363281
Density Loss 442.5820617675781
Density Loss 442.61614990234375
Density Loss 442.4423828125
Density Loss 443.0155944824219
Density Loss 446.57879638671875
Density Loss 439.9246826171875
Density Loss 440.30047607421875
Density Loss 439.8279113769531
Density Loss 441.5208740234375
Density Loss 442.50726318359375
Density Loss 441.6175842285156
Density Loss 447.4272766113281
Density Loss 438.2879638671875
Density Loss 443.61798095703125
Density Loss 443.0631103515625
Density Loss 439.4075927734375
Density Loss 443.2151184082031
Density Loss 440.9372253417969
Density Loss 442.8155822753906
Density Loss 439.0665588378906
Density Loss 445.3306579589844
Density Loss 442.8001403808594
Density Loss 442.0911560058594
Density Loss 448.791015625
Density Loss 444.559814453125
Density Loss 440.8961486816406
Density Loss 440.2591857910156
Density Loss 442.24334716796875
Density Loss 440.9431457519531
Density Loss 447.2409362792969
Density Loss 441.7401428222656
Density Loss 438.3946838378906
Density Loss 442.796875
Density Loss 440.7564697265625
Density Loss 447.04742431640625
Density Loss 440.7326354980469
Density Loss 442.3102722167969
Density Loss 440.0555419921875
Density Loss 442.16583251953125
Density Loss 436.296142578125
Density Loss 438.8081970214844
Density Loss 442.7869567871094
Density Loss 443.7188720703125
Density Loss 440.4319152832031
Density Loss 442.74566650390625
Density Loss 443.6108703613281
Density Loss 441.7987976074219
Density Loss 444.1188659667969
Density Loss 440.0483093261719
Density Loss 440.84454345703125
Density Loss 448.68853759765625
Density Loss 443.0265197753906
Density Loss 443.61065673828125
Density Loss 441.1343994140625
Density Loss 441.34814453125
Density Loss 443.517333984375
Density Loss 442.3343811035156
Density Loss 442.5288391113281
Density Loss 440.5262145996094
Density Loss 438.3889465332031
Density Loss 446.20159912109375
Density Loss 445.7658386230469
Density Loss 441.2840576171875
Density Loss 444.0825500488281
Density Loss 443.1596984863281
Density Loss 446.896240234375
Density Loss 444.4927978515625
Density Loss 446.9260559082031
Density Loss 444.277587890625
Density Loss 443.22760009765625
Density Loss 442.840576171875
Density Loss 442.76422119140625
Density Loss 441.5362548828125
Density Loss 440.14703369140625
Density Loss 441.5151062011719
Density Loss 440.32568359375
Density Loss 442.0281982421875
Density Loss 444.115234375
Density Loss 441.1136779785156
Density Loss 444.786376953125
Density Loss 446.0556640625
Density Loss 444.2514343261719
Density Loss 445.1903076171875
Density Loss 443.8358154296875
Density Loss 439.5075988769531
Density Loss 447.20184326171875
Density Loss 448.4849548339844
Density Loss 445.0743408203125
Density Loss 437.17510986328125
Density Loss 440.68505859375
Density Loss 443.70953369140625
Density Loss 444.03900146484375
Density Loss 445.53802490234375
Density Loss 443.0935974121094
Density Loss 443.433837890625
Density Loss 444.9061584472656
Density Loss 440.45501708984375
Density Loss 441.2283020019531
Density Loss 439.573974609375
Density Loss 439.9330139160156
Density Loss 443.24285888671875
Density Loss 441.4972839355469
Density Loss 443.55010986328125
Density Loss 443.5287780761719
Density Loss 443.0670166015625
Density Loss 437.9584655761719
Density Loss 447.8069152832031
Density Loss 440.2615966796875
Density Loss 444.3150634765625
Density Loss 439.1236572265625
Density Loss 437.2810363769531
Density Loss 440.602783203125
Density Loss 441.7508544921875
Density Loss 445.8463439941406
Density Loss 443.8320007324219
Density Loss 440.4159851074219
Density Loss 442.4039001464844
Density Loss 446.46942138671875
Density Loss 439.8850402832031
Density Loss 446.2693786621094
Density Loss 439.6407165527344
Density Loss 441.6422424316406
Density Loss 439.9381408691406
Density Loss 448.5344543457031
Density Loss 444.4611511230469
Density Loss 447.1744689941406
Density Loss 440.0058288574219
Density Loss 444.0921630859375
Density Loss 445.4078369140625
Density Loss 440.05517578125
Density Loss 441.5108947753906
Density Loss 443.9293518066406
Density Loss 444.1659851074219
Density Loss 440.6209411621094
Density Loss 442.6466369628906
Density Loss 443.82159423828125
Density Loss 444.7939758300781
Density Loss 444.0346374511719
Density Loss 443.5886535644531
Density Loss 440.4359130859375
Density Loss 442.5103759765625
Density Loss 439.27911376953125
Density Loss 439.3328552246094
Density Loss 446.7392578125
Density Loss 445.72308349609375
Density Loss 440.6111145019531
Density Loss 438.0054626464844
Density Loss 440.7325744628906
Density Loss 443.37823486328125
Density Loss 442.4574279785156
Density Loss 441.345947265625
Density Loss 445.5372619628906
Density Loss 443.53741455078125
Density Loss 445.0795593261719
Density Loss 443.2200012207031
Density Loss 446.768798828125
Density Loss 445.73480224609375
Density Loss 441.1204833984375
Density Loss 438.7694396972656
Density Loss 442.2707824707031
Density Loss 441.8920593261719
Density Loss 442.7627868652344
Density Loss 441.1594543457031
Density Loss 442.37103271484375
Density Loss 442.1503601074219
Density Loss 442.3751220703125
Density Loss 443.2884216308594
Density Loss 439.9350280761719
Density Loss 443.71966552734375
Density Loss 442.0411071777344
Density Loss 438.53826904296875
Density Loss 440.8988037109375
Density Loss 446.56573486328125
Density Loss 442.9405517578125
Density Loss 440.3936767578125
Density Loss 445.4730224609375
Density Loss 442.7105407714844
Density Loss 444.7856140136719
Density Loss 445.1940612792969
Density Loss 441.76727294921875
Density Loss 443.6855163574219
Density Loss 444.0095520019531
Density Loss 440.88519287109375
Density Loss 442.6046142578125
Density Loss 444.55865478515625
Density Loss 444.9598693847656
Density Loss 443.045654296875
Density Loss 443.3314208984375
Density Loss 445.3724670410156
Density Loss 443.71673583984375
Density Loss 440.9407043457031
Density Loss 442.6956787109375
Density Loss 442.7039794921875
Density Loss 445.53741455078125
Density Loss 441.678955078125
Density Loss 442.201416015625
Density Loss 445.3943176269531
Density Loss 440.3327941894531
Density Loss 444.033203125
Density Loss 440.0870361328125
Density Loss 444.49462890625
Density Loss 441.3067932128906
Density Loss 446.3404541015625
Density Loss 441.8131103515625
Density Loss 443.1098327636719
Density Loss 445.8804016113281
Density Loss 444.8425598144531
Density Loss 447.6044006347656
Density Loss 444.055908203125
Density Loss 441.215576171875
Density Loss 443.598388671875
Density Loss 446.1217346191406
Density Loss 440.2106628417969
Density Loss 440.24761962890625
Density Loss 443.2359924316406
Density Loss 446.9507751464844
Density Loss 441.2176208496094
Density Loss 443.8661804199219
Density Loss 440.885498046875
Density Loss 443.56951904296875
Density Loss 444.0582275390625
Density Loss 440.5478820800781
Density Loss 442.211181640625
Density Loss 446.083740234375
Density Loss 443.15966796875
Density Loss 444.6858215332031
Density Loss 446.2019958496094
Density Loss 443.23486328125
Density Loss 444.0500183105469
Density Loss 446.89306640625
Density Loss 442.4688720703125
Density Loss 442.38336181640625
Density Loss 445.74102783203125
Density Loss 443.0030212402344
Density Loss 441.520263671875
Density Loss 442.73211669921875
Density Loss 444.5976257324219
Density Loss 443.9226989746094
Density Loss 438.54144287109375
Density Loss 445.4610290527344
Density Loss 443.81744384765625
Density Loss 443.1904296875
Density Loss 445.58013916015625
Density Loss 445.87744140625
Density Loss 443.91748046875
Density Loss 441.47119140625
Density Loss 443.31842041015625
Density Loss 442.2082214355469
Density Loss 443.36907958984375
Density Loss 444.6525573730469
Density Loss 448.655029296875
Density Loss 446.0580749511719
Density Loss 437.8204345703125
Density Loss 443.4951171875
Density Loss 441.8722229003906
Density Loss 441.33001708984375
Density Loss 442.2227783203125
Density Loss 440.482421875
Density Loss 446.44952392578125
Density Loss 443.7926025390625
Density Loss 445.2792663574219
Density Loss 443.4355163574219
Density Loss 442.7935791015625
Density Loss 440.7279968261719
Density Loss 442.836669921875
Density Loss 437.27117919921875
Density Loss 440.4710998535156
Density Loss 445.78399658203125
Density Loss 441.8179931640625
Density Loss 440.9249572753906
Density Loss 442.3204040527344
Density Loss 441.18951416015625
Density Loss 444.868896484375
Density Loss 442.17510986328125
Density Loss 440.686279296875
Density Loss 440.76458740234375
Density Loss 441.88555908203125
Density Loss 439.47479248046875
Density Loss 447.35467529296875
Density Loss 443.4332580566406
Density Loss 446.4900817871094
Density Loss 448.01776123046875
Density Loss 443.5939025878906
Density Loss 443.3397216796875
Density Loss 442.50750732421875
Density Loss 448.4756774902344
Density Loss 445.01947021484375
Density Loss 442.8531188964844
Density Loss 446.2153015136719
Density Loss 446.2184753417969
Density Loss 446.12933349609375
Density Loss 442.8390197753906
Density Loss 446.9805603027344
Density Loss 444.05181884765625
Density Loss 444.6322326660156
Density Loss 444.9875183105469
Density Loss 440.81854248046875
Density Loss 443.4277038574219
Density Loss 445.0869445800781
Density Loss 443.5950012207031
Density Loss 440.5879211425781
Density Loss 443.5906982421875
Density Loss 449.2279968261719
Density Loss 445.5843200683594
Density Loss 443.3330993652344
Density Loss 442.5325012207031
Density Loss 444.9298400878906
Density Loss 443.81463623046875
Density Loss 446.0841369628906
Density Loss 445.3062744140625
Density Loss 445.6100158691406
Density Loss 440.13555908203125
Density Loss 442.7353210449219
Density Loss 442.438232421875
Density Loss 441.5072021484375
Density Loss 444.539794921875
Density Loss 439.5434265136719
Density Loss 444.6202392578125
Density Loss 445.098876953125
Density Loss 441.1528625488281
Density Loss 444.4321594238281
Density Loss 441.6468200683594
Density Loss 448.6534729003906
Density Loss 449.7421569824219
Density Loss 446.5681457519531
Density Loss 446.156494140625
Density Loss 445.3095397949219
Density Loss 444.3495788574219
Density Loss 438.4019470214844
Density Loss 449.9721374511719
Density Loss 441.2198791503906
Density Loss 447.9278259277344
Density Loss 447.3705139160156
Density Loss 443.0901794433594
Density Loss 448.3001403808594
Density Loss 451.3791809082031
Density Loss 448.05291748046875
Density Loss 440.8639221191406
Density Loss 437.8670959472656
Density Loss 447.45416259765625
Density Loss 444.8675537109375
Density Loss 448.0052795410156
Density Loss 444.12493896484375
Density Loss 443.7318420410156
Density Loss 449.37591552734375
Density Loss 446.67236328125
Density Loss 442.50482177734375
Density Loss 441.9709167480469
Density Loss 442.2395935058594
Density Loss 445.2201843261719
Density Loss 443.0550231933594
Density Loss 444.30889892578125
Density Loss 443.7513122558594
Density Loss 441.95635986328125
Density Loss 446.88421630859375
Density Loss 444.0321044921875
Density Loss 447.4646301269531
Density Loss 447.99530029296875
Density Loss 438.6399841308594
Density Loss 442.2518310546875
Density Loss 445.3323059082031
Density Loss 443.8431091308594
Density Loss 442.80279541015625
Density Loss 448.87054443359375
Density Loss 445.5147399902344
Density Loss 443.33740234375
Density Loss 439.1714172363281
Density Loss 444.509521484375
Density Loss 441.9328308105469
Density Loss 442.94775390625
Density Loss 446.34283447265625
Density Loss 446.3585510253906
Density Loss 443.824462890625
Density Loss 442.9064025878906
Density Loss 448.4275207519531
Density Loss 445.4002990722656
Density Loss 443.3121337890625
Density Loss 449.29736328125
Density Loss 445.6214599609375
Density Loss 441.9201354980469
Density Loss 447.22894287109375
Density Loss 445.5151062011719
Density Loss 444.7858581542969
Density Loss 449.5547180175781
Density Loss 449.97479248046875
Density Loss 447.6379089355469
Density Loss 444.4092712402344
Density Loss 443.362060546875
Density Loss 444.4364013671875
Density Loss 445.1484375
Density Loss 448.0140686035156
Density Loss 443.4236755371094
Density Loss 442.7281799316406
Density Loss 443.4301452636719
Density Loss 446.6286315917969
Density Loss 444.69464111328125
Density Loss 445.8453369140625
Density Loss 443.74591064453125
Density Loss 444.88934326171875
Density Loss 446.3205871582031
Density Loss 441.7798767089844
Density Loss 442.71307373046875
Density Loss 445.3521423339844
Density Loss 448.9758605957031
Density Loss 443.9493408203125
Density Loss 443.714111328125
Density Loss 443.6995544433594
Density Loss 448.2994384765625
Density Loss 443.4296569824219
Density Loss 443.0673828125
Density Loss 444.3344421386719
Density Loss 442.63494873046875
Density Loss 444.0857849121094
Density Loss 446.88568115234375
Density Loss 450.1239013671875
Density Loss 447.37139892578125
Density Loss 449.9598388671875
Density Loss 445.457763671875
Density Loss 443.690185546875
Density Loss 446.34771728515625
Density Loss 442.26629638671875
Density Loss 450.130859375
Density Loss 446.3719787597656
Density Loss 448.0725402832031
Density Loss 441.9604187011719
Density Loss 448.8238830566406
Density Loss 444.7843933105469
Density Loss 441.8057556152344
Density Loss 448.36553955078125
Density Loss 443.62481689453125
Density Loss 444.97296142578125
Density Loss 445.5986633300781
Density Loss 448.8033447265625
Density Loss 447.4309997558594
Density Loss 447.233642578125
Density Loss 446.8507995605469
Density Loss 444.51190185546875
Density Loss 443.8680419921875
Density Loss 445.9600830078125
Density Loss 449.15814208984375
Density Loss 448.5295104980469
Density Loss 446.7903137207031
Density Loss 447.7573547363281
Density Loss 447.41766357421875
Density Loss 450.6026611328125
Density Loss 444.7720031738281
Density Loss 445.631103515625
Density Loss 447.1127014160156
Density Loss 449.181396484375
Density Loss 450.8089599609375
Density Loss 444.8699035644531
Density Loss 445.741943359375
Density Loss 443.3343505859375
Density Loss 444.5866394042969
Density Loss 445.2143859863281
Density Loss 444.13909912109375
Density Loss 442.116943359375
Density Loss 445.58349609375
Density Loss 443.5622253417969
Density Loss 450.2859191894531
Density Loss 447.0435791015625
Density Loss 444.12750244140625
Density Loss 441.0856018066406
Density Loss 442.8816833496094
Density Loss 446.18499755859375
Density Loss 446.2728576660156
Density Loss 448.67889404296875
Density Loss 450.4591064453125
Density Loss 448.8912658691406
Density Loss 451.8670959472656
Density Loss 446.92095947265625
Density Loss 443.7066955566406
Density Loss 449.451904296875
Density Loss 445.1976013183594
Density Loss 445.29949951171875
Density Loss 446.7183837890625
Density Loss 443.0411376953125
Density Loss 441.5892639160156
Density Loss 451.3119201660156
Density Loss 443.3253479003906
Density Loss 441.8671875
Density Loss 446.07366943359375
Density Loss 447.2432556152344
Density Loss 444.61328125
Density Loss 447.2034606933594
Density Loss 445.4120178222656
Density Loss 449.46630859375
Density Loss 449.0343017578125
Density Loss 442.895263671875
Density Loss 448.0002136230469
Density Loss 442.8423767089844
Density Loss 450.1833190917969
Density Loss 446.3103942871094
Density Loss 448.2326965332031
Density Loss 445.1258239746094
Density Loss 447.9820556640625
Density Loss 446.3305969238281
Density Loss 446.96258544921875
Density Loss 441.6474304199219
Density Loss 445.71990966796875
Density Loss 446.1611022949219
Density Loss 447.0061340332031
Density Loss 443.06219482421875
Density Loss 447.6728820800781
Density Loss 441.3359069824219
Density Loss 448.95111083984375
Density Loss 450.7267761230469
Density Loss 445.3291015625
Density Loss 451.2648010253906
Density Loss 446.51727294921875
Density Loss 446.0912780761719
Density Loss 447.55657958984375
Density Loss 443.0274353027344
Density Loss 444.2402038574219
Density Loss 443.73370361328125
Density Loss 445.695556640625
Density Loss 445.0583190917969
Density Loss 446.8635559082031
Density Loss 442.2831115722656
Density Loss 443.53399658203125
Density Loss 443.8817443847656
Density Loss 448.5379943847656
Density Loss 448.6419372558594
Density Loss 449.6741943359375
Density Loss 445.8487854003906
Density Loss 447.1103210449219
Density Loss 449.5781555175781
Density Loss 449.0927429199219
Density Loss 445.7543029785156
Density Loss 448.3077087402344
Density Loss 447.37744140625
Density Loss 440.5697937011719
Density Loss 448.4508972167969
Density Loss 447.0876770019531
Density Loss 445.9257507324219
Density Loss 449.3493347167969
Density Loss 445.7063903808594
Density Loss 442.262939453125
Density Loss 443.3084716796875
Density Loss 445.6912536621094
Density Loss 444.4393615722656
Density Loss 453.182861328125
Density Loss 452.82086181640625
Density Loss 445.38702392578125
Density Loss 449.7813415527344
Density Loss 446.0322265625
Density Loss 448.89935302734375
Density Loss 444.1082763671875
Density Loss 446.5889892578125
Density Loss 443.95135498046875
Density Loss 445.80218505859375
Density Loss 448.6857604980469
Density Loss 445.1646423339844
Density Loss 449.79510498046875
Density Loss 443.3280029296875
Density Loss 450.9937438964844
Density Loss 445.3333740234375
Density Loss 445.8648986816406
Density Loss 449.5666198730469
Density Loss 447.53887939453125
Density Loss 445.4703063964844
Density Loss 447.5064697265625
Density Loss 446.0540771484375
Density Loss 444.6600036621094
Density Loss 445.10302734375
Density Loss 450.0821838378906
Density Loss 445.7731018066406
Density Loss 443.8251037597656
Density Loss 444.66949462890625
Density Loss 449.8269348144531
Density Loss 445.9189147949219
Density Loss 445.2131042480469
Density Loss 448.1923828125
Density Loss 445.362060546875
Density Loss 447.39703369140625
Density Loss 448.9476623535156
Density Loss 449.84722900390625
Density Loss 447.42901611328125
Density Loss 451.428955078125
Density Loss 451.11181640625
Density Loss 448.6208801269531
Density Loss 444.86651611328125
Density Loss 448.0074157714844
Density Loss 446.0527038574219
Density Loss 448.0863952636719
Density Loss 443.4172668457031
Density Loss 446.59161376953125
Density Loss 447.8766174316406
Density Loss 444.1339416503906
Density Loss 445.9960021972656
Density Loss 450.68670654296875
Density Loss 449.118896484375
Density Loss 446.930908203125
Density Loss 448.830078125
Density Loss 446.7040710449219
Density Loss 450.07281494140625
Density Loss 452.44000244140625
Density Loss 446.3027038574219
Density Loss 444.75360107421875
Density Loss 446.0110168457031
Density Loss 445.45849609375
Density Loss 445.45135498046875
Density Loss 446.8271179199219
Density Loss 446.3467102050781
Density Loss 448.4924621582031
Density Loss 450.8401184082031
Density Loss 443.72747802734375
Density Loss 447.7603454589844
Density Loss 448.3504638671875
Density Loss 449.5310974121094
Density Loss 452.57989501953125
Density Loss 446.4803771972656
Density Loss 450.9494934082031
Density Loss 446.7483825683594
Density Loss 448.57958984375
Density Loss 448.31982421875
Density Loss 448.8055114746094
Density Loss 450.5934143066406
Density Loss 450.0659484863281
Density Loss 449.8876037597656
Density Loss 451.44219970703125
Density Loss 445.9896545410156
Density Loss 448.4710998535156
Density Loss 444.84332275390625
Density Loss 444.50250244140625
Density Loss 444.84222412109375
Density Loss 450.1051940917969
Density Loss 443.1528625488281
Density Loss 446.8887023925781
Density Loss 446.4930419921875
Density Loss 447.7437438964844
Density Loss 449.2460632324219
Density Loss 447.8949890136719
Density Loss 442.33837890625
Density Loss 446.8652038574219
Density Loss 445.69183349609375
Density Loss 447.8730163574219
Density Loss 445.1088562011719
Density Loss 443.6786193847656
Density Loss 446.3123474121094
Density Loss 451.6719970703125
Density Loss 443.806640625
Density Loss 446.0086975097656
Density Loss 442.6431884765625
Density Loss 450.29571533203125
Density Loss 447.3189392089844
Density Loss 449.112548828125
Density Loss 445.42230224609375
Density Loss 449.6220703125
Density Loss 451.43487548828125
Density Loss 444.90191650390625
Density Loss 451.443359375
Density Loss 445.428466796875
Density Loss 443.211669921875
Density Loss 451.098876953125
Density Loss 447.43597412109375
Density Loss 451.612548828125
Density Loss 443.64373779296875
Density Loss 446.71575927734375
Density Loss 445.5868225097656
Density Loss 445.93505859375
Density Loss 445.3672790527344
Density Loss 446.77117919921875
Density Loss 445.3119812011719
Density Loss 444.2976989746094
Density Loss 443.4981384277344
Density Loss 448.1913146972656
Density Loss 448.5955505371094
Density Loss 452.37969970703125
Density Loss 448.82958984375
Density Loss 446.9744567871094
Density Loss 448.3729553222656
Density Loss 446.5245361328125
Density Loss 453.9693603515625
Density Loss 453.4440002441406
Density Loss 450.11767578125
Density Loss 443.91851806640625
Density Loss 446.65203857421875
Density Loss 449.34375
Density Loss 446.8825378417969
Density Loss 446.367919921875
Density Loss 450.25250244140625
Density Loss 448.8469543457031
Density Loss 452.5911865234375
Density Loss 447.42181396484375
Density Loss 449.7964782714844
Density Loss 450.061279296875
Density Loss 447.1500549316406
Density Loss 447.7538146972656
Density Loss 449.5097351074219
Density Loss 448.1958312988281
Density Loss 447.2624816894531
Density Loss 448.7259826660156
Density Loss 447.7048034667969
Density Loss 448.1049499511719
Density Loss 446.6268005371094
Density Loss 445.3857421875
Density Loss 448.0967102050781
Density Loss 451.0231628417969
Density Loss 451.565185546875
Density Loss 446.1000671386719
Density Loss 448.7959899902344
Density Loss 447.3415222167969
Density Loss 449.34765625
Density Loss 449.37933349609375
Density Loss 448.4191589355469
Density Loss 445.63092041015625
Density Loss 449.4894714355469
Density Loss 449.20404052734375
Density Loss 448.409912109375
Density Loss 449.9827880859375
Density Loss 447.29302978515625
Density Loss 453.8508605957031
Density Loss 451.7137756347656
Density Loss 446.4019775390625
Density Loss 446.367431640625
Density Loss 449.6420593261719
Density Loss 447.1425476074219
Density Loss 446.8409118652344
Density Loss 448.6551818847656
Density Loss 451.74114990234375
Density Loss 448.6897888183594
Density Loss 445.9692687988281
Density Loss 450.28045654296875
Density Loss 452.4425354003906
Density Loss 449.6479797363281
Density Loss 449.0500793457031
Density Loss 450.60272216796875
Density Loss 448.8880310058594
Density Loss 448.0848693847656
Density Loss 445.2764587402344
Density Loss 449.4442138671875
Density Loss 453.7557067871094
Density Loss 444.0320739746094
Density Loss 447.5623779296875
Density Loss 442.2406311035156
Density Loss 451.14898681640625
Density Loss 449.43170166015625
Density Loss 448.9617614746094
Density Loss 447.6594543457031
Density Loss 448.9963073730469
Density Loss 447.39276123046875
Density Loss 448.7923889160156
Density Loss 449.67047119140625
Density Loss 449.0432434082031
Density Loss 448.7706604003906
Density Loss 449.1507873535156
Density Loss 444.6907043457031
Density Loss 452.1822814941406
Density Loss 447.0160217285156
Density Loss 450.67010498046875
Density Loss 449.9814147949219
Density Loss 446.48162841796875
Density Loss 450.7023010253906
Density Loss 449.5857849121094
Density Loss 446.1331787109375
Density Loss 446.8905944824219
Density Loss 445.9299011230469
Density Loss 449.157470703125
Density Loss 446.0927429199219
Density Loss 450.9229736328125
Density Loss 447.6824951171875
Density Loss 449.6633605957031
Density Loss 447.9903869628906
Density Loss 442.787109375
Density Loss 449.7210388183594
Density Loss 455.96661376953125
Density Loss 447.4566955566406
Density Loss 453.0215759277344
Density Loss 448.4950256347656
Density Loss 448.2926330566406
Density Loss 449.7862243652344
Density Loss 447.0310974121094
Density Loss 451.6025390625
Density Loss 448.6526184082031
Density Loss 450.4115905761719
Density Loss 447.8154296875
Density Loss 448.6604309082031
Density Loss 449.52734375
Density Loss 449.1582946777344
Density Loss 446.1986999511719
Density Loss 445.9971923828125
Density Loss 448.5596618652344
Density Loss 450.6383972167969
Density Loss 451.6741027832031
Density Loss 449.9297180175781
Density Loss 450.58087158203125
Density Loss 445.2753601074219
Density Loss 451.4767761230469
Density Loss 447.0068664550781
Density Loss 448.5091857910156
Density Loss 447.773681640625
Density Loss 452.1490173339844
Density Loss 444.4419860839844
Density Loss 450.4115905761719
Density Loss 448.8874816894531
Density Loss 452.1194152832031
Density Loss 454.6869201660156
Density Loss 451.3071594238281
Density Loss 452.838623046875
Density Loss 451.98931884765625
Density Loss 446.6703186035156
Density Loss 450.29376220703125
Density Loss 450.7978210449219
Density Loss 448.0726318359375
Density Loss 448.3518981933594
Density Loss 447.6247863769531
Density Loss 451.7156982421875
Density Loss 447.5284423828125
Density Loss 452.2035827636719
Density Loss 449.7306213378906
Density Loss 452.1341552734375
Density Loss 448.49078369140625
Density Loss 449.32318115234375
Density Loss 445.13934326171875
Density Loss 443.33447265625
Density Loss 449.214111328125
Density Loss 450.4703369140625
Density Loss 446.93988037109375
Density Loss 448.046142578125
Density Loss 452.2090759277344
Density Loss 448.52423095703125
Density Loss 448.8987121582031
Density Loss 452.066162109375
Density Loss 448.6290588378906
Density Loss 452.6632385253906
Density Loss 456.27911376953125
Density Loss 448.8318176269531
Density Loss 445.9888610839844
Density Loss 452.5826416015625
Density Loss 450.6694641113281
Density Loss 449.77679443359375
Density Loss 453.1703186035156
Density Loss 451.3790283203125
Density Loss 454.1878662109375
Density Loss 445.6680603027344
Density Loss 451.34014892578125
Density Loss 449.1228332519531
Density Loss 455.2267150878906
Density Loss 448.5440673828125
Density Loss 448.27191162109375
Density Loss 451.8884582519531
Density Loss 449.5544738769531
Density Loss 451.2566223144531
Density Loss 447.92919921875
Density Loss 451.0835876464844
Density Loss 446.47711181640625
Density Loss 453.14630126953125
Density Loss 446.69415283203125
Density Loss 447.9742431640625
Density Loss 448.7181396484375
Density Loss 452.4509582519531
Density Loss 451.4920654296875
Density Loss 450.67791748046875
Density Loss 448.5483093261719
Density Loss 446.1817626953125
Density Loss 449.3392639160156
Density Loss 446.749267578125
Density Loss 453.09039306640625
Density Loss 447.3181457519531
Density Loss 447.50054931640625
Density Loss 448.37872314453125
Density Loss 455.77691650390625
Density Loss 451.8325500488281
Density Loss 448.37774658203125
Density Loss 446.583984375
Density Loss 451.9909362792969
Density Loss 450.35406494140625
Density Loss 447.4647216796875
Density Loss 445.8274230957031
Density Loss 452.59893798828125
Density Loss 449.9191589355469
Density Loss 448.9501953125
Density Loss 450.43170166015625
Density Loss 449.652587890625
Density Loss 450.43927001953125
Density Loss 450.65802001953125
Density Loss 454.9491882324219
Density Loss 447.0223083496094
Density Loss 451.1206359863281
Density Loss 450.4545593261719
Density Loss 447.86822509765625
Density Loss 447.71710205078125
Density Loss 452.858642578125
Density Loss 450.8319091796875
Density Loss 451.1031799316406
Density Loss 450.2406311035156
Density Loss 454.98553466796875
Density Loss 448.6471862792969
Density Loss 450.476318359375
Density Loss 446.5891418457031
Density Loss 450.62286376953125
Density Loss 447.72198486328125
Density Loss 451.43939208984375
Density Loss 447.570556640625
Density Loss 449.1341552734375
Density Loss 451.8276672363281
Density Loss 445.3268737792969
Density Loss 448.2724609375
Density Loss 448.2501525878906
Density Loss 446.9210205078125
Density Loss 450.85040283203125
Density Loss 452.1275939941406
Density Loss 450.0992736816406
Density Loss 452.0068359375
Density Loss 451.0156555175781
Density Loss 449.4283752441406
Density Loss 450.2444763183594
Density Loss 453.8694152832031
Density Loss 451.0354309082031
Density Loss 445.3321228027344
Density Loss 449.0935974121094
Density Loss 443.1383361816406
Density Loss 447.9280700683594
Density Loss 446.7325744628906
Density Loss 449.6456604003906
Density Loss 448.4118347167969
Density Loss 447.95355224609375
Density Loss 455.75457763671875
Density Loss 451.3575134277344
Density Loss 451.49774169921875
Density Loss 452.124755859375
Density Loss 450.75
Density Loss 451.01239013671875
Density Loss 447.94805908203125
Density Loss 450.7254943847656
Density Loss 449.3245544433594
Density Loss 449.5124816894531
Density Loss 450.206787109375
Density Loss 452.6095886230469
Density Loss 449.0057373046875
Density Loss 452.0583801269531
Density Loss 448.47314453125
Density Loss 445.64923095703125
Density Loss 453.6523742675781
Density Loss 449.43359375
Density Loss 446.2936706542969
Density Loss 452.2269592285156
Density Loss 448.9134216308594
Density Loss 448.8151550292969
Density Loss 453.28985595703125
Density Loss 447.2655334472656
Density Loss 448.86212158203125
Density Loss 450.6332702636719
Density Loss 450.1896667480469
Density Loss 449.21600341796875
Density Loss 453.5959777832031
Density Loss 448.2107849121094
Density Loss 447.9640808105469
Density Loss 450.9268798828125
Density Loss 447.0768737792969
Density Loss 449.9672546386719
Density Loss 448.09814453125
Density Loss 456.3341064453125
Density Loss 451.8985595703125
Density Loss 450.49639892578125
Density Loss 449.1246643066406
Density Loss 453.6441345214844
Density Loss 452.8423767089844
Density Loss 446.93798828125
Density Loss 452.0074768066406
Density Loss 448.2994384765625
Density Loss 453.8291015625
Density Loss 451.9677429199219
Density Loss 455.7203063964844
Density Loss 450.0979919433594
Density Loss 448.2063903808594
Density Loss 449.6455078125
Density Loss 450.7234802246094
Density Loss 448.6999206542969
Density Loss 446.6584777832031
Density Loss 452.5770263671875
Density Loss 451.5059509277344
Density Loss 448.1184387207031
Density Loss 451.18798828125
Density Loss 453.7699890136719
Density Loss 453.29681396484375
Density Loss 446.2357482910156
Density Loss 448.01055908203125
Density Loss 448.61627197265625
Density Loss 452.4425048828125
Density Loss 448.85699462890625
Density Loss 450.8912353515625
Density Loss 449.07757568359375
Density Loss 448.86358642578125
Density Loss 452.0625
Density Loss 451.13543701171875
Density Loss 450.40057373046875
Density Loss 449.0102233886719
Density Loss 449.4222412109375
Density Loss 451.037109375
Density Loss 450.78839111328125
Density Loss 453.19354248046875
Density Loss 453.787841796875
Density Loss 447.8504638671875
Density Loss 450.00335693359375
Density Loss 451.6257629394531
Density Loss 452.99163818359375
Density Loss 447.8551025390625
Density Loss 451.5408630371094
Density Loss 450.2536315917969
Density Loss 448.64410400390625
Density Loss 450.3292236328125
Density Loss 449.47515869140625
Density Loss 448.9471740722656
Density Loss 445.3694152832031
Density Loss 450.73846435546875
Density Loss 454.1831970214844
Density Loss 445.8952331542969
Density Loss 449.6930236816406
Density Loss 453.19805908203125
Density Loss 450.70269775390625
Density Loss 454.9325866699219
Density Loss 454.09197998046875
Density Loss 453.26934814453125
Density Loss 451.89373779296875
Density Loss 454.2519226074219
Density Loss 450.63671875
Density Loss 449.3143005371094
Density Loss 448.631103515625
Density Loss 453.6126403808594
Density Loss 452.3148193359375
Density Loss 448.3490295410156
Density Loss 450.2944641113281
Density Loss 453.3797607421875
Density Loss 450.394775390625
Density Loss 452.24407958984375
Density Loss 450.4150390625
Density Loss 451.14910888671875
Density Loss 456.2643127441406
Density Loss 446.98138427734375
Density Loss 451.798828125
Density Loss 454.8839416503906
Density Loss 453.3214416503906
Density Loss 452.7564697265625
Density Loss 454.73809814453125
Density Loss 452.46759033203125
Density Loss 451.07623291015625
Density Loss 449.5721435546875
Density Loss 453.23077392578125
Density Loss 449.3639221191406
Density Loss 448.3228759765625
Density Loss 449.91094970703125
Density Loss 454.7798156738281
Density Loss 449.240234375
Density Loss 447.8175964355469
Density Loss 448.028076171875
Density Loss 449.18408203125
Density Loss 449.3961181640625
Density Loss 455.136962890625
Density Loss 452.71466064453125
Density Loss 453.69366455078125
Density Loss 452.9069519042969
Density Loss 447.7010803222656
Density Loss 449.6855163574219
Density Loss 455.2591857910156
Density Loss 451.4364318847656
Density Loss 450.0106201171875
Density Loss 455.2961120605469
Density Loss 450.5779113769531
Density Loss 449.77899169921875
Density Loss 454.0959167480469
Density Loss 451.6246337890625
Density Loss 446.74407958984375
Density Loss 453.9206237792969
Density Loss 452.58465576171875
Density Loss 454.3790283203125
Density Loss 450.4463195800781
Density Loss 450.8782958984375
Density Loss 449.5060729980469
Density Loss 449.1518249511719
Density Loss 448.56390380859375
Density Loss 451.7047119140625
Density Loss 449.8830261230469
Density Loss 450.2714538574219
Density Loss 454.09814453125
Density Loss 451.4930419921875
Density Loss 448.1310729980469
Density Loss 446.8887023925781
Density Loss 449.46966552734375
Density Loss 453.9166259765625
Density Loss 455.1033020019531
Density Loss 450.75006103515625
Density Loss 446.2278137207031
Density Loss 450.3877868652344
Density Loss 454.4884033203125
Density Loss 452.5529479980469
Density Loss 449.6555480957031
Density Loss 455.71453857421875
Density Loss 449.96209716796875
Density Loss 455.36328125
Density Loss 454.9273376464844
Density Loss 456.18682861328125
Density Loss 452.2469482421875
Density Loss 452.9783020019531
Density Loss 455.3553466796875
Density Loss 451.0535888671875
Density Loss 446.7154235839844
Density Loss 451.970947265625
Density Loss 450.62139892578125
Density Loss 452.5189514160156
Density Loss 448.13665771484375
Density Loss 451.5058288574219
Density Loss 452.6630554199219
Density Loss 450.64959716796875
Density Loss 450.4983215332031
Density Loss 450.767578125
Density Loss 450.05438232421875
Density Loss 446.23577880859375
Density Loss 448.8034973144531
Density Loss 447.6346435546875
Density Loss 452.4347839355469
Density Loss 452.9479064941406
Density Loss 454.4839782714844
Density Loss 451.8453369140625
Density Loss 453.7694396972656
Density Loss 452.90887451171875
Density Loss 452.4231872558594
Density Loss 450.41046142578125
Density Loss 453.77935791015625
Density Loss 448.63958740234375
Density Loss 453.3721618652344
Density Loss 451.3023986816406
Density Loss 451.7856750488281
Density Loss 448.7502746582031
Density Loss 450.5761413574219
Density Loss 452.43743896484375
Density Loss 449.4661560058594
Density Loss 451.7147521972656
Density Loss 454.7821350097656
Density Loss 447.513671875
Density Loss 454.065185546875
Density Loss 446.4418640136719
Density Loss 453.5939025878906
Density Loss 454.3463439941406
Density Loss 452.7869567871094
Density Loss 455.4123840332031
Density Loss 451.2242431640625
Density Loss 451.23944091796875
Density Loss 451.2735900878906
Density Loss 451.57537841796875
Density Loss 450.1968994140625
Density Loss 456.6237487792969
Density Loss 449.7184753417969
Density Loss 451.5475769042969
Density Loss 455.9264831542969
Density Loss 453.3878173828125
Density Loss 456.92767333984375
Density Loss 450.39971923828125
Density Loss 451.1143493652344
Density Loss 455.5849609375
Density Loss 453.68365478515625
Density Loss 451.3269348144531
Density Loss 453.7301940917969
Density Loss 456.1327209472656
Density Loss 449.51287841796875
Density Loss 447.2451171875
Density Loss 450.17535400390625
Density Loss 449.09295654296875
Density Loss 453.1198425292969
Density Loss 454.4916687011719
Density Loss 451.56732177734375
Density Loss 452.9885559082031
Density Loss 451.1778259277344
Density Loss 455.2129821777344
Density Loss 451.2586669921875
Density Loss 448.0454406738281
Density Loss 455.00469970703125
Density Loss 452.69677734375
Density Loss 452.4964294433594
Density Loss 451.9036560058594
Density Loss 454.5575866699219
Density Loss 453.8959045410156
Density Loss 454.3413391113281
Density Loss 452.67266845703125
Density Loss 450.263427734375
Density Loss 454.12115478515625
Density Loss 448.0737609863281
Density Loss 449.6032409667969
Density Loss 456.290283203125
Density Loss 458.338623046875
Density Loss 452.22802734375
Density Loss 444.7698669433594
Density Loss 452.06182861328125
Density Loss 449.7071228027344
Density Loss 451.843994140625
Density Loss 451.7814636230469
Density Loss 449.4190368652344
Density Loss 451.6756591796875
Density Loss 453.390380859375
Density Loss 454.753662109375
Density Loss 451.98431396484375
Density Loss 453.37725830078125
Density Loss 451.3722229003906
Density Loss 450.97479248046875
Density Loss 453.36517333984375
Density Loss 456.72509765625
Density Loss 455.1916809082031
Density Loss 454.5622253417969
Density Loss 446.3687438964844
Density Loss 453.9834289550781
Density Loss 449.0168151855469
Density Loss 452.35919189453125
Density Loss 450.14117431640625
Density Loss 453.7342834472656
Density Loss 457.00030517578125
Density Loss 454.13525390625
Density Loss 448.1325378417969
Density Loss 454.2839050292969
Density Loss 452.3910217285156
Density Loss 453.30255126953125
Density Loss 451.8138427734375
Density Loss 448.68475341796875
Density Loss 453.8228759765625
Density Loss 454.29742431640625
Density Loss 458.3750305175781
Density Loss 453.03558349609375
Density Loss 448.14825439453125
Density Loss 451.55206298828125
Density Loss 456.882080078125
Density Loss 451.93048095703125
Density Loss 453.1300354003906
Density Loss 451.24139404296875
Density Loss 451.2893371582031
Density Loss 451.3014221191406
Density Loss 451.9746398925781
Density Loss 454.03302001953125
Density Loss 451.7513427734375
Density Loss 456.36151123046875
Density Loss 452.8778991699219
Density Loss 455.8714294433594
Density Loss 451.8876647949219
Density Loss 453.7478332519531
Density Loss 456.442626953125
Density Loss 458.72509765625
Density Loss 453.4471740722656
Density Loss 459.19195556640625
Density Loss 456.9593200683594
Density Loss 457.14984130859375
Density Loss 450.06024169921875
Density Loss 451.1740417480469
Density Loss 452.2042236328125
Density Loss 448.3155212402344
Density Loss 453.44830322265625
Density Loss 453.645751953125
Density Loss 450.44598388671875
Density Loss 450.39886474609375
Density Loss 453.0457458496094
Density Loss 455.2648010253906
Density Loss 455.4828796386719
Density Loss 454.2049560546875
Density Loss 457.3673400878906
Density Loss 456.14447021484375
Density Loss 449.8512268066406
Density Loss 459.0256652832031
Density Loss 449.9860534667969
Density Loss 457.13525390625
Density Loss 454.7195739746094
Density Loss 456.45391845703125
Density Loss 454.5773620605469
Density Loss 453.0809020996094
Density Loss 448.030517578125
Density Loss 454.4068298339844
Density Loss 451.74029541015625
Density Loss 449.9090270996094
Density Loss 455.47979736328125
Density Loss 452.59039306640625
Density Loss 458.00372314453125
Density Loss 452.7091979980469
Density Loss 451.6394958496094
Density Loss 460.3942565917969
Density Loss 453.5521545410156
Density Loss 456.1591796875
Density Loss 454.97198486328125
Density Loss 456.8031005859375
Density Loss 455.98712158203125
Density Loss 452.0780944824219
Density Loss 454.31134033203125
Density Loss 454.6905517578125
Density Loss 448.685791015625
Density Loss 449.1753845214844
Density Loss 453.41021728515625
Density Loss 455.7880554199219
Density Loss 454.7796325683594
Density Loss 451.90863037109375
Density Loss 453.3271179199219
Density Loss 454.84246826171875
Density Loss 451.4934997558594
Density Loss 450.09375
Density Loss 454.2664794921875
Density Loss 454.041259765625
Density Loss 453.7228698730469
Density Loss 453.87109375
Density Loss 454.09814453125
Density Loss 450.2107238769531
Density Loss 454.0750427246094
Density Loss 449.3634338378906
Density Loss 451.9255065917969
Density Loss 454.277587890625
Density Loss 453.5433349609375
Density Loss 461.2115783691406
Density Loss 454.3954162597656
Density Loss 455.08062744140625
Density Loss 452.3340759277344
Density Loss 449.8882141113281
Density Loss 454.5171203613281
Density Loss 458.1816711425781
Density Loss 453.6109619140625
Density Loss 456.2241516113281
Density Loss 456.0730285644531
Density Loss 456.0110168457031
Density Loss 449.41766357421875
Density Loss 451.1907958984375
Density Loss 456.9317626953125
Density Loss 453.4377136230469
Density Loss 451.6103820800781
Density Loss 455.86199951171875
Density Loss 454.74993896484375
Density Loss 453.7485046386719
Density Loss 451.6971740722656
Density Loss 453.9499816894531
Density Loss 452.23480224609375
Density Loss 456.967041015625
Density Loss 454.1083984375
Density Loss 452.5274353027344
Density Loss 451.6786193847656
Density Loss 450.5653076171875
Density Loss 453.86297607421875
Density Loss 449.32037353515625
Density Loss 451.310791015625
Density Loss 452.277587890625
Density Loss 453.9177551269531
Density Loss 454.129638671875
Density Loss 454.1694641113281
Density Loss 450.9580383300781
Density Loss 452.54705810546875
Density Loss 453.4075012207031
Density Loss 452.8647155761719
Density Loss 453.5148010253906
Density Loss 455.6678161621094
Density Loss 454.0672607421875
Density Loss 448.885986328125
Density Loss 453.4476623535156
Density Loss 452.85015869140625
Density Loss 451.38775634765625
Density Loss 454.59088134765625
Density Loss 450.5867004394531
Density Loss 453.6363830566406
Density Loss 453.5963134765625
Density Loss 457.5704650878906
Density Loss 456.5398254394531
Density Loss 455.3473205566406
Density Loss 454.58319091796875
Density Loss 452.880859375
Density Loss 454.3885192871094
Density Loss 452.07135009765625
Density Loss 453.6886291503906
Density Loss 459.0982360839844
Density Loss 456.4825134277344
Density Loss 451.27655029296875
Density Loss 454.4687194824219
Density Loss 451.93914794921875
Density Loss 453.4510803222656
Density Loss 452.9216613769531
Density Loss 458.72149658203125
Density Loss 454.9639587402344
Density Loss 453.3634338378906
Density Loss 454.9073486328125
Density Loss 448.6629638671875
Density Loss 452.376220703125
Density Loss 453.6158142089844
Density Loss 452.9884338378906
Density Loss 452.11627197265625
Density Loss 450.7331848144531
Density Loss 456.82781982421875
Density Loss 451.31146240234375
Density Loss 454.0938415527344
Density Loss 453.93048095703125
Density Loss 459.8721008300781
Density Loss 454.7943115234375
Density Loss 450.7005615234375
Density Loss 453.5627746582031
Density Loss 454.3594970703125
Density Loss 453.5498352050781
Density Loss 453.30499267578125
Density Loss 455.9073486328125
Density Loss 455.74310302734375
Density Loss 451.2708435058594
Density Loss 455.2539367675781
Density Loss 453.8907775878906
Density Loss 455.2795104980469
Density Loss 458.88104248046875
Density Loss 451.492919921875
Density Loss 456.8152770996094
Density Loss 454.9494323730469
Density Loss 454.6433410644531
Density Loss 456.06573486328125
Density Loss 450.7378234863281
Density Loss 455.8970031738281
Density Loss 451.4015197753906
Density Loss 457.76031494140625
Density Loss 454.7740783691406
Density Loss 455.796142578125
Density Loss 459.0170593261719
Density Loss 454.86639404296875
Density Loss 452.6126403808594
Density Loss 457.1315002441406
Density Loss 453.8194274902344
Density Loss 456.5507507324219
Density Loss 454.95782470703125
Density Loss 452.70703125
Density Loss 452.5364685058594
Density Loss 450.71697998046875
Density Loss 451.8251037597656
Density Loss 453.9763488769531
Density Loss 457.03167724609375
Density Loss 456.7386169433594
Density Loss 455.75469970703125
Density Loss 454.7745361328125
Density Loss 454.94189453125
Density Loss 457.29583740234375
Density Loss 456.5710144042969
Density Loss 455.4342346191406
Density Loss 454.5457458496094
Density Loss 454.8021545410156
Density Loss 451.6319885253906
Density Loss 456.4529113769531
Density Loss 449.3418273925781
Density Loss 453.00146484375
Density Loss 454.8714294433594
Density Loss 455.2978210449219
Density Loss 454.9875793457031
Density Loss 452.68292236328125
Density Loss 455.4915466308594
Density Loss 451.34295654296875
Density Loss 459.9874572753906
Density Loss 457.0959167480469
Density Loss 454.8163146972656
Density Loss 456.4117126464844
Density Loss 455.310791015625
Density Loss 456.9380798339844
Density Loss 458.395263671875
Density Loss 455.70989990234375
Density Loss 452.4146423339844
Density Loss 457.1687927246094
Density Loss 454.5318298339844
Density Loss 455.1108703613281
Density Loss 454.80615234375
Density Loss 454.919921875
Density Loss 451.0581359863281
Density Loss 456.13134765625
Density Loss 454.3822021484375
Density Loss 456.92266845703125
Density Loss 449.9198303222656
Density Loss 455.1044006347656
Density Loss 451.6857604980469
Density Loss 453.6251220703125
Density Loss 453.3155822753906
Density Loss 455.7408752441406
Density Loss 459.0851745605469
Density Loss 459.3531188964844
Density Loss 455.97613525390625
Density Loss 456.6090393066406
Density Loss 458.9345397949219
Density Loss 453.97735595703125
Density Loss 458.41168212890625
Density Loss 452.3883056640625
Density Loss 457.6394958496094
Density Loss 457.0780334472656
Density Loss 452.7425537109375
Density Loss 460.26239013671875
Density Loss 456.0243225097656
Density Loss 456.0384216308594
Density Loss 458.0964660644531
Density Loss 453.5377502441406
Density Loss 451.2879943847656
Density Loss 456.5352783203125
Density Loss 454.34674072265625
Density Loss 457.75927734375
Density Loss 454.0382385253906
Density Loss 455.8023986816406
Density Loss 455.1645202636719
Density Loss 452.8231201171875
Density Loss 455.6689147949219
Density Loss 458.12615966796875
Density Loss 455.2464294433594
Density Loss 457.0042724609375
Density Loss 456.08038330078125
Density Loss 453.8924560546875
Density Loss 454.01251220703125
Density Loss 453.3266296386719
Density Loss 449.7701416015625
Density Loss 455.0300598144531
Density Loss 456.9569091796875
Density Loss 455.5266418457031
Density Loss 458.0061950683594
Density Loss 456.4029541015625
Density Loss 454.74078369140625
Density Loss 457.97686767578125
Density Loss 457.6655578613281
Density Loss 457.1178283691406
Density Loss 454.2281494140625
Density Loss 456.9092712402344
Density Loss 456.10040283203125
Density Loss 453.461181640625
Density Loss 460.7615966796875
Density Loss 458.973876953125
Density Loss 457.0743103027344
Density Loss 454.9756774902344
Density Loss 457.0558776855469
Density Loss 455.829345703125
Density Loss 456.3790588378906
Density Loss 459.79473876953125
Density Loss 460.1456298828125
Density Loss 457.0993347167969
Density Loss 454.8378601074219
Density Loss 457.5370178222656
Density Loss 454.3356628417969
Density Loss 458.99176025390625
Density Loss 451.1239929199219
Density Loss 456.7738037109375
Density Loss 458.1629333496094
Density Loss 454.6922302246094
Density Loss 452.76861572265625
Density Loss 452.41790771484375
Density Loss 452.08221435546875
Density Loss 458.03173828125
Density Loss 457.0743103027344
Density Loss 455.2676696777344
Density Loss 453.01239013671875
Density Loss 456.6878662109375
Density Loss 457.32470703125
Density Loss 453.7091979980469
Density Loss 454.6054992675781
Density Loss 452.9782409667969
Density Loss 452.8291015625
Density Loss 460.4571228027344
Density Loss 456.2943115234375
Density Loss 459.05181884765625
Density Loss 459.7833557128906
Density Loss 457.6070556640625
Density Loss 449.9901428222656
Density Loss 453.86785888671875
Density Loss 454.7296142578125
Density Loss 454.4770812988281
Density Loss 451.6952819824219
Density Loss 458.607177734375
Density Loss 455.1045227050781
Density Loss 453.5271911621094
Density Loss 457.8356018066406
Density Loss 454.7930603027344
Density Loss 455.47186279296875
Density Loss 456.0521545410156
Density Loss 451.9720764160156
Density Loss 458.28399658203125
Density Loss 461.1775817871094
Density Loss 458.18902587890625
Density Loss 454.27093505859375
Density Loss 454.9754943847656
Density Loss 459.5073547363281
Density Loss 455.93426513671875
Density Loss 455.62310791015625
Density Loss 457.4188537597656
Density Loss 455.01214599609375
Density Loss 453.734375
Density Loss 458.9502258300781
Density Loss 457.1845397949219
Density Loss 455.4669494628906
Density Loss 450.517333984375
Density Loss 452.80279541015625
Density Loss 453.0916748046875
Density Loss 458.2987365722656
Density Loss 452.5166015625
Density Loss 457.3595886230469
Density Loss 454.569580078125
Density Loss 458.1703186035156
Density Loss 457.54498291015625
Density Loss 454.9801025390625
Density Loss 457.27496337890625
Density Loss 459.92230224609375
Density Loss 457.6532287597656
Density Loss 459.07305908203125
Density Loss 455.6260681152344
Density Loss 454.5689392089844
Density Loss 457.27813720703125
Density Loss 454.8534240722656
Density Loss 458.50750732421875
Density Loss 460.0441589355469
Density Loss 455.3475036621094
Density Loss 453.3468322753906
Density Loss 454.0351867675781
Density Loss 453.5135803222656
Density Loss 453.589599609375
Density Loss 458.67718505859375
Density Loss 459.480712890625
Density Loss 458.0570983886719
Density Loss 455.7154235839844
Density Loss 457.8080139160156
Density Loss 456.7951965332031
Density Loss 453.7409362792969
Density Loss 461.44708251953125
Density Loss 453.45947265625
Density Loss 452.09307861328125
Density Loss 458.7798767089844
Density Loss 457.8674011230469
Density Loss 459.9820251464844
Density Loss 457.6221923828125
Density Loss 451.7667236328125
Density Loss 460.137939453125
Density Loss 454.80926513671875
Density Loss 453.4461364746094
Density Loss 456.64190673828125
Density Loss 455.4793395996094
Density Loss 453.8305969238281
Density Loss 456.5726318359375
Density Loss 457.93206787109375
Density Loss 456.671630859375
Density Loss 461.5422668457031
Density Loss 457.6662292480469
Density Loss 456.0951843261719
Density Loss 452.72637939453125
Density Loss 454.59619140625
Density Loss 457.7877197265625
Density Loss 457.516357421875
Density Loss 454.6549377441406
Density Loss 454.74896240234375
Density Loss 456.37310791015625
Density Loss 459.51055908203125
Density Loss 456.6824951171875
Density Loss 456.1054382324219
Density Loss 453.77960205078125
Density Loss 456.5415954589844
Density Loss 456.1903381347656
Density Loss 459.5310363769531
Density Loss 458.1537170410156
Density Loss 455.5487060546875
Density Loss 456.5069885253906
Density Loss 459.5404968261719
Density Loss 457.5565490722656
Density Loss 454.064697265625
Density Loss 453.7658996582031
Density Loss 453.8977966308594
Density Loss 460.5087890625
Density Loss 452.6544189453125
Density Loss 457.69622802734375
Density Loss 456.8004150390625
Density Loss 453.7200622558594
Density Loss 456.5075988769531
Density Loss 453.50146484375
Density Loss 451.96142578125
Density Loss 455.9306945800781
Density Loss 457.6802978515625
Density Loss 453.0648193359375
Density Loss 454.7625427246094
Density Loss 457.2044372558594
Density Loss 461.08740234375
Density Loss 452.9415588378906
Density Loss 458.25
Density Loss 458.71478271484375
Density Loss 455.6488037109375
Density Loss 455.61175537109375
Density Loss 456.2425537109375
Density Loss 458.3663024902344
Density Loss 455.48870849609375
Density Loss 456.0630798339844
Density Loss 456.7789001464844
Density Loss 453.1503601074219
Density Loss 454.0159912109375
Density Loss 458.8699035644531
Density Loss 458.16790771484375
Density Loss 452.6076354980469
Density Loss 456.9477844238281
Density Loss 457.9073181152344
Density Loss 457.7708740234375
Density Loss 456.4215087890625
Density Loss 459.9081115722656
Density Loss 456.0356750488281
Density Loss 460.1726989746094
Density Loss 452.89935302734375
Density Loss 454.226318359375
Density Loss 452.0848388671875
Density Loss 454.415283203125
Density Loss 456.0157470703125
Density Loss 452.91253662109375
Density Loss 453.8995056152344
Density Loss 458.3468017578125
Density Loss 458.2998962402344
Density Loss 455.364013671875
Density Loss 453.0914001464844
Density Loss 458.5038146972656
Density Loss 460.2209167480469
Density Loss 456.50823974609375
Density Loss 453.7860412597656
Density Loss 455.9355773925781
Density Loss 455.3648986816406
Density Loss 457.692138671875
Density Loss 455.9757385253906
Density Loss 460.8750305175781
Density Loss 455.06494140625
Density Loss 455.34466552734375
Density Loss 458.51007080078125
Density Loss 455.8341064453125
Density Loss 457.58154296875
Density Loss 456.1556701660156
Density Loss 459.1152648925781
Density Loss 458.8455810546875
Density Loss 453.16455078125
Density Loss 451.6448669433594
Density Loss 457.9425354003906
Density Loss 451.2402648925781
Density Loss 453.4169616699219
Density Loss 453.75091552734375
Density Loss 458.42022705078125
Density Loss 456.673828125
Density Loss 456.35467529296875
Density Loss 456.5815734863281
Density Loss 454.58502197265625
Density Loss 456.6668395996094
Density Loss 457.5678405761719
Density Loss 454.0318298339844
Density Loss 456.5207214355469
Density Loss 455.30535888671875
Density Loss 457.03814697265625
Density Loss 457.59271240234375
Density Loss 453.3688659667969
Density Loss 457.57183837890625
Density Loss 458.2395935058594
Density Loss 461.3343200683594
Density Loss 453.80926513671875
Density Loss 454.1703796386719
Density Loss 453.8262634277344
Density Loss 456.9462585449219
Density Loss 456.3846435546875
Density Loss 456.19317626953125
Density Loss 457.0303955078125
Density Loss 457.46356201171875
Density Loss 459.49371337890625
Density Loss 457.5002136230469
Density Loss 458.560546875
Density Loss 455.529541015625
Density Loss 459.610107421875
Density Loss 458.87261962890625
Density Loss 459.51312255859375
Density Loss 457.3814697265625
Density Loss 460.72222900390625
Density Loss 461.2609558105469
Density Loss 458.57568359375
Density Loss 456.2281494140625
Density Loss 456.94134521484375
Density Loss 456.7993469238281
Density Loss 458.0385437011719
Density Loss 453.3319091796875
Density Loss 459.87127685546875
Density Loss 460.7993469238281
Density Loss 457.27703857421875
Density Loss 456.21331787109375
Density Loss 459.9205627441406
Density Loss 456.0135192871094
Density Loss 458.2652587890625
Density Loss 459.2182312011719
Density Loss 462.33367919921875
Density Loss 457.29345703125
Density Loss 457.5162353515625
Density Loss 456.3392028808594
Density Loss 455.7369384765625
Density Loss 458.5215148925781
Density Loss 464.0015869140625
Density Loss 453.6837463378906
Density Loss 460.62005615234375
Density Loss 457.4047546386719
Density Loss 462.04736328125
Density Loss 456.4538269042969
Density Loss 455.9388732910156
Density Loss 455.18133544921875
Density Loss 454.8370666503906
Density Loss 458.4772033691406
Density Loss 459.26947021484375
Density Loss 463.228759765625
Density Loss 456.0874328613281
Density Loss 454.9944152832031
Density Loss 459.3175964355469
Density Loss 455.71563720703125
Density Loss 456.7422180175781
Density Loss 460.21002197265625
Density Loss 461.9082946777344
Density Loss 456.68505859375
Density Loss 455.42926025390625
Density Loss 453.7796936035156
Density Loss 461.802734375
Density Loss 460.5556640625
Density Loss 457.3514404296875
Density Loss 460.2660827636719
Density Loss 459.2128601074219
Density Loss 455.08856201171875
Density Loss 457.91265869140625
Density Loss 457.5188293457031
Density Loss 452.3397521972656
Density Loss 456.41033935546875
Density Loss 460.5043029785156
Density Loss 454.2019958496094
Density Loss 450.709228515625
Density Loss 460.2748718261719
Density Loss 461.50592041015625
Density Loss 459.02117919921875
Density Loss 456.5517883300781
Density Loss 456.9859924316406
Density Loss 457.1193542480469
Density Loss 454.360595703125
Density Loss 458.03070068359375
Density Loss 455.3908996582031
Density Loss 454.7142639160156
Density Loss 455.3076171875
Density Loss 453.0184631347656
Density Loss 460.6922302246094
Density Loss 458.0055236816406
Density Loss 458.09552001953125
Density Loss 459.8333740234375
Density Loss 457.0484619140625
Density Loss 454.1196594238281
Density Loss 460.43267822265625
Density Loss 461.7958984375
Density Loss 456.04638671875
Density Loss 457.0167236328125
Density Loss 460.1036682128906
Density Loss 457.1702575683594
Density Loss 454.54998779296875
Density Loss 458.3342590332031
Density Loss 463.91650390625
Density Loss 457.9795837402344
Density Loss 460.0305480957031
Density Loss 453.6755065917969
Density Loss 455.665283203125
Density Loss 452.69573974609375
Density Loss 456.2178955078125
Density Loss 461.665283203125
Density Loss 456.6304016113281
Density Loss 459.1347961425781
Density Loss 456.1824035644531
Density Loss 452.41070556640625
Density Loss 455.87371826171875
Density Loss 460.6641845703125
Density Loss 455.9618225097656
Density Loss 456.74591064453125
Density Loss 455.37701416015625
Density Loss 459.0751037597656
Density Loss 453.8510437011719
Density Loss 459.3050231933594
Density Loss 456.9108581542969
Density Loss 455.95989990234375
Density Loss 458.6520690917969
Density Loss 461.1033935546875
Density Loss 461.01263427734375
Density Loss 459.215576171875
Density Loss 460.2923889160156
Density Loss 459.0403137207031
Density Loss 462.1909484863281
Density Loss 454.3968811035156
Density Loss 458.0836181640625
Density Loss 462.50592041015625
Density Loss 463.438232421875
Density Loss 460.2081604003906
Density Loss 459.08319091796875
Density Loss 455.894775390625
Density Loss 459.424072265625
Density Loss 461.4981994628906
Density Loss 460.3824157714844
Density Loss 460.4613342285156
Density Loss 462.33526611328125
Density Loss 457.7935791015625
Density Loss 457.75701904296875
Density Loss 460.37835693359375
Density Loss 453.1835021972656
Density Loss 455.3074951171875
Density Loss 457.6924133300781
Density Loss 462.8454284667969
Density Loss 460.9319763183594
Density Loss 457.9664001464844
Density Loss 454.93182373046875
Density Loss 458.791259765625
Density Loss 460.5187072753906
Density Loss 461.90118408203125
Density Loss 459.90167236328125
Density Loss 458.0359191894531
Density Loss 464.147216796875
Density Loss 457.56341552734375
Density Loss 457.6966247558594
Density Loss 455.4571228027344
Density Loss 462.46807861328125
Density Loss 462.70013427734375
Density Loss 458.8595886230469
Density Loss 460.1423034667969
Density Loss 461.13323974609375
Density Loss 463.4912414550781
Density Loss 459.8175964355469
Density Loss 458.49346923828125
Density Loss 459.223388671875
Density Loss 456.8458557128906
Density Loss 459.81463623046875
Density Loss 461.3570251464844
Density Loss 461.0194396972656
Density Loss 455.48638916015625
Density Loss 459.626708984375
Density Loss 457.5726318359375
Density Loss 460.54022216796875
Density Loss 457.4252014160156
Density Loss 455.6221008300781
Density Loss 457.843017578125
Density Loss 456.4015808105469
Density Loss 461.2272644042969
Density Loss 467.70159912109375
Density Loss 461.40655517578125
Density Loss 459.2783508300781
Density Loss 457.30633544921875
Density Loss 461.5321350097656
Density Loss 459.5968322753906
Density Loss 455.98187255859375
Density Loss 460.37158203125
Density Loss 460.6693420410156
Density Loss 456.21661376953125
Density Loss 460.09796142578125
Density Loss 460.51318359375
Density Loss 458.3893737792969
Density Loss 457.75115966796875
Density Loss 457.2212829589844
Density Loss 454.9518737792969
Density Loss 463.1374206542969
Density Loss 461.5088806152344
Density Loss 462.563232421875
Density Loss 460.2984619140625
Density Loss 458.404541015625
Density Loss 460.2471618652344
Density Loss 458.0817565917969
Density Loss 463.04083251953125
Density Loss 454.9515075683594
Density Loss 459.7363586425781
Density Loss 457.8157958984375
Density Loss 461.73443603515625
Density Loss 459.0101623535156
Density Loss 462.54327392578125
Density Loss 459.01312255859375
Density Loss 459.3564758300781
Density Loss 460.76898193359375
Density Loss 459.2810363769531
Density Loss 460.1513977050781
Density Loss 459.4900207519531
Density Loss 465.3882141113281
Density Loss 461.36578369140625
Density Loss 455.76739501953125
Density Loss 458.0914001464844
Density Loss 456.4970397949219
Density Loss 455.9286804199219
Density Loss 459.4654235839844
Density Loss 458.3323059082031
Density Loss 459.8647155761719
Density Loss 456.4303894042969
Density Loss 458.22412109375
Density Loss 456.1436767578125
Density Loss 460.9144592285156
Density Loss 463.37982177734375
Density Loss 463.5350341796875
Density Loss 456.87103271484375
Density Loss 457.83502197265625
Density Loss 461.20343017578125
Density Loss 459.8374938964844
Density Loss 455.268798828125
Density Loss 456.333984375
Density Loss 459.2805480957031
Density Loss 459.5246276855469
Density Loss 459.4924011230469
Density Loss 458.8051452636719
Density Loss 459.67010498046875
Density Loss 456.2715759277344
Density Loss 462.6416320800781
Density Loss 458.0646667480469
Density Loss 459.3087158203125
Density Loss 458.4708557128906
Density Loss 461.0219421386719
Density Loss 459.5370178222656
Density Loss 454.4119873046875
Density Loss 458.4559631347656
Density Loss 459.8481750488281
Density Loss 461.971435546875
Density Loss 455.47503662109375
Density Loss 462.1548156738281
Density Loss 460.0688781738281
Density Loss 463.5958557128906
Density Loss 459.7738952636719
Density Loss 462.9100341796875
Density Loss 458.9971008300781
Density Loss 460.9772033691406
Density Loss 455.17254638671875
Density Loss 459.06817626953125
Density Loss 459.3410339355469
Density Loss 461.6363830566406
Density Loss 458.084228515625
Density Loss 457.27655029296875
Density Loss 461.2174377441406
Density Loss 459.003662109375
Density Loss 460.7846374511719
Density Loss 457.7764587402344
Density Loss 461.3011169433594
Density Loss 461.2375793457031
Density Loss 461.78094482421875
Density Loss 463.8343811035156
Density Loss 461.2568664550781
Density Loss 461.6002197265625
Density Loss 457.126953125
Density Loss 460.8790588378906
Density Loss 460.6362609863281
Density Loss 458.5158386230469
Density Loss 460.6597595214844
Density Loss 463.7339172363281
Density Loss 462.0386962890625
Density Loss 461.7208251953125
Density Loss 461.7386169433594
Density Loss 453.6075744628906
Density Loss 462.26287841796875
Density Loss 459.8983459472656
Density Loss 459.8775939941406
Density Loss 456.6841735839844
Density Loss 460.4609069824219
Density Loss 458.5833740234375
Density Loss 461.38934326171875
Density Loss 457.44232177734375
Density Loss 460.46685791015625
Density Loss 460.4006652832031
Density Loss 459.5163879394531
Density Loss 461.1376953125
Density Loss 460.9548645019531
Density Loss 457.7996826171875
Density Loss 461.06414794921875
Density Loss 462.4301452636719
Density Loss 461.0058288574219
Density Loss 458.23858642578125
Density Loss 459.06719970703125
Density Loss 459.41375732421875
Density Loss 458.8168029785156
Density Loss 461.474853515625
Density Loss 461.74310302734375
Density Loss 464.8025207519531
Density Loss 459.72607421875
Density Loss 457.8038330078125
Density Loss 461.96502685546875
Density Loss 459.8376159667969
Density Loss 458.88177490234375
Density Loss 460.6474304199219
Density Loss 459.7507019042969
Density Loss 457.8323974609375
Density Loss 461.8741455078125
Density Loss 463.2099914550781
Density Loss 460.45758056640625
Density Loss 460.3272705078125
Density Loss 461.25286865234375
Density Loss 460.25244140625
Density Loss 462.4201354980469
Density Loss 459.534423828125
Density Loss 462.09869384765625
Density Loss 459.0136413574219
Density Loss 464.4820251464844
Density Loss 456.3324279785156
Density Loss 459.456298828125
Density Loss 457.5166320800781
Density Loss 456.8468322753906
Density Loss 455.65350341796875
Density Loss 461.1645812988281
Density Loss 461.26922607421875
Density Loss 461.8518371582031
Density Loss 457.9301452636719
Density Loss 462.0117492675781
Density Loss 462.6352233886719
Density Loss 463.8579406738281
Density Loss 464.85198974609375
Density Loss 463.22198486328125
Density Loss 459.76544189453125
Density Loss 465.3952331542969
Density Loss 464.58367919921875
Density Loss 461.2015075683594
Density Loss 459.41546630859375
Density Loss 456.5828552246094
Density Loss 457.97418212890625
Density Loss 460.3043212890625
Density Loss 457.4991760253906
Density Loss 461.21600341796875
Density Loss 462.9117431640625
Density Loss 454.4097595214844
Density Loss 463.24737548828125
Density Loss 455.2447814941406
Density Loss 456.62347412109375
Density Loss 461.970703125
Density Loss 461.25592041015625
Density Loss 460.4320983886719
Density Loss 457.7117614746094
Density Loss 461.8836669921875
Density Loss 459.12890625
Density Loss 461.7443542480469
Density Loss 457.5151062011719
Density Loss 459.2383117675781
Density Loss 459.6045837402344
Density Loss 456.4265441894531
Density Loss 459.0757141113281
Density Loss 460.6956787109375
Density Loss 460.7586364746094
Density Loss 460.56390380859375
Density Loss 459.237548828125
Density Loss 460.343017578125
Density Loss 460.6139831542969
Density Loss 459.4888610839844
Density Loss 462.1775207519531
Density Loss 463.3696594238281
Density Loss 459.3879089355469
Density Loss 459.3771057128906
Density Loss 458.1680603027344
Density Loss 461.61688232421875
Density Loss 460.08087158203125
Density Loss 469.9884948730469
Density Loss 459.9885559082031
Density Loss 461.7429504394531
Density Loss 462.1103515625
Density Loss 465.5338134765625
Density Loss 463.5167541503906
Density Loss 462.9146423339844
Density Loss 463.8819885253906
Density Loss 462.278076171875
Density Loss 460.24639892578125
Density Loss 462.00067138671875
Density Loss 464.3869934082031
Density Loss 462.10260009765625
Density Loss 460.6065979003906
Density Loss 455.1640625
Density Loss 459.8884582519531
Density Loss 462.4644775390625
Density Loss 463.4529113769531
Density Loss 459.5654296875
Density Loss 455.9757385253906
Density Loss 462.3524169921875
Density Loss 462.3150329589844
Density Loss 463.07086181640625
Density Loss 464.67138671875
Density Loss 462.5722961425781
Density Loss 459.64013671875
Density Loss 462.6218566894531
Density Loss 459.76153564453125
Density Loss 465.41375732421875
Density Loss 462.1978759765625
Density Loss 460.5266418457031
Density Loss 458.7566833496094
Density Loss 466.39129638671875
Density Loss 458.87261962890625
Density Loss 461.487060546875
Density Loss 464.5432434082031
Density Loss 464.6832580566406
Density Loss 461.3987121582031
Density Loss 466.4053039550781
Density Loss 463.8619079589844
Density Loss 461.30694580078125
Density Loss 460.8423767089844
Density Loss 460.5923767089844
Density Loss 462.791748046875
Density Loss 460.93865966796875
Density Loss 463.8315734863281
Density Loss 458.7877502441406
Density Loss 461.1098327636719
Density Loss 461.773193359375
Density Loss 460.1167907714844
Density Loss 460.5710754394531
Density Loss 461.04443359375
Density Loss 463.9727478027344
Density Loss 459.25592041015625
Density Loss 459.2441101074219
Density Loss 462.2518310546875
Density Loss 466.26910400390625
Density Loss 462.05126953125
Density Loss 461.107177734375
Density Loss 462.29705810546875
Density Loss 462.4189453125
Density Loss 461.83477783203125
Density Loss 460.89862060546875
Density Loss 462.43310546875
Density Loss 460.4034423828125
Density Loss 457.1906433105469
Density Loss 460.2536315917969
Density Loss 459.1060791015625
Density Loss 462.07391357421875
Density Loss 463.5595397949219
Density Loss 462.00250244140625
Density Loss 458.8363952636719
Density Loss 460.7148742675781
Density Loss 462.86383056640625
Density Loss 461.75933837890625
Density Loss 462.7441101074219
Density Loss 461.7387390136719
Density Loss 458.89703369140625
Density Loss 456.52557373046875
Density Loss 458.22247314453125
Density Loss 460.4420166015625
Density Loss 460.4577331542969
Density Loss 462.58001708984375
Density Loss 458.48919677734375
Density Loss 465.0112609863281
Density Loss 463.1632385253906
Density Loss 461.3694763183594
Density Loss 459.30999755859375
Density Loss 459.92327880859375
Density Loss 459.799072265625
Density Loss 463.24102783203125
Density Loss 461.2434997558594
Density Loss 464.3528747558594
Density Loss 459.2362976074219
Density Loss 460.9701843261719
Density Loss 458.7796630859375
Density Loss 460.8837890625
Density Loss 458.2875061035156
Density Loss 460.64007568359375
Density Loss 460.7919006347656
Density Loss 459.49053955078125
Density Loss 462.9169006347656
Density Loss 459.9519958496094
Density Loss 460.7802429199219
Density Loss 461.29815673828125
Density Loss 462.6712646484375
Density Loss 461.2526550292969
Density Loss 458.66717529296875
Density Loss 463.57049560546875
Density Loss 462.2354736328125
Density Loss 461.2122802734375
Density Loss 459.36614990234375
Density Loss 462.7138977050781
Density Loss 461.47711181640625
Density Loss 461.71051025390625
Density Loss 460.7539367675781
Density Loss 460.5138244628906
Density Loss 464.466552734375
Density Loss 464.7186279296875
Density Loss 463.4252624511719
Density Loss 463.2620544433594
Density Loss 461.225830078125
Density Loss 464.3451843261719
Density Loss 461.84918212890625
Density Loss 460.12957763671875
Density Loss 462.43841552734375
Density Loss 459.20751953125
Density Loss 466.4884338378906
Density Loss 462.7899475097656
Density Loss 464.76611328125
Density Loss 462.1072998046875
Density Loss 459.6427001953125
Density Loss 460.6479797363281
Density Loss 460.2491760253906
Density Loss 459.068115234375
Density Loss 460.3061828613281
Density Loss 457.21685791015625
Density Loss 457.17669677734375
Density Loss 460.1708679199219
Density Loss 459.9595031738281
Density Loss 461.6827087402344
Density Loss 459.4330139160156
Density Loss 460.2598571777344
Density Loss 462.6439208984375
Density Loss 462.6245422363281
Density Loss 462.2806701660156
Density Loss 460.4114990234375
Density Loss 461.07958984375
Density Loss 466.79559326171875
Density Loss 463.4612731933594
Density Loss 460.4687194824219
Density Loss 459.182861328125
Density Loss 464.932373046875
Density Loss 459.27020263671875
Density Loss 462.447509765625
Density Loss 462.9176940917969
Density Loss 461.1134948730469
Density Loss 466.7587890625
Density Loss 463.681640625
Density Loss 460.9842834472656
Density Loss 461.1802978515625
Density Loss 461.6189880371094
Density Loss 462.94317626953125
Density Loss 465.54302978515625
Density Loss 462.43621826171875
Density Loss 459.41357421875
Density Loss 458.3456726074219
Density Loss 461.82135009765625
Density Loss 461.5540771484375
Density Loss 462.5785217285156
Density Loss 462.44183349609375
Density Loss 463.9879455566406
Density Loss 463.796875
Density Loss 461.5865478515625
Density Loss 463.72406005859375
Density Loss 461.6435546875
Density Loss 460.8529357910156
Density Loss 464.7696228027344
Density Loss 458.21319580078125
Density Loss 462.1907958984375
Density Loss 464.57830810546875
Density Loss 460.3091125488281
Density Loss 460.8511047363281
Density Loss 463.72283935546875
Density Loss 462.1598205566406
Density Loss 462.91131591796875
Density Loss 462.4363098144531
Density Loss 459.6705627441406
Density Loss 463.6561584472656
Density Loss 461.424072265625
Density Loss 465.8101806640625
Density Loss 465.0703125
Density Loss 458.6671142578125
Density Loss 463.7559814453125
Density Loss 461.427734375
Density Loss 460.21795654296875
Density Loss 460.69464111328125
Density Loss 460.02850341796875
Density Loss 460.7138671875
Density Loss 463.6697082519531
Density Loss 460.8821105957031
Density Loss 458.5805358886719
Density Loss 462.1063537597656
Density Loss 458.28033447265625
Density Loss 457.0772705078125
Density Loss 463.86663818359375
Density Loss 464.4697570800781
Density Loss 459.95050048828125
Density Loss 464.1853332519531
Density Loss 464.5390319824219
Density Loss 458.93719482421875
Density Loss 464.80126953125
Density Loss 463.4072265625
Density Loss 469.51959228515625
Density Loss 465.0740966796875
Density Loss 464.93035888671875
Density Loss 462.2289123535156
Density Loss 461.2601623535156
Density Loss 461.1837463378906
Density Loss 459.9418640136719
Density Loss 460.0083923339844
Density Loss 460.00946044921875
Density Loss 463.3521423339844
Density Loss 463.91302490234375
Density Loss 466.3846740722656
Density Loss 461.4886169433594
Density Loss 464.49664306640625
Density Loss 461.3451232910156
Density Loss 461.7720642089844
Density Loss 462.41094970703125
Density Loss 460.0637512207031
Density Loss 462.22760009765625
Density Loss 463.7328796386719
Density Loss 463.8017883300781
Density Loss 462.1044616699219
Density Loss 458.13665771484375
Density Loss 462.37811279296875
Density Loss 462.6170349121094
Density Loss 460.96478271484375
Density Loss 465.2759094238281
Density Loss 465.75286865234375
Density Loss 466.3939208984375
Density Loss 458.8951110839844
Density Loss 470.27362060546875
Density Loss 458.4427795410156
Density Loss 463.98614501953125
Density Loss 461.254638671875
Density Loss 462.8439025878906
Density Loss 464.96710205078125
Density Loss 460.5594177246094
Density Loss 462.5135803222656
Density Loss 465.7280578613281
Density Loss 463.8883972167969
Density Loss 464.94451904296875
Density Loss 459.353759765625
Density Loss 466.3045349121094
Density Loss 460.09912109375
Density Loss 465.7774353027344
Density Loss 461.35504150390625
Density Loss 463.5912170410156
Density Loss 460.6299743652344
Density Loss 463.6104431152344
Density Loss 461.4898681640625
Density Loss 463.1929626464844
Density Loss 459.4893798828125
Density Loss 460.7492370605469
Density Loss 466.0331115722656
Density Loss 457.9353332519531
Density Loss 460.8122253417969
Density Loss 464.0503845214844
Density Loss 462.3982238769531
Density Loss 457.6634826660156
Density Loss 466.76934814453125
Density Loss 461.64630126953125
Density Loss 461.8051452636719
Density Loss 463.2696228027344
Density Loss 459.17083740234375
Density Loss 461.4049377441406
Density Loss 463.72918701171875
Density Loss 460.8921203613281
Density Loss 461.7003479003906
Density Loss 461.0540771484375
Density Loss 467.6106262207031
Density Loss 465.150634765625
Density Loss 466.2420349121094
Density Loss 463.0885009765625
Density Loss 465.2691345214844
Density Loss 460.0645446777344
Density Loss 460.2859802246094
Density Loss 466.05523681640625
Density Loss 466.3643798828125
Density Loss 459.6855163574219
Density Loss 464.23638916015625
Density Loss 461.2893371582031
Density Loss 461.2425231933594
Density Loss 460.1854248046875
Density Loss 466.0101623535156
Density Loss 463.7210998535156
Density Loss 455.1233215332031
Density Loss 462.3990173339844
Density Loss 458.2362365722656
Density Loss 465.83343505859375
Density Loss 462.6750183105469
Density Loss 458.30230712890625
Density Loss 460.70880126953125
Density Loss 463.2705383300781
Density Loss 461.9018249511719
Density Loss 466.85601806640625
Density Loss 460.7906188964844
Density Loss 466.03887939453125
Density Loss 466.02130126953125
Density Loss 464.72039794921875
Density Loss 464.3263854980469
Density Loss 466.9495544433594
Density Loss 459.566162109375
Density Loss 458.6816711425781
Density Loss 459.91168212890625
Density Loss 460.8241882324219
Density Loss 459.9330139160156
Density Loss 464.3451843261719
Density Loss 465.6294250488281
Density Loss 466.30517578125
Density Loss 464.74310302734375
Density Loss 466.6091003417969
Density Loss 464.6201171875
Density Loss 462.2904357910156
Density Loss 461.564697265625
Density Loss 463.426025390625
Density Loss 465.18280029296875
Density Loss 463.16351318359375
Density Loss 461.87945556640625
Density Loss 465.978759765625
Density Loss 462.9086608886719
Density Loss 463.4496765136719
Density Loss 464.2611999511719
Density Loss 463.0903015136719
Density Loss 462.1173400878906
Density Loss 461.5477600097656
Density Loss 464.397705078125
Density Loss 461.6473083496094
Density Loss 464.48919677734375
Density Loss 460.1055603027344
Density Loss 467.38818359375
Density Loss 461.2845458984375
Density Loss 464.8222351074219
Density Loss 466.64935302734375
Density Loss 460.09564208984375
Density Loss 460.4495544433594
Density Loss 462.3961181640625
Density Loss 463.2885437011719
Density Loss 462.97711181640625
Density Loss 463.777587890625
Density Loss 458.8166198730469
Density Loss 464.3166809082031
Density Loss 463.3116760253906
Density Loss 467.1353454589844
Density Loss 461.2694396972656
Density Loss 464.7130432128906
Density Loss 461.7631530761719
Density Loss 462.4867858886719
Density Loss 463.117919921875
Density Loss 462.6283874511719
Density Loss 463.4310607910156
Density Loss 464.22528076171875
Density Loss 460.796630859375
Density Loss 461.33978271484375
Density Loss 462.0641174316406
Density Loss 463.8551940917969
Density Loss 464.34881591796875
Density Loss 466.66485595703125
Density Loss 463.8822326660156
Density Loss 464.0244140625
Density Loss 465.850341796875
Density Loss 471.3927001953125
Density Loss 466.3659973144531
Density Loss 466.5913391113281
Density Loss 462.3358154296875
Density Loss 462.7392578125
Density Loss 466.04559326171875
Density Loss 465.4386291503906
Density Loss 462.6477355957031
Density Loss 462.71588134765625
Density Loss 464.7376708984375
Density Loss 464.0529479980469
Density Loss 460.6986999511719
Density Loss 467.2188720703125
Density Loss 466.73486328125
Density Loss 463.7535095214844
Density Loss 461.310302734375
Density Loss 465.3434143066406
Density Loss 462.16510009765625
Density Loss 463.4084167480469
Density Loss 464.35614013671875
Density Loss 466.1950988769531
Density Loss 462.6103210449219
Density Loss 461.0238952636719
Density Loss 466.3080749511719
Density Loss 465.5431823730469
Density Loss 466.3155212402344
Density Loss 468.4628601074219
Density Loss 468.72503662109375
Density Loss 463.239501953125
Density Loss 463.1179504394531
Density Loss 461.3778991699219
Density Loss 464.6075744628906
Density Loss 463.060302734375
Density Loss 463.58013916015625
Density Loss 461.7079162597656
Density Loss 462.5467834472656
Density Loss 463.9498596191406
Density Loss 463.93902587890625
Density Loss 463.58941650390625
Density Loss 462.9495849609375
Density Loss 463.0589599609375
Density Loss 464.3549499511719
Density Loss 464.89495849609375
Density Loss 467.6553039550781
Density Loss 467.58587646484375
Density Loss 465.02581787109375
Density Loss 462.9837341308594
Density Loss 467.44482421875
Density Loss 464.75250244140625
Density Loss 468.2745361328125
Density Loss 466.1095886230469
Density Loss 459.42010498046875
Density Loss 465.74322509765625
Density Loss 466.3827209472656
Density Loss 462.84503173828125
Density Loss 461.68634033203125
Density Loss 464.9788818359375
Density Loss 459.3217468261719
Density Loss 463.1445617675781
Density Loss 459.8034362792969
Density Loss 468.93170166015625
Density Loss 465.36663818359375
Density Loss 465.4512023925781
Density Loss 462.88690185546875
Density Loss 465.3424987792969
Density Loss 463.00750732421875
Density Loss 464.5666809082031
Density Loss 460.4018249511719
Density Loss 464.19537353515625
Density Loss 462.8777770996094
Density Loss 464.4072265625
Density Loss 461.47149658203125
Density Loss 463.8746032714844
Density Loss 466.6195983886719
Density Loss 462.07086181640625
Density Loss 467.7110290527344
Density Loss 466.2796630859375
Density Loss 462.7988586425781
Density Loss 466.10198974609375
Density Loss 464.584716796875
Density Loss 465.1629333496094
Density Loss 461.9590148925781
Density Loss 462.2221984863281
Density Loss 466.443115234375
Density Loss 461.85040283203125
Density Loss 463.1247863769531
Density Loss 464.3964538574219
Density Loss 471.4123229980469
Density Loss 465.9775085449219
Density Loss 465.36517333984375
Density Loss 466.7698974609375
Density Loss 462.7697448730469
Density Loss 464.65093994140625
Density Loss 465.8108825683594
Density Loss 463.7247009277344
Density Loss 466.20050048828125
Density Loss 459.5499572753906
Density Loss 467.46551513671875
Density Loss 462.90911865234375
Density Loss 469.36114501953125
Density Loss 463.6998291015625
Density Loss 461.7586669921875
Density Loss 462.66363525390625
Density Loss 465.8389587402344
Density Loss 466.39190673828125
Density Loss 463.02142333984375
Density Loss 468.08319091796875
Density Loss 462.7408752441406
Density Loss 466.46282958984375
Density Loss 462.71661376953125
Density Loss 463.9293212890625
Density Loss 465.3857421875
Density Loss 460.6294250488281
Density Loss 467.6258544921875
Density Loss 463.07061767578125
Density Loss 466.6540222167969
Density Loss 463.23431396484375
Density Loss 464.85382080078125
Density Loss 464.14215087890625
Density Loss 467.2344970703125
Density Loss 466.6461486816406
Density Loss 465.83074951171875
Density Loss 464.6585388183594
Density Loss 464.5574951171875
Density Loss 463.4506530761719
Density Loss 462.5292663574219
Density Loss 467.5608825683594
Density Loss 469.06451416015625
Density Loss 462.4809875488281
Density Loss 466.8965148925781
Density Loss 462.40130615234375
Density Loss 465.9647216796875
Density Loss 464.77374267578125
Density Loss 468.3993225097656
Density Loss 462.3143005371094
Density Loss 465.9381408691406
Density Loss 462.03070068359375
Density Loss 460.988037109375
Density Loss 466.25799560546875
Density Loss 465.19586181640625
Density Loss 461.18505859375
Density Loss 469.07635498046875
Density Loss 467.29736328125
Density Loss 459.8111877441406
Density Loss 464.68414306640625
Density Loss 463.7766418457031
Density Loss 468.2754821777344
Density Loss 463.2958984375
Density Loss 466.4978942871094
Density Loss 466.19921875
Density Loss 462.6582946777344
Density Loss 459.9952697753906
Density Loss 469.4478759765625
Density Loss 468.7532653808594
Density Loss 466.3760681152344
Density Loss 466.62646484375
Density Loss 466.011962890625
Density Loss 463.3256530761719
Density Loss 469.83294677734375
Density Loss 466.640869140625
Density Loss 463.517333984375
Density Loss 464.4367370605469
Density Loss 460.0220947265625
Density Loss 462.48822021484375
Density Loss 463.1150817871094
Density Loss 464.45806884765625
Density Loss 468.9541015625
Density Loss 468.50067138671875
Density Loss 464.268310546875
Density Loss 466.0583190917969
Density Loss 460.7142333984375
Density Loss 465.58978271484375
Density Loss 465.5244140625
Density Loss 469.2826232910156
Density Loss 467.4435729980469
Density Loss 463.3815612792969
Density Loss 462.70159912109375
Density Loss 466.82293701171875
Density Loss 461.909423828125
Density Loss 465.3209228515625
Density Loss 464.057861328125
Density Loss 465.5498352050781
Density Loss 465.9082946777344
Density Loss 463.1873474121094
Density Loss 465.2004699707031
Density Loss 467.7093505859375
Density Loss 463.6859130859375
Density Loss 465.782470703125
Density Loss 461.37615966796875
Density Loss 464.1938171386719
Density Loss 466.40142822265625
Density Loss 462.55242919921875
Density Loss 468.87286376953125
Density Loss 469.68133544921875
Density Loss 465.1525573730469
Density Loss 460.8769226074219
Density Loss 464.81243896484375
Density Loss 464.8763732910156
Density Loss 468.1378173828125
Density Loss 463.8011779785156
Density Loss 462.02886962890625
Density Loss 463.7045593261719
Density Loss 461.0860595703125
Density Loss 465.2350158691406
Density Loss 465.8109130859375
Density Loss 469.3962707519531
Density Loss 469.4140319824219
Density Loss 464.0539855957031
Density Loss 467.2882385253906
Density Loss 465.4543151855469
Density Loss 468.4911193847656
Density Loss 466.91802978515625
Density Loss 461.6003112792969
Density Loss 465.09320068359375
Density Loss 466.9747009277344
Density Loss 465.23712158203125
Density Loss 469.0632629394531
Density Loss 463.11669921875
Density Loss 468.4188232421875
Density Loss 465.1734313964844
Density Loss 464.2797546386719
Density Loss 465.135498046875
Density Loss 468.1622314453125
Density Loss 469.87078857421875
Density Loss 463.7639465332031
Density Loss 465.40966796875
Density Loss 462.6070556640625
Density Loss 463.20880126953125
Density Loss 460.5086669921875
Density Loss 466.30670166015625
Density Loss 466.58319091796875
Density Loss 465.31182861328125
Density Loss 466.0380554199219
Density Loss 463.3179931640625
Density Loss 465.6891784667969
Density Loss 464.92205810546875
Density Loss 467.8883056640625
Density Loss 467.1540832519531
Density Loss 465.2061767578125
Density Loss 465.35101318359375
Density Loss 465.0357360839844
Density Loss 462.59222412109375
Density Loss 463.0396423339844
Density Loss 471.9698791503906
Density Loss 468.44171142578125
Density Loss 464.02471923828125
Density Loss 471.27947998046875
Density Loss 467.0384826660156
Density Loss 468.2362976074219
Density Loss 464.0357360839844
Density Loss 469.4577331542969
Density Loss 461.6433410644531
Density Loss 467.20062255859375
Density Loss 463.26507568359375
Density Loss 466.36627197265625
Density Loss 466.9750671386719
Density Loss 470.659912109375
Density Loss 463.5316162109375
Density Loss 464.0001525878906
Density Loss 468.0876770019531
Density Loss 462.84869384765625
Density Loss 466.8411865234375
Density Loss 467.84429931640625
Density Loss 461.8717346191406
Density Loss 463.560791015625
Density Loss 465.00067138671875
Density Loss 469.6353454589844
Density Loss 462.482177734375
Density Loss 464.6515808105469
Density Loss 466.5308532714844
Density Loss 464.07781982421875
Density Loss 469.7164611816406
Density Loss 463.96966552734375
Density Loss 465.67333984375
Density Loss 467.3587341308594
Density Loss 468.9404602050781
Density Loss 464.2283935546875
Density Loss 470.7598571777344
Density Loss 470.8830261230469
Density Loss 467.7885437011719
Density Loss 469.0240783691406
Density Loss 466.7223205566406
Density Loss 469.7071838378906
Density Loss 467.39044189453125
Density Loss 467.1571960449219
Density Loss 464.3294982910156
Density Loss 465.4631042480469
Density Loss 466.9613952636719
Density Loss 466.765380859375
Density Loss 470.1754150390625
Density Loss 469.1937561035156
Density Loss 461.46295166015625
Density Loss 466.5693359375
Density Loss 463.9402770996094
Density Loss 465.9245910644531
Density Loss 467.0614318847656
Density Loss 465.3367004394531
Density Loss 464.7370300292969
Density Loss 466.1687927246094
Density Loss 464.6649475097656
Density Loss 463.1524353027344
Density Loss 466.0094299316406
Density Loss 470.02423095703125
Density Loss 466.0791015625
Density Loss 468.0673522949219
Density Loss 464.7927551269531
Density Loss 461.2916564941406
Density Loss 464.65167236328125
Density Loss 461.6579895019531
Density Loss 466.4094543457031
Density Loss 463.1713562011719
Density Loss 465.178466796875
Density Loss 468.55767822265625
Density Loss 465.54248046875
Density Loss 465.6889343261719
Density Loss 468.72998046875
Density Loss 464.4403991699219
Density Loss 466.3275146484375
Density Loss 462.42498779296875
Density Loss 466.6305847167969
Density Loss 465.7500305175781
Density Loss 464.5029602050781
Density Loss 462.6831970214844
Density Loss 464.66400146484375
Density Loss 458.9486389160156
Density Loss 463.89013671875
Density Loss 470.23089599609375
Density Loss 469.6471862792969
Density Loss 464.6381530761719
Density Loss 464.3031005859375
Density Loss 468.08734130859375
Density Loss 463.9382629394531
Density Loss 464.3434143066406
Density Loss 466.18927001953125
Density Loss 466.3410339355469
Density Loss 468.4726257324219
Density Loss 466.3273620605469
Density Loss 465.47686767578125
Density Loss 468.4217529296875
Density Loss 464.0252990722656
Density Loss 469.07415771484375
Density Loss 463.7222595214844
Density Loss 463.5707092285156
Density Loss 462.59423828125
Density Loss 469.84393310546875
Density Loss 465.01190185546875
Density Loss 469.15826416015625
Density Loss 468.0241394042969
Density Loss 466.1041564941406
Density Loss 465.22503662109375
Density Loss 467.37603759765625
Density Loss 463.5171813964844
Density Loss 465.0581359863281
Density Loss 463.4256591796875
Density Loss 464.0769348144531
Density Loss 471.9400939941406
Density Loss 467.4042663574219
Density Loss 470.21453857421875
Density Loss 469.11895751953125
Density Loss 469.2952575683594
Density Loss 464.55047607421875
Density Loss 467.79925537109375
Density Loss 468.11810302734375
Density Loss 465.2226257324219
Density Loss 468.5669860839844
Density Loss 462.1383972167969
Density Loss 466.8083190917969
Density Loss 468.8094177246094
Density Loss 464.25830078125
Density Loss 468.3567810058594
Density Loss 468.5686950683594
Density Loss 465.9967041015625
Density Loss 468.4162292480469
Density Loss 466.4934997558594
Density Loss 464.1080322265625
Density Loss 463.0395812988281
Density Loss 465.08782958984375
Density Loss 464.5300598144531
Density Loss 465.74652099609375
Density Loss 468.1033630371094
Density Loss 465.43121337890625
Density Loss 467.9866027832031
Density Loss 465.7988586425781
Density Loss 469.7406311035156
Density Loss 462.1454162597656
Density Loss 468.3685607910156
Density Loss 464.7583923339844
Density Loss 469.6929626464844
Density Loss 466.2400817871094
Density Loss 463.989501953125
Density Loss 461.39141845703125
Density Loss 470.14886474609375
Density Loss 464.0462341308594
Density Loss 462.32781982421875
Density Loss 467.63909912109375
Density Loss 464.41070556640625
Density Loss 467.5903015136719
Density Loss 466.98858642578125
Density Loss 463.9780578613281
Density Loss 468.03533935546875
Density Loss 470.5511779785156
Density Loss 467.05316162109375
Density Loss 467.6241455078125
Density Loss 466.1420593261719
Density Loss 465.5758972167969
Density Loss 469.3863830566406
Density Loss 471.17926025390625
Density Loss 464.6052551269531
Density Loss 465.4888610839844
Density Loss 464.7514343261719
Density Loss 468.0740661621094
Density Loss 467.415283203125
Density Loss 469.22747802734375
Density Loss 469.5699462890625
Density Loss 468.7503356933594
Density Loss 466.8363037109375
Density Loss 465.6206359863281
Density Loss 471.06573486328125
Density Loss 468.1688537597656
Density Loss 471.9404296875
Density Loss 467.571533203125
Density Loss 463.16558837890625
Density Loss 463.2436218261719
Density Loss 466.1009521484375
Density Loss 466.96600341796875
Density Loss 463.1168212890625
Density Loss 463.82293701171875
Density Loss 464.5199890136719
Density Loss 465.990478515625
Density Loss 465.4031982421875
Density Loss 469.6587829589844
Density Loss 468.4615783691406
Density Loss 464.39501953125
Density Loss 465.9522399902344
Density Loss 467.46734619140625
Density Loss 470.2360534667969
Density Loss 467.10931396484375
Density Loss 470.65875244140625
Density Loss 465.62237548828125
Density Loss 466.3316955566406
Density Loss 462.7797546386719
Density Loss 465.9561462402344
Density Loss 468.4187927246094
Density Loss 469.0596618652344
Density Loss 467.125
Density Loss 469.07757568359375
Density Loss 466.84893798828125
Density Loss 468.5608215332031
Density Loss 470.06109619140625
Density Loss 466.9811096191406
Density Loss 467.18438720703125
Density Loss 462.7339172363281
Density Loss 465.77178955078125
Density Loss 464.5673522949219
Density Loss 467.9872741699219
Density Loss 464.45843505859375
Density Loss 465.72454833984375
Density Loss 471.7236022949219
Density Loss 467.8109436035156
Density Loss 468.53057861328125
Density Loss 470.94805908203125
Density Loss 464.9358215332031
Density Loss 470.6378173828125
Density Loss 467.5408020019531
Density Loss 468.57550048828125
Density Loss 466.7692565917969
Density Loss 465.217041015625
Density Loss 467.6930236816406
Density Loss 464.5688171386719
Density Loss 464.1478576660156
Density Loss 468.7657775878906
Density Loss 467.9190368652344
Density Loss 463.8595886230469
Density Loss 465.044677734375
Density Loss 467.7689514160156
Density Loss 469.1116638183594
Density Loss 473.0857849121094
Density Loss 463.7844543457031
Density Loss 468.2355041503906
Density Loss 473.101318359375
Density Loss 463.2231750488281
Density Loss 473.36358642578125
Density Loss 464.13751220703125
Density Loss 468.2256164550781
Density Loss 466.557373046875
Density Loss 469.305419921875
Density Loss 470.591552734375
Density Loss 468.112060546875
Density Loss 466.3171081542969
Density Loss 467.3266296386719
Density Loss 467.8467102050781
Density Loss 467.674560546875
Density Loss 468.05950927734375
Density Loss 464.4673156738281
Density Loss 468.064453125
Density Loss 466.2630310058594
Density Loss 464.0828552246094
Density Loss 470.36798095703125
Density Loss 465.96002197265625
Density Loss 469.3736572265625
Density Loss 466.94677734375
Density Loss 465.9632263183594
Density Loss 466.92529296875
Density Loss 470.7406005859375
Density Loss 467.8202209472656
Density Loss 464.79998779296875
Density Loss 468.8356018066406
Density Loss 469.2913513183594
Density Loss 467.8987121582031
Density Loss 469.2747802734375
Density Loss 467.9377136230469
Density Loss 468.8921813964844
Density Loss 471.4690246582031
Density Loss 468.0171203613281
Density Loss 468.3955993652344
Density Loss 468.52081298828125
Density Loss 465.98370361328125
Density Loss 471.12823486328125
Density Loss 466.1853332519531
Density Loss 470.10614013671875
Density Loss 469.0197448730469
Density Loss 471.7209167480469
Density Loss 465.90167236328125
Density Loss 468.9410400390625
Density Loss 467.9888610839844
Density Loss 467.19927978515625
Density Loss 464.9554748535156
Density Loss 469.7720642089844
Density Loss 468.5479736328125
Density Loss 468.2195739746094
Density Loss 467.3122253417969
Density Loss 464.3845520019531
Density Loss 471.14703369140625
Density Loss 464.1174621582031
Density Loss 465.807373046875
Density Loss 467.372802734375
Density Loss 468.9393615722656
Density Loss 468.858642578125
Density Loss 466.51080322265625
Density Loss 463.5010986328125
Density Loss 464.38751220703125
Density Loss 471.7446594238281
Density Loss 465.981201171875
Density Loss 468.9488830566406
Density Loss 465.22637939453125
Density Loss 468.5360412597656
Density Loss 463.6631164550781
Density Loss 464.4779052734375
Density Loss 470.72998046875
Density Loss 470.6705017089844
Density Loss 466.13336181640625
Density Loss 465.923095703125
Density Loss 464.3963623046875
Density Loss 463.6142272949219
Density Loss 466.82916259765625
Density Loss 466.95977783203125
Density Loss 467.6744689941406
Density Loss 468.7755126953125
Density Loss 466.8531188964844
Density Loss 466.2169494628906
Density Loss 468.95245361328125
Density Loss 468.4151916503906
Density Loss 468.1618347167969
Density Loss 468.91046142578125
Density Loss 468.8815612792969
Density Loss 469.43975830078125
Density Loss 464.92559814453125
Density Loss 471.160400390625
Density Loss 468.9261169433594
Density Loss 464.2552185058594
Density Loss 470.4843444824219
Density Loss 469.3681335449219
Density Loss 471.76287841796875
Density Loss 464.9427185058594
Density Loss 469.0765075683594
Density Loss 470.4452819824219
Density Loss 467.4122009277344
Density Loss 467.21734619140625
Density Loss 467.9577331542969
Density Loss 471.6766357421875
Density Loss 471.88677978515625
Density Loss 466.6844787597656
Density Loss 468.556396484375
Density Loss 466.60919189453125
Density Loss 466.7450256347656
Density Loss 465.6852722167969
Density Loss 464.9359130859375
Density Loss 471.0714416503906
Density Loss 469.1854248046875
Density Loss 466.2563781738281
Density Loss 467.34661865234375
Density Loss 467.56719970703125
Density Loss 470.56903076171875
Density Loss 464.87542724609375
Density Loss 473.4158630371094
Density Loss 470.73480224609375
Density Loss 467.35418701171875
Density Loss 465.8568420410156
Density Loss 468.0014343261719
Density Loss 464.5457763671875
Density Loss 464.3836669921875
Density Loss 467.6461486816406
Density Loss 468.3225402832031
Density Loss 471.85650634765625
Density Loss 468.3297119140625
Density Loss 469.6759033203125
Density Loss 468.6005554199219
Density Loss 469.1049499511719
Density Loss 467.1541748046875
Density Loss 470.3879089355469
Density Loss 467.3833923339844
Density Loss 464.655517578125
Density Loss 467.85711669921875
Density Loss 468.21575927734375
Density Loss 467.60711669921875
Density Loss 468.5377502441406
Density Loss 474.0018005371094
Density Loss 470.107421875
Density Loss 467.13458251953125
Density Loss 467.0062255859375
Density Loss 467.85125732421875
Density Loss 472.5552673339844
Density Loss 467.8082580566406
Density Loss 467.0796813964844
Density Loss 468.0160827636719
Density Loss 468.2702941894531
Density Loss 469.759521484375
Density Loss 466.72454833984375
Density Loss 473.35614013671875
Density Loss 467.8330993652344
Density Loss 471.2295227050781
Density Loss 465.8345031738281
Density Loss 468.7951965332031
Density Loss 468.4109191894531
Density Loss 468.8370666503906
Density Loss 466.2156677246094
Density Loss 466.80389404296875
Density Loss 467.26947021484375
Density Loss 468.9264221191406
Density Loss 467.96734619140625
Density Loss 470.4991149902344
Density Loss 468.7220764160156
Density Loss 468.96978759765625
Density Loss 468.7315368652344
Density Loss 473.5897216796875
Density Loss 469.0422668457031
Density Loss 470.2708740234375
Density Loss 470.11822509765625
Density Loss 466.69561767578125
Density Loss 470.57647705078125
Density Loss 471.02691650390625
Density Loss 465.9755554199219
Density Loss 469.83349609375
Density Loss 469.0485534667969
Density Loss 468.9404296875
Density Loss 468.2589416503906
Density Loss 467.1169738769531
Density Loss 466.70086669921875
Density Loss 470.7774963378906
Density Loss 467.67987060546875
Density Loss 469.44927978515625
Density Loss 473.3981018066406
Density Loss 465.7770690917969
Density Loss 468.9968566894531
Density Loss 467.89959716796875
Density Loss 468.8202819824219
Density Loss 465.3143005371094
Density Loss 469.8224792480469
Density Loss 465.0328674316406
Density Loss 469.5477600097656
Density Loss 469.53094482421875
Density Loss 464.57080078125
Density Loss 468.4208679199219
Density Loss 471.16278076171875
Density Loss 470.7495422363281
Density Loss 471.6355895996094
Density Loss 472.9830322265625
Density Loss 470.27783203125
Density Loss 465.61822509765625
Density Loss 469.9133605957031
Density Loss 469.0215148925781
Density Loss 467.4765625
Density Loss 469.327880859375
Density Loss 467.6678161621094
Density Loss 467.7679138183594
Density Loss 467.47406005859375
Density Loss 469.50262451171875
Density Loss 472.3578186035156
Density Loss 467.8415832519531
Density Loss 466.78741455078125
Density Loss 471.1823425292969
Density Loss 467.23321533203125
Density Loss 468.6690673828125
Density Loss 473.2572021484375
Density Loss 467.8248291015625
Density Loss 469.32171630859375
Density Loss 469.28887939453125
Density Loss 469.1162414550781
Density Loss 468.95269775390625
Density Loss 470.2542419433594
Density Loss 470.77362060546875
Density Loss 468.0544738769531
Density Loss 471.52685546875
Density Loss 472.43438720703125
Density Loss 469.48199462890625
Density Loss 465.1595764160156
Density Loss 472.89410400390625
Density Loss 468.3182373046875
Density Loss 473.6831970214844
Density Loss 468.0107116699219
Density Loss 468.2868347167969
Density Loss 470.0815734863281
Density Loss 470.25494384765625
Density Loss 470.5914001464844
Density Loss 470.9095764160156
Density Loss 469.0628662109375
Density Loss 471.9188537597656
Density Loss 470.4198303222656
Density Loss 467.7671203613281
Density Loss 471.3831787109375
Density Loss 471.0960388183594
Density Loss 474.12646484375
Density Loss 467.3231506347656
Density Loss 471.33038330078125
Density Loss 468.6829528808594
Density Loss 473.85479736328125
Density Loss 466.57135009765625
Density Loss 471.7931213378906
Density Loss 471.0529479980469
Density Loss 469.3655090332031
Density Loss 472.1759033203125
Density Loss 468.32135009765625
Density Loss 467.2160339355469
Density Loss 471.5820617675781
Density Loss 471.3985900878906
Density Loss 472.92230224609375
Density Loss 470.8492736816406
Density Loss 469.09332275390625
Density Loss 466.06591796875
Density Loss 471.22515869140625
Density Loss 468.3580627441406
Density Loss 465.6267395019531
Density Loss 470.33526611328125
Density Loss 468.5184631347656
Density Loss 470.33856201171875
Density Loss 468.2692565917969
Density Loss 468.2305603027344
Density Loss 465.4560546875
Density Loss 467.26025390625
Density Loss 468.6620178222656
Density Loss 470.5488586425781
Density Loss 471.1291198730469
Density Loss 470.67919921875
Density Loss 471.1763000488281
Density Loss 468.7624816894531
Density Loss 466.7022705078125
Density Loss 469.75103759765625
Density Loss 469.7053527832031
Density Loss 474.3134765625
Density Loss 471.4049377441406
Density Loss 471.0411376953125
Density Loss 468.03887939453125
Density Loss 466.83575439453125
Density Loss 469.2619934082031
Density Loss 470.1033630371094
Density Loss 468.20184326171875
Density Loss 468.744140625
Density Loss 470.2617492675781
Density Loss 470.2061462402344
Density Loss 474.11541748046875
Density Loss 473.1005859375
Density Loss 466.62298583984375
Density Loss 472.1036682128906
Density Loss 469.6690368652344
Density Loss 468.8143005371094
Density Loss 469.3010559082031
Density Loss 474.2098388671875
Density Loss 467.61199951171875
Density Loss 472.4708557128906
Density Loss 467.1162414550781
Density Loss 469.76715087890625
Density Loss 470.1065368652344
Density Loss 469.7000732421875
Density Loss 468.5069580078125
Density Loss 473.1092529296875
Density Loss 468.7900390625
Density Loss 470.9075012207031
Density Loss 471.1495056152344
Density Loss 472.5795593261719
Density Loss 465.5208740234375
Density Loss 467.9453125
Density Loss 473.1770324707031
Density Loss 468.6945495605469
Density Loss 474.1026306152344
Density Loss 469.4450988769531
Density Loss 472.848876953125
Density Loss 469.2931213378906
Density Loss 469.2622985839844
Density Loss 470.8314208984375
Density Loss 466.7635192871094
Density Loss 472.7697448730469
Density Loss 470.90093994140625
Density Loss 468.7929382324219
Density Loss 472.07122802734375
Density Loss 468.98638916015625
Density Loss 474.03399658203125
Density Loss 473.0245361328125
Density Loss 469.4942626953125
Density Loss 472.9772644042969
Density Loss 471.6566162109375
Density Loss 467.67108154296875
Density Loss 466.9000244140625
Density Loss 472.9471130371094
Density Loss 469.70654296875
Density Loss 466.423828125
Density Loss 468.08599853515625
Density Loss 472.7455749511719
Density Loss 471.9072570800781
Density Loss 469.00244140625
Density Loss 468.2132568359375
Density Loss 470.3706359863281
Density Loss 469.1217041015625
Density Loss 473.2130432128906
Density Loss 469.8420715332031
Density Loss 468.635498046875
Density Loss 472.145751953125
Density Loss 466.3221435546875
Density Loss 469.8719787597656
Density Loss 469.0616760253906
Density Loss 470.2826232910156
Density Loss 471.8909606933594
Density Loss 467.57403564453125
Density Loss 471.2005615234375
Density Loss 468.95526123046875
Density Loss 470.6439514160156
Density Loss 469.98944091796875
Density Loss 471.89398193359375
Density Loss 477.17510986328125
Density Loss 472.5701599121094
Density Loss 471.3703918457031
Density Loss 465.060791015625
Density Loss 468.77789306640625
Density Loss 468.2125549316406
Density Loss 471.7125549316406
Density Loss 468.7831115722656
Density Loss 470.9667053222656
Density Loss 466.7539978027344
Density Loss 472.201416015625
Density Loss 466.9061584472656
Density Loss 468.7162170410156
Density Loss 466.87353515625
Density Loss 471.83355712890625
Density Loss 467.004638671875
Density Loss 468.9643859863281
Density Loss 470.76849365234375
Density Loss 468.5523986816406
Density Loss 470.00567626953125
Density Loss 470.82080078125
Density Loss 468.15765380859375
Density Loss 470.9775390625
Density Loss 472.55267333984375
Density Loss 471.18133544921875
Density Loss 467.3719177246094
Density Loss 468.1711120605469
Density Loss 470.781982421875
Density Loss 473.6185607910156
Density Loss 473.4683532714844
Density Loss 469.8154296875
Density Loss 472.5973815917969
Density Loss 470.6063232421875
Density Loss 471.56732177734375
Density Loss 469.94775390625
Density Loss 469.591064453125
Density Loss 469.1829833984375
Density Loss 469.46746826171875
Density Loss 472.94354248046875
Density Loss 473.0426940917969
Density Loss 469.8513488769531
Density Loss 470.2607116699219
Density Loss 467.14947509765625
Density Loss 471.23870849609375
Density Loss 471.8016662597656
Density Loss 469.254638671875
Density Loss 472.3507080078125
Density Loss 470.2890930175781
Density Loss 473.4452819824219
Density Loss 472.63909912109375
Density Loss 468.3885803222656
Density Loss 470.3059387207031
Density Loss 466.5357360839844
Density Loss 471.165283203125
Density Loss 471.5150146484375
Density Loss 470.25494384765625
Density Loss 469.7695007324219
Density Loss 476.0498352050781
Density Loss 468.65069580078125
Density Loss 471.2434387207031
Density Loss 471.0819091796875
Density Loss 467.8629150390625
Density Loss 469.1811828613281
Density Loss 474.3091735839844
Density Loss 473.7415771484375
Density Loss 471.9613037109375
Density Loss 478.11529541015625
Density Loss 473.1914367675781
Density Loss 470.9853515625
Density Loss 473.28778076171875
Density Loss 473.1598205566406
Density Loss 474.4642028808594
Density Loss 469.5516357421875
Density Loss 468.9103088378906
Density Loss 472.1600341796875
Density Loss 470.0174560546875
Density Loss 469.5054626464844
Density Loss 477.3262939453125
Density Loss 472.7342224121094
Density Loss 471.0151062011719
Density Loss 469.77386474609375
Density Loss 468.8210144042969
Density Loss 471.86578369140625
Density Loss 473.4298400878906
Density Loss 473.0489501953125
Density Loss 471.6949462890625
Density Loss 466.72064208984375
Density Loss 473.0638427734375
Density Loss 470.13677978515625
Density Loss 473.060302734375
Density Loss 467.1407775878906
Density Loss 475.29376220703125
Density Loss 470.00262451171875
Density Loss 466.046875
Density Loss 473.7980651855469
Density Loss 472.3558654785156
Density Loss 468.86572265625
Density Loss 471.6963806152344
Density Loss 472.01983642578125
Density Loss 472.1423034667969
Density Loss 473.8726806640625
Density Loss 472.3822937011719
Density Loss 473.37054443359375
Density Loss 472.165283203125
Density Loss 467.4811096191406
Density Loss 473.9289855957031
Density Loss 473.6837463378906
Density Loss 468.02374267578125
Density Loss 471.5706787109375
Density Loss 463.6237487792969
Density Loss 475.6646423339844
Density Loss 470.79058837890625
Density Loss 473.7701416015625
Density Loss 470.43377685546875
Density Loss 470.1961364746094
Density Loss 470.9056701660156
Density Loss 467.9967956542969
Density Loss 472.4263916015625
Density Loss 474.1863098144531
Density Loss 471.0127868652344
Density Loss 471.1972961425781
Density Loss 469.7211608886719
Density Loss 468.0902404785156
Density Loss 468.7618713378906
Density Loss 472.0302734375
Density Loss 466.6711730957031
Density Loss 468.8399963378906
Density Loss 470.2931213378906
Density Loss 473.7976379394531
Density Loss 472.2456970214844
Density Loss 467.7147216796875
Density Loss 470.023193359375
Density Loss 470.85125732421875
Density Loss 473.28363037109375
Density Loss 468.3865051269531
Density Loss 477.7216796875
Density Loss 470.10736083984375
Density Loss 469.2511901855469
Density Loss 475.3839111328125
Density Loss 470.5807189941406
Density Loss 468.52655029296875
Density Loss 471.1867980957031
Density Loss 468.09405517578125
Density Loss 468.12567138671875
Density Loss 474.9127502441406
Density Loss 470.6360778808594
Density Loss 475.00677490234375
Density Loss 472.94696044921875
Density Loss 472.35223388671875
Density Loss 467.12518310546875
Density Loss 465.8544006347656
Density Loss 473.31243896484375
Density Loss 473.5856018066406
Density Loss 474.4700622558594
Density Loss 473.6080627441406
Density Loss 471.57098388671875
Density Loss 472.7125549316406
Density Loss 470.1703186035156
Density Loss 473.0569763183594
Density Loss 475.82806396484375
Density Loss 473.7789611816406
Density Loss 469.8871765136719
Density Loss 474.83038330078125
Density Loss 472.5524597167969
Density Loss 470.7186279296875
Density Loss 471.4757385253906
Density Loss 476.74346923828125
Density Loss 471.89654541015625
Density Loss 467.4263916015625
Density Loss 470.8910827636719
Density Loss 472.4560546875
Density Loss 473.9388732910156
Density Loss 467.47601318359375
Density Loss 469.3333740234375
Density Loss 467.0933837890625
Density Loss 468.30535888671875
Density Loss 471.6658630371094
Density Loss 470.8269958496094
Density Loss 472.66650390625
Density Loss 473.24176025390625
Density Loss 473.0833435058594
Density Loss 469.37554931640625
Density Loss 472.0309143066406
Density Loss 469.5843811035156
Density Loss 474.4371032714844

=== Evaluation (TrajectoryNet.eval) ===
Warning: Clipping dimensionality from 50 to 5
integrating backwards

Done: Tue Sep  9 03:50:00 EDT 2025  Run ID: 20250908_102001_32140726
