# Loaded config: /home/cstansbu/git_repositories/cell_cycle/pipelines/TrajectoryNet/config.yaml
adata: /nfs/turbo/umms-indikar/shared/projects/HSC/pipeline_outputs/integrated_anndata/cell_cycle/inputs/adata.h5ad
input: /nfs/turbo/umms-indikar/shared/projects/HSC/pipeline_outputs/integrated_anndata/cell_cycle/inputs/input_15comp_6time.npz
output: /nfs/turbo/umms-indikar/shared/projects/HSC/pipeline_outputs/integrated_anndata/cell_cycle/outputs
integration_args:
  times:
  - 10
  - 100
args:
  dataset: /nfs/turbo/umms-indikar/shared/projects/HSC/pipeline_outputs/integrated_anndata/cell_cycle/inputs/input_15comp_6time.npz
  embedding_name: pca
  save: /nfs/turbo/umms-indikar/shared/projects/HSC/pipeline_outputs/integrated_anndata/cell_cycle/outputs
  niters: 5000
  max_dim: 20
  time_scale: 0.5
  use_density: true
  rtol: 1e-4
  atol: 1e-5
  top_k_reg: 1.5
  batch_size: 8192
  vecint: 1e-5
  lr: 1e-2
  whiten: true
  training_noise: 0.0
  weight_decay: 1e-5
==================================================  SETTING UP MODEL  ==================================================
torch=2.7.1 | cuda=12.9 | cudnn=91200 | cuda_available=True
device=cuda:0 / 1 gpus | name=NVIDIA A100 80GB PCIe MIG 3g.40gb
capability=8.0 | mem_free=38.97 GiB / mem_total=39.25 GiB
==================================================  TRAINING  ==================================================
No model compilation.
Density Loss 0.9655567407608032
Density Loss 0.9461199045181274
Density Loss 0.9259511828422546
Density Loss 0.9290646910667419
Density Loss 0.9807222485542297
Density Loss 1.0034245252609253
Density Loss 1.0124690532684326
Density Loss 0.9987921118736267
Density Loss 0.9908620715141296
Density Loss 0.9646587371826172
Density Loss 0.9702364206314087
Density Loss 0.9828745126724243
Density Loss 0.9836727380752563
Density Loss 1.0056616067886353
Density Loss 1.0016528367996216
Density Loss 0.9628458023071289
Density Loss 0.957244336605072
Density Loss 0.9463457465171814
Density Loss 0.9119081497192383
Density Loss 0.9263876080513
Density Loss 0.9460397958755493
Density Loss 0.9206526875495911
Density Loss 0.9386602640151978
Density Loss 0.9225315451622009
Density Loss 0.9155565500259399
Density Loss 0.922550618648529
Density Loss 0.9014882445335388
Density Loss 0.9122994542121887
Density Loss 0.9155095219612122
Density Loss 0.928946316242218
Density Loss 0.9354926943778992
Density Loss 0.9403160214424133
Density Loss 0.933006763458252
Density Loss 0.9663551449775696
Density Loss 0.961613655090332
Density Loss 0.9536790251731873
Density Loss 0.9379388689994812
Density Loss 0.9438865780830383
Density Loss 0.9634384512901306
Density Loss 0.9688639044761658
Density Loss 0.9527122378349304
Density Loss 0.960740864276886
Density Loss 0.9623886346817017
Density Loss 0.9509672522544861
Density Loss 0.9694346785545349
Density Loss 0.9764982461929321
Density Loss 0.9597525596618652
Density Loss 0.9864475131034851
Density Loss 0.9647157788276672
Density Loss 0.9693975448608398
Density Loss 0.9900213479995728
Density Loss 0.9616165161132812
Density Loss 0.9720983505249023
Density Loss 0.9911808967590332
Density Loss 0.9827415347099304
Density Loss 0.9719201922416687
Density Loss 0.9962882995605469
Density Loss 0.979046642780304
Density Loss 0.9798797965049744
Density Loss 0.9768221974372864
Density Loss 0.9997276663780212
Density Loss 0.9925186038017273
Density Loss 1.003257393836975
Density Loss 0.9776445627212524
Density Loss 0.9793841242790222
Density Loss 0.9902353286743164
Density Loss 0.9829162955284119
Density Loss 0.9815217852592468
Density Loss 0.9540769457817078
Density Loss 0.9644455909729004
Density Loss 0.9697648286819458
Density Loss 0.969338595867157
Density Loss 0.9562721252441406
Density Loss 0.9698261618614197
Density Loss 0.9572949409484863
Density Loss 0.9513225555419922
Density Loss 0.9380292892456055
Density Loss 0.9475006461143494
Density Loss 0.9471562504768372
Density Loss 0.9573955535888672
Density Loss 0.958220899105072
Density Loss 0.9527824521064758
Density Loss 0.9377260208129883
Density Loss 0.9529010653495789
Density Loss 0.9450910687446594
Density Loss 0.9385442137718201
Density Loss 0.9526683688163757
Density Loss 0.9761013388633728
Density Loss 0.9377853274345398
Density Loss 0.9472743272781372
Density Loss 0.9529457092285156
Density Loss 0.9453215599060059
Density Loss 0.9577711224555969
Density Loss 0.9257639050483704
Density Loss 0.9507892727851868
Density Loss 0.9475283026695251
Density Loss 0.9365521669387817
Density Loss 0.9398488998413086
Density Loss 0.9621877670288086
Density Loss 0.9344862103462219
Density Loss 0.9237048029899597
Density Loss 0.9581481218338013
Density Loss 0.9470067024230957
Density Loss 0.9575309753417969
Density Loss 0.9622489809989929
Density Loss 0.9581930041313171
Density Loss 0.9673973321914673
Density Loss 0.9590919613838196
Density Loss 0.9671592712402344
Density Loss 0.9639989733695984
Density Loss 0.977628231048584
Density Loss 0.9561954736709595
Density Loss 0.9667631983757019
Density Loss 0.9560413360595703
Density Loss 0.9613388180732727
Density Loss 0.9476920366287231
Density Loss 0.95504230260849
Density Loss 0.9604820609092712
Density Loss 0.9905746579170227
Density Loss 0.9943194389343262
Density Loss 0.9903298616409302
Density Loss 0.9722742438316345
Density Loss 0.9624626040458679
Density Loss 0.9768538475036621
Density Loss 0.9695413708686829
Density Loss 0.9888951182365417
Density Loss 1.0007622241973877
Density Loss 0.9815182089805603
Density Loss 0.9756600260734558
Density Loss 0.9840986132621765
Density Loss 0.9611156582832336
Density Loss 0.949823796749115
Density Loss 0.9387823939323425
Density Loss 0.9567152261734009
Density Loss 0.9500404596328735
Density Loss 0.9752516150474548
Density Loss 0.9746913909912109
Density Loss 0.9838535189628601
Density Loss 0.9686552286148071
Density Loss 0.9830901026725769
Density Loss 0.9528986811637878
Density Loss 0.9495618939399719
Density Loss 0.9624584317207336
Density Loss 0.926352322101593
Density Loss 0.948344349861145
Density Loss 0.9535870552062988
Density Loss 0.9637109041213989
Density Loss 0.9610740542411804
Density Loss 0.9738880395889282
Density Loss 0.9534770250320435
Density Loss 0.9790282249450684
Density Loss 0.9363924264907837
Density Loss 0.9486603140830994
Density Loss 0.9533018469810486
Density Loss 0.9854810833930969
Density Loss 0.9831659197807312
Density Loss 1.0009962320327759
Density Loss 1.001402735710144
Density Loss 0.9808775186538696
Density Loss 0.9750806093215942
Density Loss 0.956468403339386
Density Loss 0.9714784026145935
Density Loss 0.9577186703681946
Density Loss 0.9562386870384216
Density Loss 0.955950915813446
Density Loss 0.948368489742279
Density Loss 0.9511747360229492
Density Loss 0.9759290814399719
Density Loss 0.9511972665786743
Density Loss 0.9528005719184875
Density Loss 0.9627876281738281
Density Loss 0.9703735709190369
Density Loss 0.950003445148468
Density Loss 0.9620721936225891
Density Loss 0.9686314463615417
Density Loss 0.9759265780448914
Density Loss 0.9749969840049744
Density Loss 0.9680194854736328
Density Loss 0.9549480676651001
Density Loss 0.9532715082168579
Density Loss 0.9794380068778992
Density Loss 0.9705261588096619
Density Loss 0.9594416618347168
Density Loss 0.9754431843757629
Density Loss 0.9645185470581055
Density Loss 0.9717292189598083
Density Loss 0.990565299987793
Density Loss 0.9788929224014282
Density Loss 0.9834185838699341
Density Loss 0.9752717018127441
Density Loss 0.9746349453926086
Density Loss 0.9643968939781189
Density Loss 0.9672829508781433
Density Loss 0.9765507578849792
Density Loss 0.9688078761100769
Density Loss 0.9718572497367859
Density Loss 0.9542957544326782
Density Loss 0.9472709894180298
Density Loss 0.9684093594551086
Density Loss 0.9850274920463562
Density Loss 0.9469352960586548
Density Loss 0.9273541569709778
Density Loss 0.9510869979858398
Density Loss 0.9559065103530884
Density Loss 0.9536243677139282
Density Loss 0.9686808586120605
Density Loss 0.9626523852348328
Density Loss 0.9281274676322937
Density Loss 0.9664332270622253
Density Loss 0.9544846415519714
Density Loss 0.9490232467651367
Density Loss 0.975143551826477
Density Loss 0.9577655792236328
Density Loss 0.9382015466690063
Density Loss 0.9366357922554016
Density Loss 0.9492313265800476
Density Loss 0.9622832536697388
Density Loss 0.9693279266357422
Density Loss 0.9653255343437195
Density Loss 0.9726091623306274
Density Loss 0.9713271260261536
Density Loss 0.9709934592247009
Density Loss 0.9552902579307556
Density Loss 0.9766592383384705
Density Loss 0.981627881526947
Density Loss 1.0004875659942627
Density Loss 0.9719673991203308
Density Loss 0.9696497321128845
Density Loss 0.9699718356132507
Density Loss 0.9654375314712524
Density Loss 0.9478946924209595
Density Loss 0.9456716775894165
Density Loss 0.9617687463760376
Density Loss 0.9705343246459961
Density Loss 0.9716684222221375
Density Loss 0.9616576433181763
Density Loss 0.9679986834526062
Density Loss 0.976289689540863
Density Loss 0.9574476480484009
Density Loss 0.9631625413894653
Density Loss 0.9693005681037903
Density Loss 0.9635173678398132
Density Loss 0.9696968197822571
Density Loss 0.9844720959663391
Density Loss 0.9717003107070923
Density Loss 0.9777817130088806
Density Loss 0.9734438061714172
Density Loss 0.973892331123352
Density Loss 0.9718998074531555
Density Loss 0.9815379977226257
Density Loss 0.9563508033752441
Density Loss 0.9644852876663208
Density Loss 0.974957287311554
Density Loss 0.9623178839683533
Density Loss 0.9801027178764343
Density Loss 0.9648388028144836
Density Loss 0.967249870300293
Density Loss 0.9674927592277527
Density Loss 0.9359297752380371
Density Loss 0.9803993105888367
Density Loss 0.9739450812339783
Density Loss 0.9737688302993774
Density Loss 0.9752546548843384
Density Loss 0.9598485231399536
Density Loss 0.9507560729980469
Density Loss 0.9653501510620117
Density Loss 0.9593080878257751
Density Loss 0.9723290801048279
Density Loss 0.9830089807510376
Density Loss 0.971662700176239
Density Loss 0.9543458819389343
Density Loss 0.960915207862854
Density Loss 0.9628065228462219
Density Loss 0.9542436599731445
Density Loss 0.9597887396812439
Density Loss 0.9657053351402283
Density Loss 0.9527063369750977
Density Loss 0.9682815670967102
Density Loss 0.9767885208129883
Density Loss 0.9705728888511658
Density Loss 0.9835013747215271
Density Loss 0.9784551858901978
Density Loss 0.9763561487197876
Density Loss 1.001349687576294
Density Loss 0.9861120581626892
Density Loss 0.9730494618415833
Density Loss 0.9575960040092468
Density Loss 0.9963871240615845
Density Loss 0.9767202734947205
Density Loss 0.9875385165214539
Density Loss 0.9812275171279907
Density Loss 0.988805890083313
Density Loss 0.9846414923667908
Density Loss 0.968305230140686
Density Loss 0.9611779451370239
Density Loss 0.9741454124450684
Density Loss 0.9682607650756836
Density Loss 0.9769849181175232
Density Loss 0.9614706039428711
Density Loss 0.9675885438919067
Density Loss 0.9675588607788086
Density Loss 0.9851932525634766
Density Loss 0.9460452198982239
Density Loss 0.951720654964447
Density Loss 0.9850494265556335
Density Loss 0.9948959350585938
Density Loss 0.9563679695129395
Density Loss 0.9784011244773865
Density Loss 0.9661545157432556
Density Loss 0.9659644365310669
Density Loss 0.9635549783706665
Density Loss 0.9771679043769836
Density Loss 0.9695709347724915
Density Loss 0.9630991816520691
Density Loss 0.97799152135849
Density Loss 0.9707450270652771
Density Loss 0.9969320297241211
Density Loss 0.9690343737602234
Density Loss 0.9742562174797058
Density Loss 1.0001734495162964
Density Loss 0.9693328738212585
Density Loss 0.989554226398468
Density Loss 0.9810161590576172
Density Loss 0.9751553535461426
Density Loss 0.9743331074714661
Density Loss 0.977939248085022
Density Loss 0.9744367599487305
Density Loss 0.9939919710159302
Density Loss 0.964533269405365
Density Loss 0.9569884538650513
Density Loss 0.9633762240409851
Density Loss 0.9693560004234314
Density Loss 0.9611361622810364
Density Loss 0.9717966914176941
Density Loss 0.9631919860839844
Density Loss 0.9721242189407349
Density Loss 0.9696272015571594
Density Loss 0.945773720741272
Density Loss 0.9651586413383484
Density Loss 0.9630191922187805
Density Loss 0.9569522738456726
Density Loss 0.9536968469619751
Density Loss 0.970916748046875
Density Loss 0.9677780270576477
Density Loss 0.9735979437828064
Density Loss 0.973783016204834
Density Loss 0.9718914031982422
Density Loss 0.971286952495575
Density Loss 0.9868355989456177
Density Loss 0.9483945965766907
Density Loss 0.960143506526947
Density Loss 0.9805824160575867
Density Loss 0.9791324734687805
Density Loss 0.9688549041748047
Density Loss 0.991246223449707
Density Loss 0.9710031747817993
Density Loss 1.0080089569091797
Density Loss 0.9847021102905273
Density Loss 0.9840849041938782
Density Loss 0.9918134808540344
Density Loss 0.9835689663887024
Density Loss 0.9695988893508911
Density Loss 0.9923014044761658
Density Loss 0.9635492563247681
Density Loss 0.9780036807060242
Density Loss 0.9580626487731934
Density Loss 0.9595983624458313
Density Loss 0.9836152195930481
Density Loss 0.9622969031333923
Density Loss 0.9601573944091797
Density Loss 0.9964330792427063
Density Loss 0.970061719417572
Density Loss 0.9975601434707642
Density Loss 0.9732610583305359
Density Loss 0.9696937799453735
Density Loss 0.9683181643486023
Density Loss 0.9715961813926697
Density Loss 0.9833164215087891
Density Loss 0.9724864959716797
Density Loss 0.9702215194702148
Density Loss 0.9750434160232544
Density Loss 0.9667970538139343
Density Loss 0.9759966731071472
Density Loss 0.9879767298698425
Density Loss 0.9626253247261047
Density Loss 0.9682968258857727
Density Loss 0.978527843952179
Density Loss 0.9642470479011536
Density Loss 0.971379280090332
Density Loss 0.9578424692153931
Density Loss 0.9769930243492126
Density Loss 0.9596580862998962
Density Loss 0.9714649319648743
Density Loss 0.9562605023384094
Density Loss 0.9868717193603516
Density Loss 0.9621462225914001
Density Loss 0.9742186665534973
Density Loss 0.9547551274299622
Density Loss 0.9690628051757812
Density Loss 0.9711965918540955
Density Loss 0.9501755833625793
Density Loss 0.9829683303833008
Density Loss 0.9863651394844055
Density Loss 0.9458864331245422
Density Loss 0.9622130393981934
Density Loss 0.9757351875305176
Density Loss 0.970511257648468
Density Loss 0.993182361125946
Density Loss 0.9843705296516418
Density Loss 0.9689920544624329
Density Loss 0.9762606024742126
Density Loss 0.9840770959854126
Density Loss 0.9690532088279724
Density Loss 0.9585298895835876
Density Loss 0.9708952307701111
Density Loss 0.9777730107307434
Density Loss 0.9768083691596985
Density Loss 0.9670812487602234
Density Loss 0.9663028120994568
Density Loss 0.9942606091499329
Density Loss 0.9912207722663879
Density Loss 0.9858541488647461
Density Loss 0.9900688529014587
Density Loss 0.9976677298545837
Density Loss 0.9768457412719727
Density Loss 0.9650064706802368
Density Loss 0.9608470797538757
Density Loss 0.9811086654663086
Density Loss 0.9655479788780212
Density Loss 0.9795690774917603
Density Loss 0.963526725769043
Density Loss 0.963252067565918
Density Loss 0.9815930724143982
Density Loss 0.9642898440361023
Density Loss 0.9676467776298523
Density Loss 0.9580997824668884
Density Loss 0.9762417078018188
Density Loss 0.9795213937759399
Density Loss 0.9911312460899353
Density Loss 0.9921936988830566
Density Loss 0.9790977835655212
Density Loss 0.9816498160362244
Density Loss 0.9723628163337708
Density Loss 0.9838991165161133
Density Loss 0.975197434425354
Density Loss 0.9803778529167175
Density Loss 0.9654266238212585
Density Loss 0.9653064608573914
Density Loss 0.9654995203018188
Density Loss 0.9697813391685486
Density Loss 0.9660024046897888
Density Loss 0.9712317585945129
Density Loss 0.9647192358970642
Density Loss 0.9680396914482117
Density Loss 0.9654442071914673
Density Loss 0.9599410891532898
Density Loss 0.9843536615371704
Density Loss 0.9724358916282654
Density Loss 0.990834653377533
Density Loss 0.9794263243675232
Density Loss 0.9528217315673828
Density Loss 0.9870480895042419
Density Loss 0.9702302813529968
Density Loss 0.9652299880981445
Density Loss 0.97857666015625
Density Loss 0.9829199910163879
Density Loss 0.963300347328186
Density Loss 0.9816282391548157
Density Loss 0.962098240852356
Density Loss 0.9595738649368286
Density Loss 0.9609541296958923
Density Loss 0.983599841594696
Density Loss 0.9713091254234314
Density Loss 0.9652008414268494
Density Loss 0.9719976782798767
Density Loss 0.9595922827720642
Density Loss 0.9799484610557556
Density Loss 0.9762037396430969
Density Loss 0.9561744928359985
Density Loss 0.9758698344230652
Density Loss 0.9444824457168579
Density Loss 0.9882295727729797
Density Loss 0.9529377222061157
Density Loss 0.9610387086868286
Density Loss 0.9754772186279297
Density Loss 0.9434763789176941
Density Loss 0.9594778418540955
Density Loss 0.9511968493461609
Density Loss 0.9665396809577942
Density Loss 0.963719367980957
Density Loss 0.9757373929023743
Density Loss 0.9805189967155457
Density Loss 0.979851245880127
Density Loss 0.9769853949546814
Density Loss 0.9718384146690369
Density Loss 0.9775276184082031
Density Loss 0.9738702178001404
Density Loss 0.9888179898262024
Density Loss 0.9701421856880188
Density Loss 0.95576411485672
Density Loss 0.9474758505821228
Density Loss 0.9578018188476562
Density Loss 0.9606186151504517
Density Loss 0.9574640393257141
Density Loss 0.9328384399414062
Density Loss 0.9573193788528442
Density Loss 0.9774096608161926
Density Loss 0.9797962307929993
Density Loss 0.9507284164428711
Density Loss 0.9464861750602722
Density Loss 0.9654413461685181
Density Loss 0.9552199244499207
Density Loss 0.9440056681632996
Density Loss 0.9597460031509399
Density Loss 0.9470418095588684
Density Loss 0.96802818775177
Density Loss 0.9483658075332642
Density Loss 0.9725424647331238
Density Loss 0.9829344749450684
Density Loss 0.9707744717597961
Density Loss 0.9670875668525696
Density Loss 0.9546934366226196
Density Loss 0.9614974856376648
Density Loss 0.9690580368041992
Density Loss 0.9543873071670532
Density Loss 0.9732677340507507
Density Loss 0.9674981236457825
Density Loss 0.9802103042602539
Density Loss 0.9566511511802673
Density Loss 0.9629130363464355
Density Loss 0.970368504524231
Density Loss 0.966434121131897
Density Loss 0.978162944316864
Density Loss 0.9615408182144165
Density Loss 0.9683508276939392
Density Loss 0.9693662524223328
Density Loss 0.969630241394043
Density Loss 0.9642757773399353
Density Loss 0.9671236276626587
Density Loss 0.9794893264770508
Density Loss 0.9898077249526978
Density Loss 0.969991147518158
Density Loss 0.9893941879272461
Density Loss 0.9512705206871033
Density Loss 0.9717332720756531
Density Loss 0.9796682596206665
Density Loss 0.9937465786933899
Density Loss 0.9758160710334778
Density Loss 0.9990650415420532
Density Loss 0.957887589931488
Density Loss 0.9674203991889954
Density Loss 0.9625973105430603
Density Loss 0.9632744193077087
Density Loss 0.9617399573326111
Density Loss 0.9670646786689758
Density Loss 0.9629017114639282
Density Loss 0.9389786124229431
Density Loss 0.9535849690437317
Density Loss 0.9526718258857727
Density Loss 0.9517955780029297
Density Loss 0.9550880789756775
Density Loss 0.965806782245636
Density Loss 0.9482467770576477
Density Loss 0.9458948373794556
Density Loss 0.9765051007270813
Density Loss 0.9590467810630798
Density Loss 0.962661862373352
Density Loss 0.9416393637657166
Density Loss 0.9688048362731934
Density Loss 0.9529997110366821
Density Loss 0.9615032076835632
Density Loss 0.9567217230796814
Density Loss 0.9650247693061829
Density Loss 0.9723268747329712
Density Loss 0.9616283774375916
Density Loss 0.9698360562324524
Density Loss 0.957710862159729
Density Loss 0.9641987085342407
Density Loss 0.952091634273529
Density Loss 0.9541040658950806
Density Loss 0.9562832117080688
Density Loss 0.955596923828125
Density Loss 0.9557897448539734
Density Loss 0.9539743661880493
Density Loss 0.9501914381980896
Density Loss 0.9464306235313416
Density Loss 0.9554051756858826
Density Loss 0.964930534362793
Density Loss 0.9579092264175415
Density Loss 0.9654475450515747
Density Loss 0.965248703956604
Density Loss 0.9771257638931274
Density Loss 0.9468766450881958
Density Loss 0.9775968790054321
Density Loss 0.9489885568618774
Density Loss 0.9577409625053406
Density Loss 0.9605183601379395
Density Loss 0.9414472579956055
Density Loss 0.9489173889160156
Density Loss 0.9582206010818481
Density Loss 0.9599510431289673
Density Loss 0.956964910030365
Density Loss 0.9649096727371216
Density Loss 0.9597193002700806
Density Loss 0.9434817433357239
Density Loss 0.9219304919242859
Density Loss 0.9488531351089478
Density Loss 0.9536864161491394
Density Loss 0.9493021368980408
Density Loss 0.9452937245368958
Density Loss 0.9393631815910339
Density Loss 0.9529582858085632
Density Loss 0.9508386850357056
Density Loss 0.9366468787193298
Density Loss 0.9790517091751099
Density Loss 0.9404241442680359
Density Loss 0.9372377395629883
Density Loss 0.9600439071655273
Density Loss 0.9581212997436523
Density Loss 0.9699406027793884
Density Loss 0.94061279296875
Density Loss 0.9574981927871704
Density Loss 0.9488264322280884
Density Loss 0.9316466450691223
Density Loss 0.9687297940254211
Density Loss 0.94384765625
Density Loss 0.9465053677558899
Density Loss 0.9495695233345032
Density Loss 0.9428953528404236
Density Loss 0.9334516525268555
Density Loss 0.9410402178764343
Density Loss 0.9484018683433533
Density Loss 0.9422720074653625
Density Loss 0.95222407579422
Density Loss 0.9613174796104431
Density Loss 0.9510371088981628
Density Loss 0.9293352365493774
Density Loss 0.9532723426818848
Density Loss 0.9505252838134766
Density Loss 0.9429540038108826
Density Loss 0.9288960695266724
Density Loss 0.9548044204711914
Density Loss 0.9679738879203796
Density Loss 0.9536623358726501
Density Loss 0.9797551035881042
Density Loss 0.9591072201728821
Density Loss 0.9640247225761414
Density Loss 0.9468434453010559
Density Loss 0.9458625912666321
Density Loss 0.9461898803710938
Density Loss 0.9343991279602051
Density Loss 0.9363906979560852
Density Loss 0.9384857416152954
Density Loss 0.9260764122009277
Density Loss 0.9465894103050232
Density Loss 0.9449682235717773
Density Loss 0.9516132473945618
Density Loss 0.9450977444648743
Density Loss 0.9547751545906067
Density Loss 0.9656484723091125
Density Loss 0.9552149176597595
Density Loss 0.9739575386047363
Density Loss 0.9672075510025024
Density Loss 0.9335138201713562
Density Loss 0.9517902731895447
Density Loss 0.9436423182487488
Density Loss 0.9486897587776184
Density Loss 0.9388093948364258
Density Loss 0.9552239775657654
Density Loss 0.9515396356582642
Density Loss 0.9393606185913086
Density Loss 0.9509133696556091
Density Loss 0.9490930438041687
Density Loss 0.9610244631767273
Density Loss 0.9267086386680603
Density Loss 0.946272075176239
Density Loss 0.9410209059715271
Density Loss 0.943719208240509
Density Loss 0.9608355760574341
Density Loss 0.9438577890396118
Density Loss 0.9336214065551758
Density Loss 0.9518705606460571
Density Loss 0.948140561580658
Density Loss 0.9558895230293274
Density Loss 0.9383074045181274
Density Loss 0.9402167201042175
Density Loss 0.9347850680351257
Density Loss 0.9584166407585144
Density Loss 0.9452223181724548
Density Loss 0.9410459399223328
Density Loss 0.9495717883110046
Density Loss 0.9471099972724915
Density Loss 0.9473663568496704
Density Loss 0.932621419429779
Density Loss 0.9489026069641113
Density Loss 0.9390884637832642
Density Loss 0.9511541724205017
Density Loss 0.9243996739387512
Density Loss 0.9439199566841125
Density Loss 0.9362381100654602
Density Loss 0.9265605807304382
Density Loss 0.9432503581047058
Density Loss 0.9369641542434692
Density Loss 0.9354150891304016
Density Loss 0.9373680353164673
Density Loss 0.9440481066703796
Density Loss 0.9127609133720398
Density Loss 0.9546656012535095
Density Loss 0.9468246698379517
Density Loss 0.9317323565483093
Density Loss 0.9466918110847473
Density Loss 0.9372129440307617
Density Loss 0.9379763007164001
Density Loss 0.9472951889038086
Density Loss 0.9621888399124146
Density Loss 0.9347578287124634
Density Loss 0.9398544430732727
Density Loss 0.9565181732177734
Density Loss 0.978706955909729
Density Loss 0.959901750087738
Density Loss 0.9287346005439758
Density Loss 0.9452028274536133
Density Loss 0.9261280298233032
Density Loss 0.9450399279594421
Density Loss 0.9298285841941833
Density Loss 0.9427046179771423
Density Loss 0.9482423663139343
Density Loss 0.943974494934082
Density Loss 0.9429135322570801
Density Loss 0.9192829132080078
Density Loss 0.9413496255874634
Density Loss 0.925022542476654
Density Loss 0.9499192237854004
Density Loss 0.941270649433136
Density Loss 0.9497341513633728
Density Loss 0.9356218576431274
Density Loss 0.9437822699546814
Density Loss 0.9322314262390137
Density Loss 0.9523993730545044
Density Loss 0.9478411078453064
Density Loss 0.933066189289093
Density Loss 0.9557569622993469
Density Loss 0.9424888491630554
Density Loss 0.9327163100242615
Density Loss 0.940647542476654
Density Loss 0.9358383417129517
Density Loss 0.9392253756523132
Density Loss 0.9436590075492859
Density Loss 0.9480104446411133
Density Loss 0.9461817741394043
Density Loss 0.9662486910820007
Density Loss 0.925798237323761
Density Loss 0.9339496493339539
Density Loss 0.9444112777709961
Density Loss 0.9368252158164978
Density Loss 0.935895562171936
Density Loss 0.9449230432510376
Density Loss 0.947009265422821
Density Loss 0.9359350204467773
Density Loss 0.9471935629844666
Density Loss 0.9330162405967712
Density Loss 0.9565107226371765
Density Loss 0.9410991668701172
Density Loss 0.9469410181045532
Density Loss 0.9300214648246765
Density Loss 0.9514068961143494
Density Loss 0.9378259778022766
Density Loss 0.90290367603302
Density Loss 0.9480495452880859
Density Loss 0.945120632648468
Density Loss 0.9460170865058899
Density Loss 0.9481102228164673
Density Loss 0.9403182864189148
Density Loss 0.9451433420181274
Density Loss 0.9432594180107117
Density Loss 0.943182110786438
Density Loss 0.9424940347671509
Density Loss 0.9425374865531921
Density Loss 0.9494615793228149
Density Loss 0.9426711201667786
Density Loss 0.9325773119926453
Density Loss 0.9376494288444519
Density Loss 0.9470705389976501
Density Loss 0.9288512468338013
Density Loss 0.9271171689033508
Density Loss 0.919082760810852
Density Loss 0.9453780055046082
Density Loss 0.9317733645439148
Density Loss 0.9470138549804688
Density Loss 0.9455068707466125
Density Loss 0.9333720207214355
Density Loss 0.9296666383743286
Density Loss 0.9509454965591431
Density Loss 0.945124626159668
Density Loss 0.9223308563232422
Density Loss 0.9435781836509705
Density Loss 0.9371716380119324
Density Loss 0.9278215765953064
Density Loss 0.9293527603149414
Density Loss 0.9368738532066345
Density Loss 0.9195650219917297
Density Loss 0.9256876111030579
Density Loss 0.9391460418701172
Density Loss 0.9465723037719727
Density Loss 0.9312793612480164
Density Loss 0.9365949630737305
Density Loss 0.939168393611908
Density Loss 0.90350341796875
Density Loss 0.932412326335907
Density Loss 0.9390302896499634
Density Loss 0.9401430487632751
Density Loss 0.9328941702842712
Density Loss 0.9319419860839844
Density Loss 0.9408194422721863
Density Loss 0.9269261360168457
Density Loss 0.9107829928398132
Density Loss 0.953063428401947
Density Loss 0.9323509335517883
Density Loss 0.9421912431716919
Density Loss 0.941571056842804
Density Loss 0.9421489834785461
Density Loss 0.9527222514152527
Density Loss 0.941277801990509
Density Loss 0.9335721135139465
Density Loss 0.9348632097244263
Density Loss 0.9422870874404907
Density Loss 0.9333806037902832
Density Loss 0.9383003115653992
Density Loss 0.937682569026947
Density Loss 0.9484182596206665
Density Loss 0.9421070218086243
Density Loss 0.9287147521972656
Density Loss 0.9435098767280579
Density Loss 0.939553439617157
Density Loss 0.9466352462768555
Density Loss 0.9186153411865234
Density Loss 0.9344009757041931
Density Loss 0.9353218078613281
Density Loss 0.9192647933959961
Density Loss 0.9362786412239075
Density Loss 0.9361597299575806
Density Loss 0.9309760928153992
Density Loss 0.9417306780815125
Density Loss 0.9496960043907166
Density Loss 0.9341064691543579
Density Loss 0.9512870907783508
Density Loss 0.9146578907966614
Density Loss 0.9297305345535278
Density Loss 0.9238835573196411
Density Loss 0.9268497824668884
Density Loss 0.9272201657295227
Density Loss 0.9142484664916992
Density Loss 0.9318586587905884
Density Loss 0.9424640536308289
Density Loss 0.9114479422569275
Density Loss 0.933830738067627
Density Loss 0.9322443008422852
Density Loss 0.9486057162284851
Density Loss 0.9148148894309998
Density Loss 0.9350797533988953
Density Loss 0.9377226233482361
Density Loss 0.926665723323822
Density Loss 0.9409242868423462
Density Loss 0.9473949670791626
Density Loss 0.9422432780265808
Density Loss 0.938812255859375
Density Loss 0.9560068249702454
Density Loss 0.9045543670654297
Density Loss 0.9315716028213501
Density Loss 0.9487161636352539
Density Loss 0.9320167899131775
Density Loss 0.9268327951431274
Density Loss 0.9274839758872986
Density Loss 0.9317631721496582
Density Loss 0.9366636276245117
Density Loss 0.9393734335899353
Density Loss 0.9483396410942078
Density Loss 0.9252595901489258
Density Loss 0.9221429824829102
Density Loss 0.9400979280471802
Density Loss 0.9467136263847351
Density Loss 0.9310957193374634
Density Loss 0.9397287368774414
Density Loss 0.9557151794433594
Density Loss 0.9461507201194763
Density Loss 0.9393274188041687
Density Loss 0.9102485775947571
Density Loss 0.9364709258079529
Density Loss 0.9282594919204712
Density Loss 0.9229976534843445
Density Loss 0.9261398315429688
Density Loss 0.9179288744926453
Density Loss 0.932290256023407
Density Loss 0.936168372631073
Density Loss 0.9300165176391602
Density Loss 0.9308757185935974
Density Loss 0.9410320520401001
Density Loss 0.9576106071472168
Density Loss 0.938480019569397
Density Loss 0.931979775428772
Density Loss 0.9275213479995728
Density Loss 0.9320856332778931
Density Loss 0.9452797770500183
Density Loss 0.930874764919281
Density Loss 0.9433147311210632
Density Loss 0.9249762892723083
Density Loss 0.9206804633140564
Density Loss 0.9283172488212585
Density Loss 0.9087433815002441
Density Loss 0.9206950068473816
Density Loss 0.940825879573822
Density Loss 0.9167084097862244
Density Loss 0.941301167011261
Density Loss 0.9380111694335938
Density Loss 0.9381651282310486
Density Loss 0.938503086566925
Density Loss 0.9208889007568359
Density Loss 0.9476938247680664
Density Loss 0.9245458841323853
Density Loss 0.923526406288147
Density Loss 0.929846465587616
Density Loss 0.9442985653877258
Density Loss 0.9478670954704285
Density Loss 0.9321516156196594
Density Loss 0.9313673377037048
Density Loss 0.948248028755188
Density Loss 0.9378824234008789
Density Loss 0.921600341796875
Density Loss 0.9041759371757507
Density Loss 0.9475452303886414
Density Loss 0.9152788519859314
Density Loss 0.9301333427429199
Density Loss 0.9150499701499939
Density Loss 0.9560146331787109
Density Loss 0.9317752122879028
Density Loss 0.9299445152282715
Density Loss 0.9453113675117493
Density Loss 0.9298611879348755
Density Loss 0.9361889958381653
Density Loss 0.9173885583877563
Density Loss 0.9200348854064941
Density Loss 0.9316481947898865
Density Loss 0.9335905909538269
Density Loss 0.945807933807373
Density Loss 0.9487983584403992
Density Loss 0.942483127117157
Density Loss 0.9298801422119141
Density Loss 0.9146671295166016
Density Loss 0.9557089805603027
Density Loss 0.9287919998168945
Density Loss 0.9406105279922485
Density Loss 0.922524631023407
Density Loss 0.9351977705955505
Density Loss 0.9373558163642883
Density Loss 0.9266638159751892
Density Loss 0.9498222470283508
Density Loss 0.9443818926811218
Density Loss 0.9174528121948242
Density Loss 0.9289979934692383
Density Loss 0.9172471165657043
Density Loss 0.9167152643203735
Density Loss 0.9225606918334961
Density Loss 0.9338804483413696
Density Loss 0.9389061331748962
Density Loss 0.9260134696960449
Density Loss 0.9129884839057922
Density Loss 0.9451819658279419
Density Loss 0.9355191588401794
Density Loss 0.9392842650413513
Density Loss 0.9302946329116821
Density Loss 0.9185062646865845
Density Loss 0.936935544013977
Density Loss 0.9541847109794617
Density Loss 0.9369959831237793
Density Loss 0.9352680444717407
Density Loss 0.9300055503845215
Density Loss 0.9306570887565613
Density Loss 0.9204019904136658
Density Loss 0.9403312802314758
Density Loss 0.9356433749198914
Density Loss 0.9273096323013306
Density Loss 0.937508225440979
Density Loss 0.9261194467544556
Density Loss 0.9531715512275696
Density Loss 0.9209442138671875
Density Loss 0.9386885762214661
Density Loss 0.9271131753921509
Density Loss 0.9155699014663696
Density Loss 0.9132211804389954
Density Loss 0.9430484771728516
Density Loss 0.918451726436615
Density Loss 0.937046468257904
Density Loss 0.9224441647529602
Density Loss 0.9463717341423035
Density Loss 0.948850154876709
Density Loss 0.9405621886253357
Density Loss 0.9418123364448547
Density Loss 0.9354328513145447
Density Loss 0.9470543265342712
Density Loss 0.9559069871902466
Density Loss 0.9238204956054688
Density Loss 0.9393321871757507
Density Loss 0.949279248714447
Density Loss 0.9292916655540466
Density Loss 0.9168287515640259
Density Loss 0.943813145160675
Density Loss 0.9398910403251648
Density Loss 0.9170829653739929
Density Loss 0.9402448534965515
Density Loss 0.9059123992919922
Density Loss 0.9374842047691345
Density Loss 0.9162538647651672
Density Loss 0.930798351764679
Density Loss 0.9409107565879822
Density Loss 0.9279583096504211
Density Loss 0.9239324927330017
Density Loss 0.934804379940033
Density Loss 0.9225730895996094
Density Loss 0.9322971701622009
Density Loss 0.9288393259048462
Density Loss 0.9353213310241699
Density Loss 0.9253072738647461
Density Loss 0.9190697073936462
Density Loss 0.9350612759590149
Density Loss 0.9367946982383728
Density Loss 0.9399070143699646
Density Loss 0.9309291839599609
Density Loss 0.9161354303359985
Density Loss 0.922311007976532
Density Loss 0.9224275946617126
Density Loss 0.9356276392936707
Density Loss 0.9279703497886658
Density Loss 0.9394779205322266
Density Loss 0.9247596859931946
Density Loss 0.9242765307426453
Density Loss 0.9425886273384094
Density Loss 0.9306017160415649
Density Loss 0.9287018179893494
Density Loss 0.9385821223258972
Density Loss 0.9203512072563171
Density Loss 0.931961178779602
Density Loss 0.92305988073349
Density Loss 0.9302597045898438
Density Loss 0.9114137887954712
Density Loss 0.9309009909629822
Density Loss 0.9275631904602051
Density Loss 0.9290221333503723
Density Loss 0.9274563193321228
Density Loss 0.9220443964004517
Density Loss 0.9159936308860779
Density Loss 0.932165265083313
Density Loss 0.9162456393241882
Density Loss 0.9153427481651306
Density Loss 0.9342392086982727
Density Loss 0.9134729504585266
Density Loss 0.9482418298721313
Density Loss 0.9450315833091736
Density Loss 0.9390848278999329
Density Loss 0.934790313243866
Density Loss 0.9372705817222595
Density Loss 0.927574098110199
Density Loss 0.9253721237182617
Density Loss 0.9374296069145203
Density Loss 0.9434337615966797
Density Loss 0.9223639369010925
Density Loss 0.9197813272476196
Density Loss 0.9446482062339783
Density Loss 0.9194764494895935
Density Loss 0.9141292572021484
Density Loss 0.9381686449050903
Density Loss 0.9255771636962891
Density Loss 0.9366893768310547
Density Loss 0.941059410572052
Density Loss 0.932887077331543
Density Loss 0.9253584146499634
Density Loss 0.9277551770210266
Density Loss 0.9259201288223267
Density Loss 0.941226601600647
Density Loss 0.9274894595146179
Density Loss 0.9270401000976562
Density Loss 0.9226520657539368
Density Loss 0.9204250574111938
Density Loss 0.9422324299812317
Density Loss 0.9180082678794861
Density Loss 0.9122735261917114
Density Loss 0.9211940765380859
Density Loss 0.9325834512710571
Density Loss 0.9259248971939087
Density Loss 0.9355444312095642
Density Loss 0.9308123588562012
Density Loss 0.9390588998794556
Density Loss 0.934880256652832
Density Loss 0.9451978802680969
Density Loss 0.952701210975647
Density Loss 0.9202889800071716
Density Loss 0.932708740234375
Density Loss 0.9388748407363892
Density Loss 0.9341779947280884
Density Loss 0.9377309679985046
Density Loss 0.9192773699760437
Density Loss 0.9270743727684021
Density Loss 0.9354473948478699
Density Loss 0.9367752075195312
Density Loss 0.916822612285614
Density Loss 0.940968930721283
Density Loss 0.9460476040840149
Density Loss 0.9104631543159485
Density Loss 0.9176888465881348
Density Loss 0.9280786514282227
Density Loss 0.9224133491516113
Density Loss 0.8883959650993347
Density Loss 0.9303483963012695
Density Loss 0.9256086349487305
Density Loss 0.9245237708091736
Density Loss 0.9261205792427063
Density Loss 0.9318708777427673
Density Loss 0.9330167174339294
Density Loss 0.9293127059936523
Density Loss 0.9381713271141052
Density Loss 0.9284948706626892
Density Loss 0.9342280626296997
Density Loss 0.9169352650642395
Density Loss 0.9306578636169434
Density Loss 0.9317941069602966
Density Loss 0.9229812026023865
Density Loss 0.9280712008476257
Density Loss 0.909371554851532
Density Loss 0.9164053797721863
Density Loss 0.9323011636734009
Density Loss 0.9381044507026672
Density Loss 0.9252455830574036
Density Loss 0.93990558385849
Density Loss 0.9412441253662109
Density Loss 0.956063449382782
Density Loss 0.920592725276947
Density Loss 0.9080295562744141
Density Loss 0.9282707571983337
Density Loss 0.9034887552261353
Density Loss 0.9195107817649841
Density Loss 0.9234352111816406
Density Loss 0.937191903591156
Density Loss 0.9013761878013611
Density Loss 0.9096941351890564
Density Loss 0.9293346405029297
Density Loss 0.9283607602119446
Density Loss 0.9188852310180664
Density Loss 0.9309436082839966
Density Loss 0.9302965998649597
Density Loss 0.937809407711029
Density Loss 0.9333614706993103
Density Loss 0.9203417897224426
Density Loss 0.9419043660163879
Density Loss 0.9243724942207336
Density Loss 0.936902642250061
Density Loss 0.9414202570915222
Density Loss 0.9308256506919861
Density Loss 0.9249950647354126
Density Loss 0.9016522765159607
Density Loss 0.9238395094871521
Density Loss 0.929843544960022
Density Loss 0.9333552718162537
Density Loss 0.9262842535972595
Density Loss 0.9178735017776489
Density Loss 0.9444751739501953
Density Loss 0.9150835871696472
Density Loss 0.9204632043838501
Density Loss 0.9495750665664673
Density Loss 0.9258348345756531
Density Loss 0.9228734374046326
Density Loss 0.9164104461669922
Density Loss 0.9193714261054993
Density Loss 0.9291841387748718
Density Loss 0.9187594652175903
Density Loss 0.9312992095947266
Density Loss 0.9107664227485657
Density Loss 0.9292808771133423
Density Loss 0.9456831812858582
Density Loss 0.9217125773429871
Density Loss 0.9398593902587891
Density Loss 0.917493999004364
Density Loss 0.9282569885253906
Density Loss 0.9410808682441711
Density Loss 0.9296087622642517
Density Loss 0.9297593235969543
Density Loss 0.9091827273368835
Density Loss 0.9229504466056824
Density Loss 0.9217630624771118
Density Loss 0.933942973613739
Density Loss 0.9223302006721497
Density Loss 0.9220625758171082
Density Loss 0.9156943559646606
Density Loss 0.9136165976524353
Density Loss 0.9272150993347168
Density Loss 0.9422780871391296
Density Loss 0.9143984913825989
Density Loss 0.9188145995140076
Density Loss 0.9130695462226868
Density Loss 0.9375959634780884
Density Loss 0.9047369956970215
Density Loss 0.9227787256240845
Density Loss 0.9113834500312805
Density Loss 0.9376124739646912
Density Loss 0.9237273335456848
Density Loss 0.9368790984153748
Density Loss 0.9253786206245422
Density Loss 0.9184250235557556
Density Loss 0.9048328399658203
Density Loss 0.9202606081962585
Density Loss 0.9519394040107727
Density Loss 0.9180458188056946
Density Loss 0.9259982109069824
Density Loss 0.8951380848884583
Density Loss 0.9204220771789551
Density Loss 0.911210834980011
Density Loss 0.9454790353775024
Density Loss 0.9178158044815063
Density Loss 0.9202694296836853
Density Loss 0.9143126606941223
Density Loss 0.9133508801460266
Density Loss 0.9421500563621521
Density Loss 0.9181023836135864
Density Loss 0.927455723285675
Density Loss 0.9232203364372253
Density Loss 0.9311710596084595
Density Loss 0.9278189539909363
Density Loss 0.9220475554466248
Density Loss 0.9026651382446289
Density Loss 0.9432727694511414
Density Loss 0.9345322847366333
Density Loss 0.9161903262138367
Density Loss 0.9047086834907532
Density Loss 0.931382954120636
Density Loss 0.9194397330284119
Density Loss 0.9413361549377441
Density Loss 0.9503580331802368
Density Loss 0.9195831418037415
Density Loss 0.9252178072929382
Density Loss 0.9184171557426453
Density Loss 0.9322496652603149
Density Loss 0.9256138205528259
Density Loss 0.9236999750137329
Density Loss 0.937149167060852
Density Loss 0.9349895715713501
Density Loss 0.9156278967857361
Density Loss 0.9271990060806274
Density Loss 0.9215864539146423
Density Loss 0.9229046106338501
Density Loss 0.9212450385093689
Density Loss 0.9089146852493286
Density Loss 0.9073564410209656
Density Loss 0.9339879155158997
Density Loss 0.9116498827934265
Density Loss 0.920301616191864
Density Loss 0.9232367873191833
Density Loss 0.9248243570327759
Density Loss 0.9229502081871033
Density Loss 0.912728488445282
Density Loss 0.936065673828125
Density Loss 0.9099084138870239
Density Loss 0.9130532145500183
Density Loss 0.9177573323249817
Density Loss 0.9160582423210144
Density Loss 0.9302927255630493
Density Loss 0.905560314655304
Density Loss 0.9187634587287903
Density Loss 0.9174231886863708
Density Loss 0.9351615309715271
Density Loss 0.9147972464561462
Density Loss 0.917427659034729
Density Loss 0.9205247759819031
Density Loss 0.9327349066734314
Density Loss 0.9264770746231079
Density Loss 0.9404016733169556
Density Loss 0.9335924386978149
Density Loss 0.9307414293289185
Density Loss 0.9466648101806641
Density Loss 0.9178062677383423
Density Loss 0.9260283708572388
Density Loss 0.9393106698989868
Density Loss 0.9314146041870117
Density Loss 0.9301996231079102
Density Loss 0.9155719876289368
Density Loss 0.9185218811035156
Density Loss 0.9273714423179626
Density Loss 0.9126059412956238
Density Loss 0.9147537350654602
Density Loss 0.9283055663108826
Density Loss 0.9197248816490173
Density Loss 0.93543541431427
Density Loss 0.922126293182373
Density Loss 0.919672966003418
Density Loss 0.9124254584312439
Density Loss 0.9262611269950867
Density Loss 0.9359723925590515
Density Loss 0.916839599609375
Density Loss 0.9308681488037109
Density Loss 0.9186744689941406
Density Loss 0.9146801233291626
Density Loss 0.92489093542099
Density Loss 0.9172148108482361
Density Loss 0.9333146214485168
Density Loss 0.9201883673667908
Density Loss 0.9227968454360962
Density Loss 0.9199166297912598
Density Loss 0.9221720099449158
Density Loss 0.9188007712364197
Density Loss 0.9458991289138794
Density Loss 0.9218570590019226
Density Loss 0.9394804239273071
Density Loss 0.9139119982719421
Density Loss 0.9309954047203064
Density Loss 0.9230670928955078
Density Loss 0.8965225219726562
Density Loss 0.9073281288146973
Density Loss 0.9323956370353699
Density Loss 0.9220531582832336
Density Loss 0.9302394986152649
Density Loss 0.9145240783691406
Density Loss 0.9190241098403931
Density Loss 0.9248574376106262
Density Loss 0.9081531763076782
Density Loss 0.9154683947563171
Density Loss 0.9420595169067383
Density Loss 0.9073978662490845
Density Loss 0.9348549246788025
Density Loss 0.9115663766860962
Density Loss 0.9300042390823364
Density Loss 0.9190370440483093
Density Loss 0.906410813331604
Density Loss 0.9219784140586853
Density Loss 0.9136010408401489
Density Loss 0.9080560803413391
Density Loss 0.9278579950332642
Density Loss 0.9114425778388977
Density Loss 0.9402769207954407
Density Loss 0.9332169890403748
Density Loss 0.9254169464111328
Density Loss 0.9058842062950134
Density Loss 0.9374526143074036
Density Loss 0.9398080706596375
Density Loss 0.926507294178009
Density Loss 0.9353794455528259
Density Loss 0.9177536368370056
Density Loss 0.9375902414321899
Density Loss 0.9030790328979492
Density Loss 0.926901638507843
Density Loss 0.9291312098503113
Density Loss 0.9208196997642517
Density Loss 0.9175792932510376
Density Loss 0.9254869818687439
Density Loss 0.9245290160179138
Density Loss 0.9187801480293274
Density Loss 0.9253351092338562
Density Loss 0.9035496115684509
Density Loss 0.9288482666015625
Density Loss 0.9279667139053345
Density Loss 0.9298995137214661
Density Loss 0.9252366423606873
Density Loss 0.9300412535667419
Density Loss 0.9252542853355408
Density Loss 0.9207372665405273
Density Loss 0.9355578422546387
Density Loss 0.9296318292617798
Density Loss 0.9213420152664185
Density Loss 0.9342311024665833
Density Loss 0.9324890375137329
Density Loss 0.9281137585639954
Density Loss 0.917466938495636
Density Loss 0.9255296587944031
Density Loss 0.9229793548583984
Density Loss 0.9260722994804382
Density Loss 0.9154823422431946
Density Loss 0.9174259305000305
Density Loss 0.9257428050041199
Density Loss 0.918160617351532
Density Loss 0.9274368286132812
Density Loss 0.9205271601676941
Density Loss 0.9199449419975281
Density Loss 0.9259130358695984
Density Loss 0.9324405789375305
Density Loss 0.915601372718811
Density Loss 0.9233080148696899
Density Loss 0.9228660464286804
Density Loss 0.9249143004417419
Density Loss 0.9173969626426697
Density Loss 0.9301747679710388
Density Loss 0.947098433971405
Density Loss 0.9436888098716736
Density Loss 0.9247879385948181
Density Loss 0.9478141665458679
Density Loss 0.943393886089325
Density Loss 0.9292980432510376
Density Loss 0.9198713302612305
Density Loss 0.9185671806335449
Density Loss 0.9420883059501648
Density Loss 0.9076369404792786
Density Loss 0.9155847430229187
Density Loss 0.9203754663467407
Density Loss 0.9251970648765564
Density Loss 0.9444358944892883
Density Loss 0.9163984656333923
Density Loss 0.9251009225845337
Density Loss 0.9079937934875488
Density Loss 0.9400257468223572
Density Loss 0.9272922873497009
Density Loss 0.917309582233429
Density Loss 0.9105091094970703
Density Loss 0.9201173186302185
Density Loss 0.9296928644180298
Density Loss 0.9197317361831665
Density Loss 0.9124161005020142
Density Loss 0.9111906290054321
Density Loss 0.9340521097183228
Density Loss 0.8916948437690735
Density Loss 0.9257955551147461
Density Loss 0.9092974066734314
Density Loss 0.9044889807701111
Density Loss 0.921513020992279
Density Loss 0.9305168390274048
Density Loss 0.9181297421455383
Density Loss 0.9237804412841797
Density Loss 0.9066686630249023
Density Loss 0.9321989417076111
Density Loss 0.93361896276474
Density Loss 0.9168949127197266
Density Loss 0.9395315051078796
Density Loss 0.9211937189102173
Density Loss 0.932926595211029
Density Loss 0.9160038828849792
Density Loss 0.9126470685005188
Density Loss 0.918735682964325
Density Loss 0.9050330519676208
Density Loss 0.921430766582489
Density Loss 0.9195600748062134
Density Loss 0.9253029823303223
Density Loss 0.9210991263389587
Density Loss 0.9209526181221008
Density Loss 0.9129587411880493
Density Loss 0.9269912838935852
Density Loss 0.9134002923965454
Density Loss 0.9045010805130005
Density Loss 0.9134456515312195
Density Loss 0.929384708404541
Density Loss 0.91375732421875
Density Loss 0.933179497718811
Density Loss 0.924588143825531
Density Loss 0.9156690835952759
Density Loss 0.9197599291801453
Density Loss 0.9278756380081177
Density Loss 0.9249469637870789
Density Loss 0.915716826915741
Density Loss 0.9168838858604431
Density Loss 0.938282310962677
Density Loss 0.9204503297805786
Density Loss 0.9102187156677246
Density Loss 0.9340298771858215
Density Loss 0.9261703491210938
Density Loss 0.9133438467979431
Density Loss 0.9101688265800476
Density Loss 0.9004033207893372
Density Loss 0.9134689569473267
Density Loss 0.9173939824104309
Density Loss 0.9254787564277649
Density Loss 0.9088579416275024
Density Loss 0.9186634421348572
Density Loss 0.9156071543693542
Density Loss 0.9172472953796387
Density Loss 0.9265772104263306
Density Loss 0.9213764071464539
Density Loss 0.9265891313552856
Density Loss 0.9356268048286438
Density Loss 0.9292699098587036
Density Loss 0.9122912287712097
Density Loss 0.9285897612571716
Density Loss 0.9334627985954285
Density Loss 0.9304417967796326
Density Loss 0.92217618227005
Density Loss 0.9152001738548279
Density Loss 0.914996325969696
Density Loss 0.9108507037162781
Density Loss 0.9450830817222595
Density Loss 0.9230225682258606
Density Loss 0.9315429925918579
Density Loss 0.9303951263427734
Density Loss 0.9146189093589783
Density Loss 0.9373165369033813
Density Loss 0.914816677570343
Density Loss 0.9385032653808594
Density Loss 0.9102539420127869
Density Loss 0.9246069192886353
Density Loss 0.9197221994400024
Density Loss 0.9218217730522156
Density Loss 0.9176428914070129
Density Loss 0.9289717078208923
Density Loss 0.9259552955627441
Density Loss 0.9115314483642578
Density Loss 0.9154009222984314
Density Loss 0.9204915165901184
Density Loss 0.9318133592605591
Density Loss 0.9085521101951599
Density Loss 0.9259366989135742
Density Loss 0.9123321771621704
Density Loss 0.9313217401504517
Density Loss 0.8988615870475769
Density Loss 0.9295941591262817
Density Loss 0.9328245520591736
Density Loss 0.9028939604759216
Density Loss 0.9113377928733826
Density Loss 0.9169971346855164
Density Loss 0.9293951392173767
Density Loss 0.9197311401367188
Density Loss 0.917137622833252
Density Loss 0.9271120429039001
Density Loss 0.9384531378746033
Density Loss 0.8884574770927429
Density Loss 0.9312410354614258
Density Loss 0.9159876108169556
Density Loss 0.9123774766921997
Density Loss 0.9204939007759094
Density Loss 0.9122425317764282
Density Loss 0.9181055426597595
Density Loss 0.9118158221244812
Density Loss 0.9320991635322571
Density Loss 0.9176358580589294
Density Loss 0.9143223166465759
Density Loss 0.9340631365776062
Density Loss 0.9326086044311523
Density Loss 0.9231195449829102
Density Loss 0.9326059222221375
Density Loss 0.9299821257591248
Density Loss 0.9225931167602539
Density Loss 0.9271600842475891
Density Loss 0.9273994565010071
Density Loss 0.9199190139770508
Density Loss 0.9220556616783142
Density Loss 0.9074655771255493
Density Loss 0.9134418368339539
Density Loss 0.9101871848106384
Density Loss 0.9117273688316345
Density Loss 0.9132304191589355
Density Loss 0.9233819842338562
Density Loss 0.9210590720176697
Density Loss 0.9156181216239929
Density Loss 0.9210491180419922
Density Loss 0.9108656048774719
Density Loss 0.9223921895027161
Density Loss 0.9145904779434204
Density Loss 0.9159049987792969
Density Loss 0.9076793789863586
Density Loss 0.9198355078697205
Density Loss 0.9304208755493164
Density Loss 0.9133481979370117
Density Loss 0.9209498763084412
Density Loss 0.9125129580497742
Density Loss 0.9233385920524597
Density Loss 0.9083208441734314
Density Loss 0.9169300198554993
Density Loss 0.9187999963760376
Density Loss 0.9139154553413391
Density Loss 0.914345383644104
Density Loss 0.9207825064659119
Density Loss 0.9234668612480164
Density Loss 0.917195737361908
Density Loss 0.9120299220085144
Density Loss 0.9046045541763306
Density Loss 0.9016191363334656
Density Loss 0.9197987914085388
Density Loss 0.9179965257644653
Density Loss 0.9285828471183777
Density Loss 0.9088743329048157
Density Loss 0.9304584860801697
Density Loss 0.9124264121055603
Density Loss 0.9254524111747742
Density Loss 0.9136137366294861
Density Loss 0.9164608120918274
Density Loss 0.9285999536514282
Density Loss 0.9219793677330017
Density Loss 0.902906596660614
Density Loss 0.9150457382202148
Density Loss 0.9082210659980774
Density Loss 0.9194898009300232
Density Loss 0.9261297583580017
Density Loss 0.939213752746582
Density Loss 0.9183468222618103
Density Loss 0.9088960886001587
Density Loss 0.9249599575996399
Density Loss 0.9107623100280762
Density Loss 0.9213346838951111
Density Loss 0.9233338236808777
Density Loss 0.9179674983024597
Density Loss 0.9152199029922485
Density Loss 0.9087608456611633
Density Loss 0.9116997122764587
Density Loss 0.9097906351089478
Density Loss 0.9321436285972595
Density Loss 0.9216775894165039
Density Loss 0.9164568185806274
Density Loss 0.9332931637763977
Density Loss 0.9153978228569031
Density Loss 0.9273068308830261
Density Loss 0.9123110175132751
Density Loss 0.9197902679443359
Density Loss 0.9195308685302734
Density Loss 0.9222511649131775
Density Loss 0.9323951005935669
Density Loss 0.9189724326133728
Density Loss 0.924355149269104
Density Loss 0.9136611819267273
Density Loss 0.9189504981040955
Density Loss 0.9027417302131653
Density Loss 0.9356233477592468
Density Loss 0.9172383546829224
Density Loss 0.9200050234794617
Density Loss 0.9357248544692993
Density Loss 0.8861369490623474
Density Loss 0.8921642303466797
Density Loss 0.934229850769043
Density Loss 0.9244896173477173
Density Loss 0.9201182723045349
Density Loss 0.9245002865791321
Density Loss 0.9364616274833679
Density Loss 0.9293844103813171
Density Loss 0.92164146900177
Density Loss 0.917015552520752
Density Loss 0.921176552772522
Density Loss 0.9015743136405945
Density Loss 0.9170860648155212
Density Loss 0.924672544002533
Density Loss 0.9114211201667786
Density Loss 0.9351032376289368
Density Loss 0.9242437481880188
Density Loss 0.908155620098114
Density Loss 0.9254770278930664
Density Loss 0.9214941263198853
Density Loss 0.9129645228385925
Density Loss 0.9161430597305298
Density Loss 0.922633945941925
Density Loss 0.9237162470817566
Density Loss 0.9099462628364563
Density Loss 0.9076969027519226
Density Loss 0.9170584678649902
Density Loss 0.9071090817451477
Density Loss 0.9271135330200195
Density Loss 0.9088994860649109
Density Loss 0.913796603679657
Density Loss 0.9285184741020203
Density Loss 0.9190183877944946
Density Loss 0.8966118693351746
Density Loss 0.9231061935424805
Density Loss 0.9222226142883301
Density Loss 0.9110998511314392
Density Loss 0.9139755368232727
Density Loss 0.9229442477226257
Density Loss 0.921390175819397
Density Loss 0.9149914979934692
Density Loss 0.9168774485588074
Density Loss 0.9137203097343445
Density Loss 0.9234041571617126
Density Loss 0.9332084059715271
Density Loss 0.8986597061157227
Density Loss 0.9075605273246765
Density Loss 0.9169061779975891
Density Loss 0.9112007021903992
Density Loss 0.9227001070976257
Density Loss 0.9129341244697571
Density Loss 0.9215676188468933
Density Loss 0.9320088624954224
Density Loss 0.9043084383010864
Density Loss 0.9129946827888489
Density Loss 0.9188600778579712
Density Loss 0.923504650592804
Density Loss 0.918576717376709
Density Loss 0.9119260907173157
Density Loss 0.9372703433036804
Density Loss 0.918552815914154
Density Loss 0.9229332208633423
Density Loss 0.9081394076347351
Density Loss 0.9287177920341492
Density Loss 0.919106662273407
Density Loss 0.9332141876220703
Density Loss 0.9109085202217102
Density Loss 0.9383905529975891
Density Loss 0.9174097180366516
Density Loss 0.9107683300971985
Density Loss 0.912327766418457
Density Loss 0.920545756816864
Density Loss 0.925414502620697
Density Loss 0.9199711084365845
Density Loss 0.9165488481521606
Density Loss 0.9039497375488281
Density Loss 0.9196982383728027
Density Loss 0.8986138701438904
Density Loss 0.9344053268432617
Density Loss 0.9181258082389832
Density Loss 0.9213706254959106
Density Loss 0.9188801050186157
Density Loss 0.9121859669685364
Density Loss 0.9218349456787109
Density Loss 0.9014820456504822
Density Loss 0.9267359972000122
Density Loss 0.9169438481330872
Density Loss 0.9200828671455383
Density Loss 0.8926997184753418
Density Loss 0.9196430444717407
Density Loss 0.9202260971069336
Density Loss 0.9150853157043457
Density Loss 0.9219759106636047
Density Loss 0.9165593385696411
Density Loss 0.899914562702179
Density Loss 0.8947946429252625
Density Loss 0.9378909468650818
Density Loss 0.9245546460151672
Density Loss 0.9420765042304993
Density Loss 0.9106764793395996
Density Loss 0.9412615895271301
Density Loss 0.9254628419876099
Density Loss 0.8902916312217712
Density Loss 0.9190969467163086
Density Loss 0.9197155237197876
Density Loss 0.9224005937576294
Density Loss 0.918376624584198
Density Loss 0.9211837649345398
Density Loss 0.9012695550918579
Density Loss 0.9023762941360474
Density Loss 0.914972722530365
Density Loss 0.918735682964325
Density Loss 0.9192043542861938
Density Loss 0.9285449981689453
Density Loss 0.903363823890686
Density Loss 0.9284610748291016
Density Loss 0.911403477191925
Density Loss 0.9027571082115173
Density Loss 0.9210687875747681
Density Loss 0.9140488505363464
Density Loss 0.940091609954834
Density Loss 0.9169917106628418
Density Loss 0.9120227098464966
Density Loss 0.9136816263198853
Density Loss 0.9197440147399902
Density Loss 0.9140497446060181
Density Loss 0.9208448529243469
Density Loss 0.9171739816665649
Density Loss 0.9187540411949158
Density Loss 0.9186559915542603
Density Loss 0.9345380663871765
Density Loss 0.9358528256416321
Density Loss 0.9058467745780945
Density Loss 0.9228481650352478
Density Loss 0.9221969842910767
Density Loss 0.9217853546142578
Density Loss 0.9248749613761902
Density Loss 0.9338881373405457
Density Loss 0.9103156924247742
Density Loss 0.9190223813056946
Density Loss 0.9253455996513367
Density Loss 0.9156169891357422
Density Loss 0.8989089131355286
Density Loss 0.9228432774543762
Density Loss 0.9098936319351196
Density Loss 0.9039506912231445
Density Loss 0.9251576662063599
Density Loss 0.9224103093147278
Density Loss 0.9108104705810547
Density Loss 0.9034832119941711
Density Loss 0.909201443195343
Density Loss 0.9154654741287231
Density Loss 0.9087182879447937
Density Loss 0.9137193560600281
Density Loss 0.9298580288887024
Density Loss 0.9155464172363281
Density Loss 0.8945676684379578
Density Loss 0.9066330790519714
Density Loss 0.9219085574150085
Density Loss 0.9118396043777466
Density Loss 0.9261104464530945
Density Loss 0.9044748544692993
Density Loss 0.9203898310661316
Density Loss 0.9167444109916687
Density Loss 0.924238383769989
Density Loss 0.905936062335968
Density Loss 0.9059654474258423
Density Loss 0.930413544178009
Density Loss 0.9186928868293762
Density Loss 0.9033400416374207
Density Loss 0.932961106300354
Density Loss 0.9250216484069824
Density Loss 0.9097257852554321
Density Loss 0.9247873425483704
Density Loss 0.9148279428482056
Density Loss 0.9121209979057312
Density Loss 0.9310208559036255
Density Loss 0.9281096458435059
Density Loss 0.9253678321838379
Density Loss 0.9144573211669922
Density Loss 0.9225172996520996
Density Loss 0.9252950549125671
Density Loss 0.9062507748603821
Density Loss 0.9022487998008728
Density Loss 0.905863881111145
Density Loss 0.9168254733085632
Density Loss 0.909505307674408
Density Loss 0.8975242972373962
Density Loss 0.9269618988037109
Density Loss 0.9150599837303162
Density Loss 0.9045037627220154
Density Loss 0.9169327020645142
Density Loss 0.912632405757904
Density Loss 0.930982232093811
Density Loss 0.9075741171836853
Density Loss 0.9299087524414062
Density Loss 0.909345269203186
Density Loss 0.9131690859794617
Density Loss 0.9114260077476501
Density Loss 0.9109615683555603
Density Loss 0.9250564575195312
Density Loss 0.9105438590049744
Density Loss 0.9001776576042175
Density Loss 0.8829466104507446
Density Loss 0.8946821093559265
Density Loss 0.9215530753135681
Density Loss 0.906672477722168
Density Loss 0.9253122210502625
Density Loss 0.9078826308250427
Density Loss 0.9073240160942078
Density Loss 0.9102627038955688
Density Loss 0.9071113467216492
Density Loss 0.9000663757324219
Density Loss 0.9046818017959595
Density Loss 0.9273330569267273
Density Loss 0.9218296408653259
Density Loss 0.9185186624526978
Density Loss 0.9133228659629822
Density Loss 0.9218241572380066
Density Loss 0.9077068567276001
Density Loss 0.9234561324119568
Density Loss 0.9061951041221619
Density Loss 0.9077106714248657
Density Loss 0.9162813425064087
Density Loss 0.9176065325737
Density Loss 0.9138457179069519
Density Loss 0.919278621673584
Density Loss 0.9196683764457703
Density Loss 0.9323791861534119
Density Loss 0.9110228419303894
Density Loss 0.9323237538337708
Density Loss 0.9247609376907349
Density Loss 0.9210099577903748
Density Loss 0.9346378445625305
Density Loss 0.8996599316596985
Density Loss 0.9106122255325317
Density Loss 0.9092923402786255
Density Loss 0.9140005111694336
Density Loss 0.913437008857727
Density Loss 0.906476616859436
Density Loss 0.9270421862602234
Density Loss 0.9260875582695007
Density Loss 0.9346351623535156
Density Loss 0.9140095114707947
Density Loss 0.8984441757202148
Density Loss 0.9266029596328735
Density Loss 0.920235276222229
Density Loss 0.9224349856376648
Density Loss 0.9093450903892517
Density Loss 0.9123444557189941
Density Loss 0.915844738483429
Density Loss 0.9170946478843689
Density Loss 0.9019951820373535
Density Loss 0.9251610040664673
Density Loss 0.9127199053764343
Density Loss 0.9013227820396423
Density Loss 0.9017219543457031
Density Loss 0.91131192445755
Density Loss 0.9232646822929382
Density Loss 0.9037805795669556
Density Loss 0.9058471918106079
Density Loss 0.9131180047988892
Density Loss 0.8998730778694153
Density Loss 0.9133177995681763
Density Loss 0.9024128317832947
Density Loss 0.9136446118354797
Density Loss 0.9052033424377441
Density Loss 0.9040600061416626
Density Loss 0.9086660742759705
Density Loss 0.912458598613739
Density Loss 0.9080303311347961
Density Loss 0.9073274731636047
Density Loss 0.9201894998550415
Density Loss 0.903659462928772
Density Loss 0.9214807748794556
Density Loss 0.9033247828483582
Density Loss 0.9075115323066711
Density Loss 0.8945779204368591
Density Loss 0.8932141661643982
Density Loss 0.9080343246459961
Density Loss 0.9138597846031189
Density Loss 0.9001571536064148
Density Loss 0.9157047271728516
Density Loss 0.9169277548789978
Density Loss 0.9316242337226868
Density Loss 0.9122331738471985
Density Loss 0.9115956425666809
Density Loss 0.9034143686294556
Density Loss 0.9146003723144531
Density Loss 0.9170240759849548
Density Loss 0.906865119934082
Density Loss 0.9361322522163391
Density Loss 0.9125795364379883
Density Loss 0.9317083358764648
Density Loss 0.911507785320282
Density Loss 0.9038378000259399
Density Loss 0.917356014251709
Density Loss 0.9241558313369751
Density Loss 0.900312602519989
Density Loss 0.9045190811157227
Density Loss 0.9150561690330505
Density Loss 0.9263443946838379
Density Loss 0.9209268689155579
Density Loss 0.9316765069961548
Density Loss 0.8852235674858093
Density Loss 0.9189202189445496
Density Loss 0.9137582182884216
Density Loss 0.9131089448928833
Density Loss 0.9008027911186218
Density Loss 0.9215959906578064
Density Loss 0.9120769500732422
Density Loss 0.9126858115196228
Density Loss 0.9315891265869141
Density Loss 0.9109466671943665
Density Loss 0.9157436490058899
Density Loss 0.9242812991142273
Density Loss 0.9031059145927429
Density Loss 0.8963474631309509
Density Loss 0.9199447631835938
Density Loss 0.8950851559638977
Density Loss 0.9245516061782837
Density Loss 0.9151841402053833
Density Loss 0.9041019678115845
Density Loss 0.9234253764152527
Density Loss 0.9250236749649048
Density Loss 0.9275510907173157
Density Loss 0.9441313743591309
Density Loss 0.9130752682685852
Density Loss 0.9197422862052917
Density Loss 0.9156667590141296
Density Loss 0.908473789691925
Density Loss 0.9091173410415649
Density Loss 0.9181188941001892
Density Loss 0.8988877534866333
Density Loss 0.9044508337974548
Density Loss 0.921806275844574
Density Loss 0.9258581399917603
Density Loss 0.9076960682868958
Density Loss 0.9060207605361938
Density Loss 0.9209461212158203
Density Loss 0.9180435538291931
Density Loss 0.9221881031990051
Density Loss 0.9130427241325378
Density Loss 0.9232795834541321
Density Loss 0.9098840951919556
Density Loss 0.8918896913528442
Density Loss 0.9329652190208435
Density Loss 0.9224686026573181
Density Loss 0.9201065301895142
Density Loss 0.9231627583503723
Density Loss 0.9204203486442566
Density Loss 0.9046258926391602
Density Loss 0.8918251395225525
Density Loss 0.9256375432014465
Density Loss 0.9217349886894226
Density Loss 0.9129743576049805
Density Loss 0.9014951586723328
Density Loss 0.9205665588378906
Density Loss 0.9262458682060242
Density Loss 0.9130005240440369
Density Loss 0.9035229086875916
Density Loss 0.909724235534668
Density Loss 0.9202266931533813
Density Loss 0.9160736203193665
Density Loss 0.9238327145576477
Density Loss 0.9380044937133789
Density Loss 0.9242218136787415
Density Loss 0.9031417965888977
Density Loss 0.9135870337486267
Density Loss 0.9136835932731628
Density Loss 0.9281341433525085
Density Loss 0.9223878979682922
Density Loss 0.9145431518554688
Density Loss 0.9046050906181335
Density Loss 0.9406915903091431
Density Loss 0.9176745414733887
Density Loss 0.9042468070983887
Density Loss 0.9208011627197266
Density Loss 0.9009087681770325
Density Loss 0.8992202877998352
Density Loss 0.9317397475242615
Density Loss 0.9177090525627136
Density Loss 0.9157181978225708
Density Loss 0.9081571698188782
Density Loss 0.9133556485176086
Density Loss 0.8977546095848083
Density Loss 0.9197210669517517
Density Loss 0.9252027869224548
Density Loss 0.9173778891563416
Density Loss 0.9135341644287109
Density Loss 0.9285627603530884
Density Loss 0.9007471203804016
Density Loss 0.910656750202179
Density Loss 0.9049617052078247
Density Loss 0.9088817834854126
Density Loss 0.9107269644737244
Density Loss 0.9132995009422302
Density Loss 0.9077329635620117
Density Loss 0.9093219637870789
Density Loss 0.9179025888442993
Density Loss 0.9047455787658691
Density Loss 0.9175097346305847
Density Loss 0.9208000302314758
Density Loss 0.9101376533508301
Density Loss 0.9158555269241333
Density Loss 0.8882564902305603
Density Loss 0.9103509783744812
Density Loss 0.9301449656486511
Density Loss 0.9232032895088196
Density Loss 0.9133118987083435
Density Loss 0.9265145659446716
Density Loss 0.9052853584289551
Density Loss 0.9249430894851685
Density Loss 0.913195788860321
Density Loss 0.9161148071289062
Density Loss 0.9144360423088074
Density Loss 0.9214943051338196
Density Loss 0.9000515341758728
Density Loss 0.9151257872581482
Density Loss 0.9045648574829102
Density Loss 0.9075769782066345
Density Loss 0.9203163385391235
Density Loss 0.9174140095710754
Density Loss 0.916545569896698
Density Loss 0.8970204591751099
Density Loss 0.9116466641426086
Density Loss 0.903035581111908
Density Loss 0.9086973071098328
Density Loss 0.9037495851516724
Density Loss 0.9129625558853149
Density Loss 0.9112906455993652
Density Loss 0.9091436266899109
Density Loss 0.9200429320335388
Density Loss 0.9282243847846985
Density Loss 0.9223394393920898
Density Loss 0.9206869006156921
Density Loss 0.9230008125305176
Density Loss 0.8974113464355469
Density Loss 0.925883412361145
Density Loss 0.8946353793144226
Density Loss 0.9072358012199402
Density Loss 0.9180237054824829
Density Loss 0.9041668772697449
Density Loss 0.9357959628105164
Density Loss 0.9111491441726685
Density Loss 0.9472600221633911
Density Loss 0.908047616481781
Density Loss 0.9144123196601868
Density Loss 0.9162724614143372
Density Loss 0.913112461566925
Density Loss 0.9132536053657532
Density Loss 0.9159284830093384
Density Loss 0.9326712489128113
Density Loss 0.8957766890525818
Density Loss 0.9225366711616516
Density Loss 0.9088175892829895
Density Loss 0.9071197509765625
Density Loss 0.9201220870018005
Density Loss 0.9084787368774414
Density Loss 0.9288399815559387
Density Loss 0.9188626408576965
Density Loss 0.9080455899238586
Density Loss 0.9211567044258118
Density Loss 0.9150888323783875
Density Loss 0.9269585013389587
Density Loss 0.9275064468383789
Density Loss 0.9282940030097961
Density Loss 0.9186462759971619
Density Loss 0.8975082635879517
Density Loss 0.9117376208305359
Density Loss 0.9104399085044861
Density Loss 0.9012710452079773
Density Loss 0.923334538936615
Density Loss 0.9169437289237976
Density Loss 0.910789966583252
Density Loss 0.9230268597602844
Density Loss 0.922951340675354
Density Loss 0.9392120242118835
Density Loss 0.9182087779045105
Density Loss 0.9174866676330566
Density Loss 0.9207863211631775
Density Loss 0.9095141291618347
Density Loss 0.9089556932449341
Density Loss 0.9056644439697266
Density Loss 0.9221477508544922
Density Loss 0.9194237589836121
Density Loss 0.911568284034729
Density Loss 0.9027208685874939
Density Loss 0.9201135635375977
Density Loss 0.9268750548362732
Density Loss 0.9235929846763611
Density Loss 0.910224437713623
Density Loss 0.9170059561729431
Density Loss 0.9088172912597656
Density Loss 0.9276792407035828
Density Loss 0.940370500087738
Density Loss 0.9162866473197937
Density Loss 0.9182649850845337
Density Loss 0.9196287393569946
Density Loss 0.9128814935684204
Density Loss 0.9177155494689941
Density Loss 0.9134179949760437
Density Loss 0.9159553647041321
Density Loss 0.9247456789016724
Density Loss 0.9109863638877869
Density Loss 0.9147331118583679
Density Loss 0.8892595171928406
Density Loss 0.9053661227226257
Density Loss 0.9299346804618835
Density Loss 0.9012265205383301
Density Loss 0.9051990509033203
Density Loss 0.9211428761482239
Density Loss 0.9263566136360168
Density Loss 0.9131826758384705
Density Loss 0.9195785522460938
Density Loss 0.8975929617881775
Density Loss 0.9141109585762024
Density Loss 0.9145347476005554
Density Loss 0.902500331401825
Density Loss 0.9178252220153809
Density Loss 0.9134387969970703
Density Loss 0.9156719446182251
Density Loss 0.9024238586425781
Density Loss 0.9057580828666687
Density Loss 0.8940790295600891
Density Loss 0.9077187776565552
Density Loss 0.9214748740196228
Density Loss 0.9024943709373474
Density Loss 0.9054304957389832
Density Loss 0.9085003137588501
Density Loss 0.9024145007133484
Density Loss 0.9290618300437927
Density Loss 0.9183275103569031
Density Loss 0.9192811846733093
Density Loss 0.9040975570678711
Density Loss 0.9091162085533142
Density Loss 0.9162871241569519
Density Loss 0.9018387794494629
Density Loss 0.9251951575279236
Density Loss 0.9069141745567322
Density Loss 0.9086023569107056
Density Loss 0.9162931442260742
Density Loss 0.922625720500946
Density Loss 0.9004220962524414
Density Loss 0.9238516092300415
Density Loss 0.9208441972732544
Density Loss 0.9173265695571899
Density Loss 0.9187166094779968
Density Loss 0.9158324599266052
Density Loss 0.9293889999389648
Density Loss 0.9113596081733704
Density Loss 0.902155339717865
Density Loss 0.9154531359672546
Density Loss 0.8938835263252258
Density Loss 0.908538281917572
Density Loss 0.9122427105903625
Density Loss 0.9200979471206665
Density Loss 0.918082058429718
Density Loss 0.9015237092971802
Density Loss 0.9096009135246277
Density Loss 0.927154004573822
Density Loss 0.9098804593086243
Density Loss 0.9060842394828796
Density Loss 0.9325605630874634
Density Loss 0.9034696817398071
Density Loss 0.9168604016304016
Density Loss 0.9038459658622742
Density Loss 0.9113920331001282
Density Loss 0.9137115478515625
Density Loss 0.9098802804946899
Density Loss 0.930004894733429
Density Loss 0.9110329747200012
Density Loss 0.9062435030937195
Density Loss 0.9160920977592468
Density Loss 0.9098504185676575
Density Loss 0.9093509912490845
Density Loss 0.9126890301704407
Density Loss 0.9066938757896423
Density Loss 0.9410465359687805
Density Loss 0.9039635062217712
Density Loss 0.9118027687072754
Density Loss 0.9133259057998657
Density Loss 0.9125078320503235
Density Loss 0.9193812608718872
Density Loss 0.9187200665473938
Density Loss 0.8985185623168945
Density Loss 0.9064386487007141
Density Loss 0.9189233779907227
Density Loss 0.905009925365448
Density Loss 0.9266423583030701
Density Loss 0.8962495923042297
Density Loss 0.9033868908882141
Density Loss 0.9103385210037231
Density Loss 0.8985714316368103
Density Loss 0.9103301167488098
Density Loss 0.9242854118347168
Density Loss 0.897706925868988
Density Loss 0.9001007080078125
Density Loss 0.9162344336509705
Density Loss 0.9252139925956726
Density Loss 0.9115492105484009
Density Loss 0.9125269055366516
Density Loss 0.914158821105957
Density Loss 0.9180315136909485
Density Loss 0.9156568646430969
Density Loss 0.9238542914390564
Density Loss 0.9079605340957642
Density Loss 0.8841113448143005
Density Loss 0.9164692163467407
Density Loss 0.9187925457954407
Density Loss 0.9063526391983032
Density Loss 0.9023870825767517
Density Loss 0.8975869417190552
Density Loss 0.898921012878418
Density Loss 0.9078737497329712
Density Loss 0.9055682420730591
Density Loss 0.9127470850944519
Density Loss 0.912366509437561
Density Loss 0.9254167675971985
Density Loss 0.8979811668395996
Density Loss 0.9170843958854675
Density Loss 0.9145379066467285
Density Loss 0.8942808508872986
Density Loss 0.9055453538894653
Density Loss 0.9108656048774719
Density Loss 0.9169360995292664
Density Loss 0.9073522686958313
Density Loss 0.9043475985527039
Density Loss 0.9080349206924438
Density Loss 0.9256460070610046
Density Loss 0.9145490527153015
Density Loss 0.9296914339065552
Density Loss 0.9083691835403442
Density Loss 0.9056016802787781
Density Loss 0.928688645362854
Density Loss 0.9146628379821777
Density Loss 0.9192020297050476
Density Loss 0.9114100337028503
Density Loss 0.9100343585014343
Density Loss 0.9156531691551208
Density Loss 0.8910003900527954
Density Loss 0.9079914093017578
Density Loss 0.916918933391571
Density Loss 0.943559467792511
Density Loss 0.9244384765625
Density Loss 0.8914416432380676
Density Loss 0.9267074465751648
Density Loss 0.9235349893569946
Density Loss 0.9115443229675293
Density Loss 0.9050670862197876
Density Loss 0.9083282351493835
Density Loss 0.9074503183364868
Density Loss 0.9023710489273071
Density Loss 0.9161967635154724
Density Loss 0.9204926490783691
Density Loss 0.9213798642158508
Density Loss 0.9133318066596985
Density Loss 0.908411979675293
Density Loss 0.9153081774711609
Density Loss 0.9069221615791321
Density Loss 0.9219171404838562
Density Loss 0.9206501245498657
Density Loss 0.8904847502708435
Density Loss 0.9170606732368469
Density Loss 0.9079651236534119
Density Loss 0.9061568379402161
Density Loss 0.9120330214500427
Density Loss 0.9130428433418274
Density Loss 0.9111736416816711
Density Loss 0.9152156710624695
Density Loss 0.9386650323867798
Density Loss 0.9237491488456726
Density Loss 0.9135584235191345
Density Loss 0.9216964840888977
Density Loss 0.897752583026886
Density Loss 0.939487636089325
Density Loss 0.9025415778160095
Density Loss 0.9223316311836243
Density Loss 0.8974636197090149
Density Loss 0.9142948389053345
Density Loss 0.9246876835823059
Density Loss 0.9291477203369141
Density Loss 0.9190059900283813
Density Loss 0.9069466590881348
Density Loss 0.9072206616401672
Density Loss 0.9191088080406189
Density Loss 0.9073158502578735
Density Loss 0.8985413908958435
Density Loss 0.9357332587242126
Density Loss 0.9150549173355103
Density Loss 0.9071277976036072
Density Loss 0.9247438311576843
Density Loss 0.9107338190078735
Density Loss 0.9200628399848938
Density Loss 0.914463460445404
Density Loss 0.9004479646682739
Density Loss 0.899322509765625
Density Loss 0.9285446405410767
Density Loss 0.9203823208808899
Density Loss 0.9233676791191101
Density Loss 0.9151924252510071
Density Loss 0.9235188364982605
Density Loss 0.9042961001396179
Density Loss 0.9219234585762024
Density Loss 0.9220334887504578
Density Loss 0.9181747436523438
Density Loss 0.9184206128120422
Density Loss 0.9048738479614258
Density Loss 0.8812775015830994
Density Loss 0.9192973971366882
Density Loss 0.8954418301582336
Density Loss 0.8991331458091736
Density Loss 0.9142786860466003
Density Loss 0.9204845428466797
Density Loss 0.9044018983840942
Density Loss 0.9069754481315613
Density Loss 0.9044398665428162
Density Loss 0.9162151217460632
Density Loss 0.9135250449180603
Density Loss 0.9151135683059692
Density Loss 0.9036453366279602
Density Loss 0.8911630511283875
Density Loss 0.918445885181427
Density Loss 0.905683159828186
Density Loss 0.9192203879356384
Density Loss 0.9234492182731628
Density Loss 0.9113140106201172
Density Loss 0.9281551241874695
Density Loss 0.8989595770835876
Density Loss 0.9291004538536072
Density Loss 0.9012163281440735
Density Loss 0.8996208310127258
Density Loss 0.9061179161071777
Density Loss 0.9061519503593445
Density Loss 0.9140273928642273
Density Loss 0.9116104245185852
Density Loss 0.9083833694458008
Density Loss 0.915104329586029
Density Loss 0.9269488453865051
Density Loss 0.9267541170120239
Density Loss 0.9022055864334106
Density Loss 0.9146293997764587
Density Loss 0.9149631857872009
Density Loss 0.9223996996879578
Density Loss 0.9130702018737793
Density Loss 0.916600227355957
Density Loss 0.9074828028678894
Density Loss 0.8973426222801208
Density Loss 0.9369339346885681
Density Loss 0.9085917472839355
Density Loss 0.8893796801567078
Density Loss 0.8962854743003845
Density Loss 0.9063863754272461
Density Loss 0.9002603888511658
Density Loss 0.9237604141235352
Density Loss 0.9036144614219666
Density Loss 0.9196244478225708
Density Loss 0.906271755695343
Density Loss 0.903912365436554
Density Loss 0.9074908494949341
Density Loss 0.9160553216934204
Density Loss 0.906219482421875
Density Loss 0.9045608639717102
Density Loss 0.9190269708633423
Density Loss 0.9094096422195435
Density Loss 0.9144499897956848
Density Loss 0.9087074398994446
Density Loss 0.9070771336555481
Density Loss 0.9028903841972351
Density Loss 0.9313458800315857
Density Loss 0.9246683120727539
Density Loss 0.921098530292511
Density Loss 0.9071803092956543
Density Loss 0.9106408953666687
Density Loss 0.9026183485984802
Density Loss 0.8994210362434387
Density Loss 0.9125452041625977
Density Loss 0.9192585349082947
Density Loss 0.9131050109863281
Density Loss 0.9165241122245789
Density Loss 0.9302857518196106
Density Loss 0.9215617179870605
Density Loss 0.8990726470947266
Density Loss 0.9110386967658997
Density Loss 0.907879650592804
Density Loss 0.9210120439529419
Density Loss 0.9145538210868835
Density Loss 0.9194664359092712
Density Loss 0.9198795557022095
Density Loss 0.9266998171806335
Density Loss 0.9147615432739258
Density Loss 0.8976978659629822
Density Loss 0.9168294072151184
Density Loss 0.9095426797866821
Density Loss 0.8971384167671204
Density Loss 0.9129509329795837
Density Loss 0.9276351928710938
Density Loss 0.9114387631416321
Density Loss 0.8847777247428894
Density Loss 0.9104219675064087
Density Loss 0.9106788635253906
Density Loss 0.9192013144493103
Density Loss 0.9196242690086365
Density Loss 0.9155961871147156
Density Loss 0.9272476434707642
Density Loss 0.9150857925415039
Density Loss 0.910334587097168
Density Loss 0.917371928691864
Density Loss 0.9204422831535339
Density Loss 0.8861564993858337
Density Loss 0.9391531348228455
Density Loss 0.9115347266197205
Density Loss 0.9334518313407898
Density Loss 0.9052565693855286
Density Loss 0.9034203886985779
Density Loss 0.9006376266479492
Density Loss 0.9065014123916626
Density Loss 0.9073448181152344
Density Loss 0.9102403521537781
Density Loss 0.9130260348320007
Density Loss 0.8929727673530579
Density Loss 0.9125137329101562
Density Loss 0.9014212489128113
Density Loss 0.9035786986351013
Density Loss 0.9268941283226013
Density Loss 0.9283626675605774
Density Loss 0.9127758145332336
Density Loss 0.917858898639679
Density Loss 0.9088306427001953
Density Loss 0.9201869368553162
Density Loss 0.9100522398948669
Density Loss 0.8995743989944458
Density Loss 0.9166421890258789
Density Loss 0.8935244679450989
Density Loss 0.9222970008850098
Density Loss 0.9183422923088074
Density Loss 0.921400249004364
Density Loss 0.9199396371841431
Density Loss 0.9151545763015747
Density Loss 0.910455048084259
Density Loss 0.8927602767944336
Density Loss 0.8897745013237
Density Loss 0.9082800149917603
Density Loss 0.9170653223991394
Density Loss 0.9130859375
Density Loss 0.8962188959121704
Density Loss 0.9284394383430481
Density Loss 0.9155452847480774
Density Loss 0.8991338014602661
Density Loss 0.9308330416679382
Density Loss 0.9182363748550415
Density Loss 0.9212417602539062
Density Loss 0.9066886901855469
Density Loss 0.912211537361145
Density Loss 0.9018686413764954
Density Loss 0.9248180389404297
Density Loss 0.9099071621894836
Density Loss 0.9250690340995789
Density Loss 0.9223505258560181
Density Loss 0.9291239976882935
Density Loss 0.9023298621177673
Density Loss 0.9065311551094055
Density Loss 0.8882959485054016
Density Loss 0.9165962338447571
Density Loss 0.9222007989883423
Density Loss 0.8991376161575317
Density Loss 0.90004962682724
Density Loss 0.9085487723350525
Density Loss 0.9170166254043579
Density Loss 0.9090909361839294
Density Loss 0.9228742718696594
Density Loss 0.9033973813056946
Density Loss 0.8959740996360779
Density Loss 0.9185611605644226
Density Loss 0.9251688122749329
Density Loss 0.9172697067260742
Density Loss 0.9256265759468079
Density Loss 0.9147937893867493
Density Loss 0.9046562314033508
Density Loss 0.9053396582603455
Density Loss 0.9115690588951111
Density Loss 0.9317789077758789
Density Loss 0.9326056838035583
Density Loss 0.9193196296691895
Density Loss 0.9098426699638367
Density Loss 0.9307059645652771
Density Loss 0.9065658450126648
Density Loss 0.9056083559989929
Density Loss 0.8997425436973572
Density Loss 0.9096213579177856
Density Loss 0.9100867509841919
Density Loss 0.8963274359703064
Density Loss 0.9119591116905212
Density Loss 0.9228397607803345
Density Loss 0.9279695749282837
Density Loss 0.9105376601219177
Density Loss 0.9127365350723267
Density Loss 0.9060198664665222
Density Loss 0.9084991812705994
Density Loss 0.9154877066612244
Density Loss 0.9228207468986511
Density Loss 0.9183395504951477
Density Loss 0.930313229560852
Density Loss 0.9002739191055298
Density Loss 0.9124622344970703
Density Loss 0.895043671131134
Density Loss 0.9086371660232544
Density Loss 0.9081117510795593
Density Loss 0.8943301439285278
Density Loss 0.9072477221488953
Density Loss 0.8803563117980957
Density Loss 0.911653459072113
Density Loss 0.9076557159423828
Density Loss 0.9055469632148743
Density Loss 0.9003443121910095
Density Loss 0.8929519653320312
Density Loss 0.927821159362793
Density Loss 0.9053477644920349
Density Loss 0.8884090781211853
Density Loss 0.903180718421936
Density Loss 0.9214170575141907
Density Loss 0.8858932852745056
Density Loss 0.910491943359375
Density Loss 0.9258438348770142
Density Loss 0.9027156829833984
Density Loss 0.9125884175300598
Density Loss 0.897038459777832
Density Loss 0.9071161150932312
Density Loss 0.939534604549408
Density Loss 0.9152128100395203
Density Loss 0.9001180529594421
Density Loss 0.8942480087280273
Density Loss 0.9021642804145813
Density Loss 0.9041982889175415
Density Loss 0.9064494371414185
Density Loss 0.8960232138633728
Density Loss 0.8999021649360657
Density Loss 0.9231568574905396
Density Loss 0.9090593457221985
Density Loss 0.9121236801147461
Density Loss 0.9217077493667603
Density Loss 0.8998088240623474
Density Loss 0.9145828485488892
Density Loss 0.9043996930122375
Density Loss 0.913730263710022
Density Loss 0.9303793907165527
Density Loss 0.9062497019767761
Density Loss 0.9058490991592407
Density Loss 0.9151836633682251
Density Loss 0.9133719801902771
Density Loss 0.9117001891136169
Density Loss 0.901741623878479
Density Loss 0.9054624438285828
Density Loss 0.902608335018158
Density Loss 0.9058689475059509
Density Loss 0.9135097861289978
Density Loss 0.901192843914032
Density Loss 0.9142684936523438
Density Loss 0.8966529965400696
Density Loss 0.9066301584243774
Density Loss 0.9077890515327454
Density Loss 0.9198871850967407
Density Loss 0.9006056189537048
Density Loss 0.9066400527954102
Density Loss 0.9073227047920227
Density Loss 0.9205544590950012
Density Loss 0.8961227536201477
Density Loss 0.9043468832969666
Density Loss 0.8829561471939087
Density Loss 0.9015972018241882
Density Loss 0.9046365022659302
Density Loss 0.8991485834121704
Density Loss 0.9007266163825989
Density Loss 0.9156508445739746
Density Loss 0.9143233299255371
Density Loss 0.9149317741394043
Density Loss 0.8882989287376404
Density Loss 0.9212654232978821
Density Loss 0.9018541574478149
Density Loss 0.9229795336723328
Density Loss 0.9264850616455078
Density Loss 0.9047282338142395
Density Loss 0.9149177670478821
Density Loss 0.8826553225517273
Density Loss 0.9073060154914856
Density Loss 0.9219913482666016
Density Loss 0.9044289588928223
Density Loss 0.9342623949050903
Density Loss 0.9263777136802673
Density Loss 0.9056152701377869
Density Loss 0.9113830924034119
Density Loss 0.905957818031311
Density Loss 0.9083136916160583
Density Loss 0.9123193621635437
Density Loss 0.9045486450195312
Density Loss 0.9157854318618774
Density Loss 0.8960035443305969
Density Loss 0.9085533022880554
Density Loss 0.917361855506897
Density Loss 0.8957843780517578
Density Loss 0.9054067730903625
Density Loss 0.8981504440307617
Density Loss 0.9033209085464478
Density Loss 0.913550078868866
Density Loss 0.9133872985839844
Density Loss 0.9297849535942078
Density Loss 0.9082631468772888
Density Loss 0.9105191230773926
Density Loss 0.9115030169487
Density Loss 0.9138972163200378
Density Loss 0.915317952632904
Density Loss 0.8755240440368652
Density Loss 0.9101276397705078
Density Loss 0.8996914029121399
Density Loss 0.9179509282112122
Density Loss 0.914834201335907
Density Loss 0.9303346872329712
Density Loss 0.9105580449104309
Density Loss 0.8978633880615234
Density Loss 0.8791441321372986
Density Loss 0.9092327356338501
Density Loss 0.9128212332725525
Density Loss 0.9032614827156067
Density Loss 0.9241291284561157
Density Loss 0.9123126864433289
Density Loss 0.9139503836631775
Density Loss 0.9084208607673645
Density Loss 0.919187068939209
Density Loss 0.8975570797920227
Density Loss 0.9129202961921692
Density Loss 0.9143723845481873
Density Loss 0.8937897086143494
Density Loss 0.9057442545890808
Density Loss 0.9130460619926453
Density Loss 0.9051582217216492
Density Loss 0.8995149731636047
Density Loss 0.9063827395439148
Density Loss 0.907941997051239
Density Loss 0.9170924425125122
Density Loss 0.9085375070571899
Density Loss 0.9011414647102356
Density Loss 0.8993827700614929
Density Loss 0.9200403094291687
Density Loss 0.9002938270568848
Density Loss 0.9083820581436157
Density Loss 0.9132757186889648
Density Loss 0.9179975390434265
Density Loss 0.922454297542572
Density Loss 0.9189621210098267
Density Loss 0.9083967208862305
Density Loss 0.9006085395812988
Density Loss 0.9147385954856873
Density Loss 0.9177274703979492
Density Loss 0.9204689264297485
Density Loss 0.9121538400650024
Density Loss 0.9124149680137634
Density Loss 0.9037723541259766
Density Loss 0.9255787134170532
Density Loss 0.9015539288520813
Density Loss 0.9089245200157166
Density Loss 0.9183864593505859
Density Loss 0.9196872115135193
Density Loss 0.8973093032836914
Density Loss 0.913152813911438
Density Loss 0.9295463562011719
Density Loss 0.9080511331558228
Density Loss 0.9122740030288696
Density Loss 0.8899139761924744
Density Loss 0.9022620320320129
Density Loss 0.9036160707473755
Density Loss 0.8882169723510742
Density Loss 0.9053139090538025
Density Loss 0.9137381911277771
Density Loss 0.9129945039749146
Density Loss 0.9234775900840759
Density Loss 0.9179428219795227
Density Loss 0.9222993850708008
Density Loss 0.9040794372558594
Density Loss 0.9073036313056946
Density Loss 0.9191837310791016
Density Loss 0.9200782179832458
Density Loss 0.9102428555488586
Density Loss 0.8973488211631775
Density Loss 0.8974237442016602
Density Loss 0.9134370684623718
Density Loss 0.9208878874778748
Density Loss 0.8974443674087524
Density Loss 0.9068720936775208
Density Loss 0.890899658203125
Density Loss 0.898622453212738
Density Loss 0.9260942339897156
Density Loss 0.9248214960098267
Density Loss 0.9062666296958923
Density Loss 0.9115315675735474
Density Loss 0.888475239276886
Density Loss 0.9230648279190063
Density Loss 0.9202114343643188
Density Loss 0.9040008783340454
Density Loss 0.9336555600166321
Density Loss 0.900609016418457
Density Loss 0.9213653802871704
Density Loss 0.9225059747695923
Density Loss 0.8934885859489441
Density Loss 0.8943378329277039
Density Loss 0.9147451519966125
Density Loss 0.8969535827636719
Density Loss 0.9040147066116333
Density Loss 0.9011249542236328
Density Loss 0.8981176614761353
Density Loss 0.899563729763031
Density Loss 0.9123989939689636
Density Loss 0.9072330594062805
Density Loss 0.8810941576957703
Density Loss 0.9126850366592407
Density Loss 0.9000417590141296
Density Loss 0.895760178565979
Density Loss 0.9205682873725891
Density Loss 0.8960029482841492
Density Loss 0.8792633414268494
Density Loss 0.916939377784729
Density Loss 0.9113433957099915
Density Loss 0.9126712679862976
Density Loss 0.9145880937576294
Density Loss 0.8886532783508301
Density Loss 0.9156389236450195
Density Loss 0.9048019647598267
Density Loss 0.9108467102050781
Density Loss 0.9230093359947205
Density Loss 0.9122084975242615
Density Loss 0.896558940410614
Density Loss 0.9201534390449524
Density Loss 0.9082493782043457
Density Loss 0.9046667218208313
Density Loss 0.9059485793113708
Density Loss 0.898456871509552
Density Loss 0.9159955978393555
Density Loss 0.8954014182090759
Density Loss 0.8995251059532166
Density Loss 0.9048763513565063
Density Loss 0.9225130081176758
Density Loss 0.9056760668754578
Density Loss 0.9240440726280212
Density Loss 0.9072980880737305
Density Loss 0.9100722670555115
Density Loss 0.9019438028335571
Density Loss 0.8918268084526062
Density Loss 0.9075446128845215
Density Loss 0.901783287525177
Density Loss 0.9003147482872009
Density Loss 0.8964945077896118
Density Loss 0.8981565833091736
Density Loss 0.9237594604492188
Density Loss 0.9133569598197937
Density Loss 0.9154925346374512
Density Loss 0.9181323051452637
Density Loss 0.9026407599449158
Density Loss 0.8975197672843933
Density Loss 0.912217915058136
Density Loss 0.9156395196914673
Density Loss 0.9088536500930786
Density Loss 0.899326503276825
Density Loss 0.9135960936546326
Density Loss 0.8990866541862488
Density Loss 0.9111539721488953
Density Loss 0.8934060335159302
Density Loss 0.9054027795791626
Density Loss 0.921376645565033
Density Loss 0.9152957797050476
Density Loss 0.9069746136665344
Density Loss 0.9019407629966736
Density Loss 0.9108970761299133
Density Loss 0.9147300720214844
Density Loss 0.8938906788825989
Density Loss 0.9204328656196594
Density Loss 0.908925473690033
Density Loss 0.9167656898498535
Density Loss 0.8960852026939392
Density Loss 0.8953654170036316
Density Loss 0.9298219084739685
Density Loss 0.9146384596824646
Density Loss 0.8976829648017883
Density Loss 0.9125966429710388
Density Loss 0.900310218334198
Density Loss 0.9208402633666992
Density Loss 0.9058929681777954
Density Loss 0.9077417254447937
Density Loss 0.9149025082588196
Density Loss 0.9193059802055359
Density Loss 0.9240439534187317
Density Loss 0.9170746207237244
Density Loss 0.9064510464668274
Density Loss 0.9132475852966309
Density Loss 0.9106144309043884
Density Loss 0.8972086310386658
Density Loss 0.88104248046875
Density Loss 0.8963674902915955
Density Loss 0.9080526232719421
Density Loss 0.9045993089675903
Density Loss 0.9124857187271118
Density Loss 0.9056827425956726
Density Loss 0.9028077125549316
Density Loss 0.9221550822257996
Density Loss 0.90450519323349
Density Loss 0.9208637475967407
Density Loss 0.8955184817314148
Density Loss 0.9161843657493591
Density Loss 0.896331787109375
Density Loss 0.9002673029899597
Density Loss 0.9000139236450195
Density Loss 0.9267109036445618
Density Loss 0.922100841999054
Density Loss 0.9041025042533875
Density Loss 0.8957893252372742
Density Loss 0.8738018274307251
Density Loss 0.9108136296272278
Density Loss 0.927440345287323
Density Loss 0.9069153070449829
Density Loss 0.9254436492919922
Density Loss 0.9099590182304382
Density Loss 0.906538188457489
Density Loss 0.9083707928657532
Density Loss 0.8980478644371033
Density Loss 0.921601414680481
Density Loss 0.9167662858963013
Density Loss 0.8993775248527527
Density Loss 0.8914848566055298
Density Loss 0.9175675511360168
Density Loss 0.9163340926170349
Density Loss 0.9019272923469543
Density Loss 0.889968991279602
Density Loss 0.9226595759391785
Density Loss 0.8998137712478638
Density Loss 0.9135643243789673
Density Loss 0.9068464636802673
Density Loss 0.9109751582145691
Density Loss 0.9060028195381165
Density Loss 0.9221025705337524
Density Loss 0.9182106256484985
Density Loss 0.9067237973213196
Density Loss 0.9131316542625427
Density Loss 0.9202644228935242
Density Loss 0.9099728465080261
Density Loss 0.908658504486084
Density Loss 0.9172974824905396
Density Loss 0.903934121131897
Density Loss 0.9048013687133789
Density Loss 0.9137064218521118
Density Loss 0.8989564180374146
Density Loss 0.9198037385940552
Density Loss 0.9143739938735962
Density Loss 0.9149104952812195
Density Loss 0.9052854776382446
Density Loss 0.906547486782074
Density Loss 0.8792325854301453
Density Loss 0.9225368499755859
Density Loss 0.922789990901947
Density Loss 0.9193080067634583
Density Loss 0.9276434183120728
Density Loss 0.907660961151123
Density Loss 0.8997541666030884
Density Loss 0.9003276824951172
Density Loss 0.9095464944839478
Density Loss 0.8906862139701843
Density Loss 0.9085771441459656
Density Loss 0.9146852493286133
Density Loss 0.9207227826118469
Density Loss 0.9127260446548462
Density Loss 0.9031900763511658
Density Loss 0.9115204215049744
Density Loss 0.915104866027832
Density Loss 0.9088494181632996
Density Loss 0.898970901966095
Density Loss 0.9193111658096313
Density Loss 0.9089781045913696
Density Loss 0.9098048210144043
Density Loss 0.912867546081543
Density Loss 0.9057289361953735
Density Loss 0.9002615213394165
Density Loss 0.9118950963020325
Density Loss 0.9026736617088318
Density Loss 0.8909521102905273
Density Loss 0.9116898775100708
Density Loss 0.8972768187522888
Density Loss 0.9160417914390564
Density Loss 0.9083475470542908
Density Loss 0.9144551157951355
Density Loss 0.8941234946250916
Density Loss 0.9087442755699158
Density Loss 0.9105896353721619
Density Loss 0.9138696789741516
Density Loss 0.926190972328186
Density Loss 0.8894792795181274
Density Loss 0.9026063084602356
Density Loss 0.8956363797187805
Density Loss 0.8972316980361938
Density Loss 0.9221324920654297
Density Loss 0.9101198315620422
Density Loss 0.9240824580192566
Density Loss 0.9195596575737
Density Loss 0.9089747667312622
Density Loss 0.918726921081543
Density Loss 0.9096515774726868
Density Loss 0.9083177447319031
Density Loss 0.920383095741272
Density Loss 0.9034137725830078
Density Loss 0.9204311370849609
Density Loss 0.9276246428489685
Density Loss 0.9117191433906555
Density Loss 0.907718300819397
Density Loss 0.9215837717056274
Density Loss 0.8992091417312622
Density Loss 0.9008446931838989
Density Loss 0.9130253195762634
Density Loss 0.9118332266807556
Density Loss 0.8811525702476501
Density Loss 0.902110755443573
Density Loss 0.9058248400688171
Density Loss 0.9139677286148071
Density Loss 0.8921834826469421
Density Loss 0.9097010493278503
Density Loss 0.903075635433197
Density Loss 0.8927143216133118
Density Loss 0.9155413508415222
Density Loss 0.9165287017822266
Density Loss 0.9149486422538757
Density Loss 0.9109854698181152
Density Loss 0.9249267578125
Density Loss 0.9151250720024109
Density Loss 0.9083083271980286
Density Loss 0.9057865142822266
Density Loss 0.903820812702179
Density Loss 0.9006252288818359
Density Loss 0.9030365347862244
Density Loss 0.9204797148704529
Density Loss 0.8969900012016296
Density Loss 0.9124712347984314
Density Loss 0.8878803253173828
Density Loss 0.9142158627510071
Density Loss 0.8957096338272095
Density Loss 0.9065870642662048
Density Loss 0.9037488102912903
Density Loss 0.9118087887763977
Density Loss 0.9112725257873535
Density Loss 0.9131741523742676
Density Loss 0.8871394991874695
Density Loss 0.90985107421875
Density Loss 0.9200103878974915
Density Loss 0.9128486514091492
Density Loss 0.9079763293266296
Density Loss 0.8994547128677368
Density Loss 0.9084942936897278
Density Loss 0.8838980793952942
Density Loss 0.9018279910087585
Density Loss 0.921380341053009
Density Loss 0.8866168856620789
Density Loss 0.9049454927444458
Density Loss 0.8992149233818054
Density Loss 0.9211146235466003
Density Loss 0.9143720865249634
Density Loss 0.8987453579902649
Density Loss 0.9082460403442383
Density Loss 0.9168021082878113
Density Loss 0.911249577999115
Density Loss 0.9077731966972351
Density Loss 0.9164242148399353
Density Loss 0.9062105417251587
Density Loss 0.8910566568374634
Density Loss 0.9254526495933533
Density Loss 0.9147432446479797
Density Loss 0.8956487774848938
Density Loss 0.9143473505973816
Density Loss 0.9088725447654724
Density Loss 0.9011322855949402
Density Loss 0.9061952829360962
Density Loss 0.900595486164093
Density Loss 0.926341712474823
Density Loss 0.8923376202583313
Density Loss 0.9253752827644348
Density Loss 0.9065148234367371
Density Loss 0.8912538886070251
Density Loss 0.9051403403282166
Density Loss 0.908259391784668
Density Loss 0.9037148356437683
Density Loss 0.9065500497817993
Density Loss 0.9065905809402466
Density Loss 0.897150456905365
Density Loss 0.9145441055297852
Density Loss 0.8976537585258484
Density Loss 0.905417263507843
Density Loss 0.9170007109642029
Density Loss 0.9063135385513306
Density Loss 0.9082612991333008
Density Loss 0.9103355407714844
Density Loss 0.9100597500801086
Density Loss 0.9170088171958923
Density Loss 0.8967885971069336
Density Loss 0.9156051874160767
Density Loss 0.9256963729858398
Density Loss 0.9029149413108826
Density Loss 0.9231981635093689
Density Loss 0.9183638691902161
Density Loss 0.9104475378990173
Density Loss 0.8869280219078064
Density Loss 0.9124679565429688
Density Loss 0.9056253433227539
Density Loss 0.891757607460022
Density Loss 0.906589150428772
Density Loss 0.9137930274009705
Density Loss 0.898890495300293
Density Loss 0.8921505212783813
Density Loss 0.9217625856399536
Density Loss 0.916964054107666
Density Loss 0.9263615012168884
Density Loss 0.8921825289726257
Density Loss 0.9252365231513977
Density Loss 0.8796111941337585
Density Loss 0.8938274383544922
Density Loss 0.9213995337486267
Density Loss 0.8955478072166443
Density Loss 0.9121671915054321
Density Loss 0.8842124938964844
Density Loss 0.9028648734092712
Density Loss 0.9059782028198242
Density Loss 0.9093545079231262
Density Loss 0.9056333899497986
Density Loss 0.9181947708129883
Density Loss 0.9202298521995544
Density Loss 0.897114098072052
Density Loss 0.890108585357666
Density Loss 0.9039735794067383
Density Loss 0.9018256068229675
Density Loss 0.8980415463447571
Density Loss 0.9251579642295837
Density Loss 0.9244958758354187
Density Loss 0.905627429485321
Density Loss 0.8880095481872559
Density Loss 0.9110347628593445
Density Loss 0.9035037159919739
Density Loss 0.9121307730674744
Density Loss 0.9219557046890259
Density Loss 0.8948505520820618
Density Loss 0.9108632206916809
Density Loss 0.8932741284370422
Density Loss 0.9002794623374939
Density Loss 0.9023438692092896
Density Loss 0.9026983380317688
Density Loss 0.8851724863052368
Density Loss 0.9034093022346497
Density Loss 0.9194048047065735
Density Loss 0.9144371151924133
Density Loss 0.8977961540222168
Density Loss 0.9100458025932312
Density Loss 0.9126783609390259
Density Loss 0.9108636975288391
Density Loss 0.9106183052062988
Density Loss 0.9068900942802429
Density Loss 0.913874089717865
Density Loss 0.9124141931533813
Density Loss 0.9217230081558228
Density Loss 0.8941711783409119
Density Loss 0.8945510983467102
Density Loss 0.9131471514701843
Density Loss 0.885637104511261
Density Loss 0.8939434289932251
Density Loss 0.9131808280944824
Density Loss 0.9254496693611145
Density Loss 0.915876567363739
Density Loss 0.9046143889427185
Density Loss 0.9283632636070251
Density Loss 0.9038597345352173
Density Loss 0.9011619687080383
Density Loss 0.9134977459907532
Density Loss 0.903041660785675
Density Loss 0.9010637402534485
Density Loss 0.8932614326477051
Density Loss 0.9100317358970642
Density Loss 0.9208340048789978
Density Loss 0.9000740051269531
Density Loss 0.8965213894844055
Density Loss 0.9038416147232056
Density Loss 0.9131601452827454
Density Loss 0.8875970840454102
Density Loss 0.9261936545372009
Density Loss 0.9125232696533203
Density Loss 0.8968979120254517
Density Loss 0.9008318185806274
Density Loss 0.9059924483299255
Density Loss 0.9068460464477539
Density Loss 0.9048782587051392
Density Loss 0.9108810424804688
Density Loss 0.9117674231529236
Density Loss 0.9042853713035583
Density Loss 0.9096292853355408
Density Loss 0.8927974700927734
Density Loss 0.9095560908317566
Density Loss 0.8945879340171814
Density Loss 0.9044305086135864
Density Loss 0.8972021341323853
Density Loss 0.9014822840690613
Density Loss 0.9111776351928711
Density Loss 0.8997575640678406
Density Loss 0.9123968482017517
Density Loss 0.8929228186607361
Density Loss 0.8999097943305969
Density Loss 0.9151651263237
Density Loss 0.9093341827392578
Density Loss 0.8920931220054626
Density Loss 0.9002127647399902
Density Loss 0.9044150710105896
Density Loss 0.9100086092948914
Density Loss 0.8972553610801697
Density Loss 0.909083366394043
Density Loss 0.905582845211029
Density Loss 0.9089071154594421
Density Loss 0.9044429063796997
Density Loss 0.9000774621963501
Density Loss 0.8753257989883423
Density Loss 0.901336669921875
Density Loss 0.9068304300308228
Density Loss 0.9094077348709106
Density Loss 0.9049539566040039
Density Loss 0.9170727133750916
Density Loss 0.9128856658935547
Density Loss 0.9023801684379578
Density Loss 0.9094219207763672
Density Loss 0.9019250869750977
Density Loss 0.8850452303886414
Density Loss 0.9096794128417969
Density Loss 0.9158034324645996
Density Loss 0.9225115180015564
Density Loss 0.9003389477729797
Density Loss 0.909492015838623
Density Loss 0.9042238593101501
Density Loss 0.9045805335044861
Density Loss 0.9150411486625671
Density Loss 0.8831571936607361
Density Loss 0.917789101600647
Density Loss 0.8817764520645142
Density Loss 0.9074007272720337
Density Loss 0.9076834917068481
Density Loss 0.9089815020561218
Density Loss 0.8935560584068298
Density Loss 0.9017948508262634
Density Loss 0.9032333493232727
Density Loss 0.8974990844726562
Density Loss 0.9026274681091309
Density Loss 0.9061204791069031
Density Loss 0.9036151170730591
Density Loss 0.8965885043144226
Density Loss 0.9186868071556091
Density Loss 0.9030207991600037
Density Loss 0.9177452325820923
Density Loss 0.9383746385574341
Density Loss 0.8979251980781555
Density Loss 0.9140848517417908
Density Loss 0.9009153246879578
Density Loss 0.9099081158638
Density Loss 0.9088236093521118
Density Loss 0.9065796136856079
Density Loss 0.9129940271377563
Density Loss 0.9173919558525085
Density Loss 0.9118768572807312
Density Loss 0.8965212106704712
Density Loss 0.9093562960624695
Density Loss 0.8991398811340332
Density Loss 0.9177207350730896
Density Loss 0.9060802459716797
Density Loss 0.9118995666503906
Density Loss 0.897526204586029
Density Loss 0.9072275161743164
Density Loss 0.892018735408783
Density Loss 0.9164977073669434
Density Loss 0.9225834012031555
Density Loss 0.8966653943061829
Density Loss 0.9107131361961365
Density Loss 0.893283486366272
Density Loss 0.9050058722496033
Density Loss 0.9079089164733887
Density Loss 0.9340161681175232
Density Loss 0.9007486701011658
Density Loss 0.9172586798667908
Density Loss 0.9034428000450134
Density Loss 0.9205372929573059
Density Loss 0.9112787246704102
Density Loss 0.9225141406059265
Density Loss 0.9081222414970398
Density Loss 0.8964970707893372
Density Loss 0.9092413187026978
Density Loss 0.9149344563484192
Density Loss 0.9065080881118774
Density Loss 0.9140315055847168
Density Loss 0.9005321860313416
Density Loss 0.9142555594444275
Density Loss 0.907868504524231
Density Loss 0.9037734866142273
Density Loss 0.8968055844306946
Density Loss 0.9042707681655884
Density Loss 0.9036880731582642
Density Loss 0.9022807478904724
Density Loss 0.9166972041130066
Density Loss 0.9139994978904724
Density Loss 0.9094986915588379
Density Loss 0.901222825050354
Density Loss 0.9036359786987305
Density Loss 0.8953208327293396
Density Loss 0.9212102890014648
Density Loss 0.8899902701377869
Density Loss 0.8942967653274536
Density Loss 0.916890561580658
Density Loss 0.9026888012886047
Density Loss 0.9009499549865723
Density Loss 0.8905217051506042
Density Loss 0.9066519141197205
Density Loss 0.9110612273216248
Density Loss 0.923827588558197
Density Loss 0.8948192000389099
Density Loss 0.8948993682861328
Density Loss 0.8773296475410461
Density Loss 0.9151598215103149
Density Loss 0.8969696164131165
Density Loss 0.8964561820030212
Density Loss 0.9022250175476074
Density Loss 0.9236323237419128
Density Loss 0.9255903363227844
Density Loss 0.8953291773796082
Density Loss 0.9222034811973572
Density Loss 0.9131495356559753
Density Loss 0.9106523394584656
Density Loss 0.9059087634086609
Density Loss 0.8973156213760376
Density Loss 0.910186767578125
Density Loss 0.8974865078926086
Density Loss 0.8887120485305786
Density Loss 0.8931692242622375
Density Loss 0.8931623697280884
Density Loss 0.9067749977111816
Density Loss 0.9095296859741211
Density Loss 0.8879291415214539
Density Loss 0.9075140357017517
Density Loss 0.9041916728019714
Density Loss 0.900359570980072
Density Loss 0.9219099283218384
Density Loss 0.8987874984741211
Density Loss 0.9094147086143494
Density Loss 0.9127592444419861
Density Loss 0.896955668926239
Density Loss 0.9008222818374634
Density Loss 0.9188481569290161
Density Loss 0.9220666289329529
Density Loss 0.8985487818717957
Density Loss 0.9025611281394958
Density Loss 0.8959668278694153
Density Loss 0.8931731581687927
Density Loss 0.8957718014717102
Density Loss 0.8989647030830383
Density Loss 0.9100163578987122
Density Loss 0.9038270115852356
Density Loss 0.8998895883560181
Density Loss 0.9059036374092102
Density Loss 0.8986484408378601
Density Loss 0.9113508462905884
Density Loss 0.9089578986167908
Density Loss 0.9117445349693298
Density Loss 0.9070082902908325
Density Loss 0.9140229225158691
Density Loss 0.9077229499816895
Density Loss 0.9189475178718567
Density Loss 0.8923031091690063
Density Loss 0.8980181813240051
Density Loss 0.9057353138923645
Density Loss 0.9137125015258789
Density Loss 0.9056505560874939
Density Loss 0.8982841372489929
Density Loss 0.8932595252990723
Density Loss 0.8999438285827637
Density Loss 0.9088813662528992
Density Loss 0.920514702796936
Density Loss 0.9191473126411438
Density Loss 0.9105345010757446
Density Loss 0.9158628582954407
Density Loss 0.8939887881278992
Density Loss 0.9077000021934509
Density Loss 0.9040853381156921
Density Loss 0.9088994860649109
Density Loss 0.9098310470581055
Density Loss 0.9002968072891235
Density Loss 0.8854014277458191
Density Loss 0.9214067459106445
Density Loss 0.9062507748603821
Density Loss 0.907319188117981
Density Loss 0.8927671313285828
Density Loss 0.9113056063652039
Density Loss 0.8961126208305359
Density Loss 0.8956846594810486
Density Loss 0.9093028903007507
Density Loss 0.9140840768814087
Density Loss 0.8986613154411316
Density Loss 0.8913530707359314
Density Loss 0.9074873924255371
Density Loss 0.8827783465385437
Density Loss 0.9140993356704712
Density Loss 0.920138955116272
Density Loss 0.8938243985176086
Density Loss 0.8983232378959656
Density Loss 0.9016728401184082
Density Loss 0.9109159708023071
Density Loss 0.9034519195556641
Density Loss 0.9217357039451599
Density Loss 0.9005028009414673
Density Loss 0.9071003198623657
Density Loss 0.8901605606079102
Density Loss 0.9137312173843384
Density Loss 0.8939045071601868
Density Loss 0.9135085940361023
Density Loss 0.9114368557929993
Density Loss 0.90191251039505
Density Loss 0.8919792175292969
Density Loss 0.9007606506347656
Density Loss 0.8861444592475891
Density Loss 0.906245231628418
Density Loss 0.9064865112304688
Density Loss 0.9157266616821289
Density Loss 0.8976106643676758
Density Loss 0.9078304171562195
Density Loss 0.9082698822021484
Density Loss 0.9114565253257751
Density Loss 0.8954254984855652
Density Loss 0.9080290198326111
Density Loss 0.9207577705383301
Density Loss 0.9056108593940735
Density Loss 0.8907414674758911
Density Loss 0.9105915427207947
Density Loss 0.8933613896369934
Density Loss 0.9033653140068054
Density Loss 0.9030790328979492
Density Loss 0.9049897193908691
Density Loss 0.9077805876731873
Density Loss 0.8959647417068481
Density Loss 0.909988522529602
Density Loss 0.8868178725242615
Density Loss 0.9054105877876282
Density Loss 0.8947119116783142
Density Loss 0.9078760147094727
Density Loss 0.8914300799369812
Density Loss 0.9059842228889465
Density Loss 0.9144486784934998
Density Loss 0.9175407290458679
Density Loss 0.9238107800483704
Density Loss 0.9008558392524719
Density Loss 0.912326455116272
Density Loss 0.9128427505493164
Density Loss 0.9066541790962219
Density Loss 0.9223856329917908
Density Loss 0.9060393571853638
Density Loss 0.9097421765327454
Density Loss 0.8923369646072388
Density Loss 0.9283815622329712
Density Loss 0.9154583215713501
Density Loss 0.9104080200195312
Density Loss 0.8949933052062988
Density Loss 0.9127373099327087
Density Loss 0.9041337370872498
Density Loss 0.9138824343681335
Density Loss 0.9149595499038696
Density Loss 0.894875168800354
Density Loss 0.9136484265327454
Density Loss 0.9034126400947571
Density Loss 0.9356985092163086
Density Loss 0.9040748476982117
Density Loss 0.9079216122627258
Density Loss 0.910359799861908
Density Loss 0.9113813638687134
Density Loss 0.9055836796760559
Density Loss 0.9027866721153259
Density Loss 0.9096733927726746
Density Loss 0.9164215922355652
Density Loss 0.8936129808425903
Density Loss 0.9098910689353943
Density Loss 0.8978666663169861
Density Loss 0.9128085970878601
Density Loss 0.8931403160095215
Density Loss 0.919546902179718
Density Loss 0.9233774542808533
Density Loss 0.9056968688964844
Density Loss 0.9028911590576172
Density Loss 0.9141892790794373
Density Loss 0.9146489500999451
Density Loss 0.8994178175926208
Density Loss 0.8999865651130676
Density Loss 0.9066295623779297
Density Loss 0.9044975638389587
Density Loss 0.8997978568077087
Density Loss 0.8998923301696777
Density Loss 0.8909505009651184
Density Loss 0.906070351600647
Density Loss 0.909793496131897
Density Loss 0.9221948981285095
Density Loss 0.8975369334220886
Density Loss 0.9226255416870117
Density Loss 0.9154489636421204
Density Loss 0.90609210729599
Density Loss 0.9013435244560242
Density Loss 0.9087665677070618
Density Loss 0.8778885006904602
Density Loss 0.8933722376823425
Density Loss 0.9034040570259094
Density Loss 0.9229266047477722
Density Loss 0.9098871350288391
Density Loss 0.8924541473388672
Density Loss 0.9092187881469727
Density Loss 0.9055730700492859
Density Loss 0.8956174850463867
Density Loss 0.9180746078491211
Density Loss 0.916773796081543
Density Loss 0.898338258266449
Density Loss 0.9059286117553711
Density Loss 0.9159765243530273
Density Loss 0.9095865488052368
Density Loss 0.9139450192451477
Density Loss 0.878204345703125
Density Loss 0.8926123976707458
Density Loss 0.9124150276184082
Density Loss 0.90145343542099
Density Loss 0.8909317851066589
Density Loss 0.9130048751831055
Density Loss 0.9017601013183594
Density Loss 0.910927414894104
Density Loss 0.9067575335502625
Density Loss 0.9161257147789001
Density Loss 0.9082197546958923
Density Loss 0.9079815149307251
Density Loss 0.9072505831718445
Density Loss 0.9162130355834961
Density Loss 0.906576931476593
Density Loss 0.9139057993888855
Density Loss 0.9088574647903442
Density Loss 0.9052677154541016
Density Loss 0.9167532324790955
Density Loss 0.9071928262710571
Density Loss 0.9032146334648132
Density Loss 0.9322153329849243
Density Loss 0.9061456918716431
Density Loss 0.8920269012451172
Density Loss 0.9111316800117493
Density Loss 0.8927216529846191
Density Loss 0.9046085476875305
Density Loss 0.9204492568969727
Density Loss 0.9099313020706177
Density Loss 0.891789436340332
Density Loss 0.9109088778495789
Density Loss 0.8737320303916931
Density Loss 0.9071547389030457
Density Loss 0.8932375907897949
Density Loss 0.9052610397338867
Density Loss 0.8919805884361267
Density Loss 0.8903986215591431
Density Loss 0.9185530543327332
Density Loss 0.913397490978241
Density Loss 0.9247838854789734
Density Loss 0.8947241902351379
Density Loss 0.9073338508605957
Density Loss 0.9137808680534363
Density Loss 0.9208360910415649
Density Loss 0.9054400324821472
Density Loss 0.9037553071975708
Density Loss 0.9116762280464172
Density Loss 0.901127278804779
Density Loss 0.8976268768310547
Density Loss 0.9135841727256775
Density Loss 0.9065742492675781
Density Loss 0.9020606875419617
Density Loss 0.8909940123558044
Density Loss 0.9112691879272461
Density Loss 0.9130772948265076
Density Loss 0.8967687487602234
Density Loss 0.9143028259277344
Density Loss 0.8982028961181641
Density Loss 0.8773880004882812
Density Loss 0.8991081118583679
Density Loss 0.8957859873771667
Density Loss 0.9197495579719543
Density Loss 0.9152483344078064
Density Loss 0.9051321148872375
Density Loss 0.9132378697395325
Density Loss 0.8905868530273438
Density Loss 0.9013020396232605
Density Loss 0.903708279132843
Density Loss 0.9086990356445312
Density Loss 0.9001885652542114
Density Loss 0.9094869494438171
Density Loss 0.9077410101890564
Density Loss 0.9054509401321411
Density Loss 0.9165302515029907
Density Loss 0.9057327508926392
Density Loss 0.8950010538101196
Density Loss 0.8933219313621521
Density Loss 0.9139777421951294
Density Loss 0.9151214957237244
Density Loss 0.913456916809082
Density Loss 0.9103143811225891
Density Loss 0.912623405456543
Density Loss 0.9130422472953796
Density Loss 0.9006761908531189
Density Loss 0.9144988059997559
Density Loss 0.8988839983940125
Density Loss 0.8910814523696899
Density Loss 0.9127004742622375
Density Loss 0.8898586630821228
Density Loss 0.9136528968811035
Density Loss 0.908902645111084
Density Loss 0.9089511036872864
Density Loss 0.8909046053886414
Density Loss 0.9212915301322937
Density Loss 0.9197041392326355
Density Loss 0.9093627333641052
Density Loss 0.9217333197593689
Density Loss 0.9169225692749023
Density Loss 0.9004032015800476
Density Loss 0.9018955230712891
Density Loss 0.8993207812309265
Density Loss 0.8788400888442993
Density Loss 0.8862455487251282
Density Loss 0.8690780997276306
Density Loss 0.9132742285728455
Density Loss 0.9175931811332703
Density Loss 0.9154579043388367
Density Loss 0.8906216621398926
Density Loss 0.9127088785171509
Density Loss 0.918531060218811
Density Loss 0.8990553021430969
Density Loss 0.9152557253837585
Density Loss 0.90702885389328
Density Loss 0.918714165687561
Density Loss 0.9042030572891235
Density Loss 0.9022472500801086
Density Loss 0.9131630063056946
Density Loss 0.9066638946533203
Density Loss 0.9082908630371094
Density Loss 0.9059337973594666
Density Loss 0.8995767831802368
Density Loss 0.916111946105957
Density Loss 0.9027777910232544
Density Loss 0.9192245602607727
Density Loss 0.9011619687080383
Density Loss 0.899661660194397
Density Loss 0.9126154184341431
Density Loss 0.9081048965454102
Density Loss 0.9062124490737915
Density Loss 0.8994089365005493
Density Loss 0.9104240536689758
Density Loss 0.8951436281204224
Density Loss 0.9153472185134888
Density Loss 0.8984686136245728
Density Loss 0.9086939692497253
Density Loss 0.8908523917198181
Density Loss 0.8875976800918579
Density Loss 0.9041110277175903
Density Loss 0.901744544506073
Density Loss 0.9055190086364746
Density Loss 0.9082592129707336
Density Loss 0.9023704528808594
Density Loss 0.884974479675293
Density Loss 0.8859144449234009
Density Loss 0.8964197039604187
Density Loss 0.9088100790977478
Density Loss 0.8995912671089172
Density Loss 0.9112367630004883
Density Loss 0.9099147915840149
Density Loss 0.9049219489097595
Density Loss 0.9014608263969421
Density Loss 0.9021059274673462
Density Loss 0.9002982974052429
Density Loss 0.8889652490615845
Density Loss 0.9096681475639343
Density Loss 0.903293251991272
Density Loss 0.8983627557754517
Density Loss 0.8915111422538757
Density Loss 0.9043469429016113
Density Loss 0.8969151377677917
Density Loss 0.88763827085495
Density Loss 0.9102638363838196
Density Loss 0.9096649289131165
Density Loss 0.8953054547309875
Density Loss 0.8968345522880554
Density Loss 0.9111159443855286
Density Loss 0.9158822894096375
Density Loss 0.8919288516044617
Density Loss 0.9125111699104309
Density Loss 0.8997644782066345
Density Loss 0.9135981798171997
Density Loss 0.9063757061958313
Density Loss 0.9063064455986023
Density Loss 0.8966692090034485
Density Loss 0.920370876789093
Density Loss 0.900688111782074
Density Loss 0.8915217518806458
Density Loss 0.9280208945274353
Density Loss 0.8995017409324646
Density Loss 0.8921043276786804
Density Loss 0.8882977366447449
Density Loss 0.8947016000747681
Density Loss 0.8995539546012878
Density Loss 0.883931577205658
Density Loss 0.9037305116653442
Density Loss 0.9031171798706055
Density Loss 0.8994802832603455
Density Loss 0.9043800234794617
Density Loss 0.905580997467041
Density Loss 0.8992899060249329
Density Loss 0.9193941950798035
Density Loss 0.9002837538719177
Density Loss 0.9026914834976196
Density Loss 0.9047291874885559
Density Loss 0.9060136675834656
Density Loss 0.9026400446891785
Density Loss 0.907056987285614
Density Loss 0.8925922513008118
Density Loss 0.9043545722961426
Density Loss 0.9037120938301086
Density Loss 0.918312668800354
Density Loss 0.8835048675537109
Density Loss 0.8746868968009949
Density Loss 0.8995200395584106
Density Loss 0.8982043266296387
Density Loss 0.8942106366157532
Density Loss 0.911998450756073
Density Loss 0.9138660430908203
Density Loss 0.9086513519287109
Density Loss 0.9019492268562317
Density Loss 0.887998104095459
Density Loss 0.9102538228034973
Density Loss 0.8947070240974426
Density Loss 0.8885114789009094
Density Loss 0.8884855508804321
Density Loss 0.903796374797821
Density Loss 0.9147760272026062
Density Loss 0.912747323513031
Density Loss 0.8859144449234009
Density Loss 0.9134969711303711
Density Loss 0.9258634448051453
Density Loss 0.8953081369400024
Density Loss 0.8926273584365845
Density Loss 0.9048013687133789
Density Loss 0.8992965817451477
Density Loss 0.8982220888137817
Density Loss 0.9026893973350525
Density Loss 0.9097986221313477
Density Loss 0.9159559607505798
Density Loss 0.9130250811576843
Density Loss 0.8975904583930969
Density Loss 0.9140826463699341
Density Loss 0.9022616744041443
Density Loss 0.8959993720054626
Density Loss 0.9099661111831665
Density Loss 0.9056171774864197
Density Loss 0.895460307598114
Density Loss 0.8861385583877563
Density Loss 0.9034711718559265
Density Loss 0.9210771918296814
Density Loss 0.908191978931427
Density Loss 0.9089452624320984
Density Loss 0.9036294221878052
Density Loss 0.9025141596794128
Density Loss 0.9006006121635437
Density Loss 0.9088091254234314
Density Loss 0.8972930908203125
Density Loss 0.899803102016449
Density Loss 0.9028116464614868
Density Loss 0.8975462913513184
Density Loss 0.9061588644981384
Density Loss 0.9146413803100586
Density Loss 0.9069451689720154
Density Loss 0.908379852771759
Density Loss 0.8995015025138855
Density Loss 0.9144520163536072
Density Loss 0.9039297103881836
Density Loss 0.8969703912734985
Density Loss 0.920723557472229
Density Loss 0.8928098082542419
Density Loss 0.9161339998245239
Density Loss 0.9010570645332336
Density Loss 0.9125356674194336
Density Loss 0.9178271293640137
Density Loss 0.9021733403205872
Density Loss 0.8976179361343384
Density Loss 0.9125080108642578
Density Loss 0.8909584283828735
Density Loss 0.8930389285087585
Density Loss 0.8874971270561218
Density Loss 0.8966836333274841
Density Loss 0.9088193774223328
Density Loss 0.9062372446060181
Density Loss 0.9043121337890625
Density Loss 0.9152215123176575
Density Loss 0.9112510681152344
Density Loss 0.9221922159194946
Density Loss 0.8925390243530273
Density Loss 0.8763188719749451
Density Loss 0.8827607035636902
Density Loss 0.8924301266670227
Density Loss 0.8950427174568176
Density Loss 0.9072079062461853
Density Loss 0.8888421058654785
Density Loss 0.8900592923164368
Density Loss 0.9263778924942017
Density Loss 0.9166938066482544
Density Loss 0.9199323654174805
Density Loss 0.9192188382148743
Density Loss 0.9179062247276306
Density Loss 0.907754123210907
Density Loss 0.9067404866218567
Density Loss 0.9016825556755066
Density Loss 0.9131641387939453
Density Loss 0.9032719731330872
Density Loss 0.8964633941650391
Density Loss 0.9057184457778931
Density Loss 0.9017966389656067
Density Loss 0.8792591094970703
Density Loss 0.9235193133354187
Density Loss 0.888110339641571
Density Loss 0.8972813487052917
Density Loss 0.9006420969963074
Density Loss 0.8808561563491821
Density Loss 0.9071744084358215
Density Loss 0.8975626230239868
Density Loss 0.9384109377861023
Density Loss 0.9063614010810852
Density Loss 0.9161911010742188
Density Loss 0.909881055355072
Density Loss 0.9206661581993103
Density Loss 0.90401691198349
Density Loss 0.9056321978569031
Density Loss 0.9215799570083618
Density Loss 0.8880316019058228
Density Loss 0.8961437344551086
Density Loss 0.9111790060997009
Density Loss 0.8984622955322266
Density Loss 0.8946881294250488
Density Loss 0.9198487401008606
Density Loss 0.911407470703125
Density Loss 0.9154171347618103
Density Loss 0.9048364758491516
Density Loss 0.8983073234558105
Density Loss 0.9086087346076965
Density Loss 0.9022684097290039
Density Loss 0.8878785967826843
Density Loss 0.9009044766426086
Density Loss 0.9148151278495789
Density Loss 0.888953685760498
Density Loss 0.9025421142578125
Density Loss 0.9030210375785828
Density Loss 0.8980831503868103
Density Loss 0.8968090415000916
Density Loss 0.8961292505264282
Density Loss 0.8950836062431335
Density Loss 0.9086820483207703
Density Loss 0.925828754901886
Density Loss 0.9081811904907227
Density Loss 0.914786159992218
Density Loss 0.8952139019966125
Density Loss 0.9111096262931824
Density Loss 0.9213550686836243
Density Loss 0.9045486450195312
Density Loss 0.9146003723144531
Density Loss 0.9149149060249329
Density Loss 0.9174216389656067
Density Loss 0.9073240160942078
Density Loss 0.8833417892456055
Density Loss 0.9149198532104492
Density Loss 0.9250310063362122
Density Loss 0.9117494821548462
Density Loss 0.9073549509048462
Density Loss 0.8908335566520691
Density Loss 0.9001542925834656
Density Loss 0.9033476710319519
Density Loss 0.9110264182090759
Density Loss 0.9003233909606934
Density Loss 0.9125506281852722
Density Loss 0.9116814732551575
Density Loss 0.896095871925354
Density Loss 0.9159555435180664
Density Loss 0.9152752161026001
Density Loss 0.8920208215713501
Density Loss 0.8933573961257935
Density Loss 0.9089697003364563
Density Loss 0.9247374534606934
Density Loss 0.9024665951728821
Density Loss 0.8912912607192993
Density Loss 0.8999576568603516
Density Loss 0.8996349573135376
Density Loss 0.9081816077232361
Density Loss 0.897077202796936
Density Loss 0.9182122349739075
Density Loss 0.9135417938232422
Density Loss 0.8977746963500977
Density Loss 0.8992729187011719
Density Loss 0.891647458076477
Density Loss 0.8981963396072388
Density Loss 0.9101642966270447
Density Loss 0.9143335223197937
Density Loss 0.8958845138549805
Density Loss 0.885226845741272
Density Loss 0.8984832167625427
Density Loss 0.9131851196289062
Density Loss 0.9211045503616333
Density Loss 0.9108952879905701
Density Loss 0.9061639904975891
Density Loss 0.9061239361763
Density Loss 0.9091383218765259
Density Loss 0.9104709625244141
Density Loss 0.9030728340148926
Density Loss 0.9132475852966309
Density Loss 0.9174558520317078
Density Loss 0.8880898356437683
Density Loss 0.9131525158882141
Density Loss 0.9072487950325012
Density Loss 0.8922699093818665
Density Loss 0.9326707720756531
Density Loss 0.9082008600234985
Density Loss 0.9110267758369446
Density Loss 0.8811327815055847
Density Loss 0.9026772379875183
Density Loss 0.9013006091117859
Density Loss 0.8803195953369141
Density Loss 0.9105070233345032
Density Loss 0.916519820690155
Density Loss 0.909162163734436
Density Loss 0.9084348082542419
Density Loss 0.8954445123672485
Density Loss 0.9065349698066711
Density Loss 0.9022735953330994
Density Loss 0.8884037137031555
Density Loss 0.9049238562583923
Density Loss 0.8963086009025574
Density Loss 0.8967112898826599
Density Loss 0.9006746411323547
Density Loss 0.8961286544799805
Density Loss 0.9000673294067383
Density Loss 0.8993951082229614
Density Loss 0.9137849807739258
Density Loss 0.9110135436058044
Density Loss 0.8959266543388367
Density Loss 0.8881013989448547
Density Loss 0.8900079727172852
Density Loss 0.8959927558898926
Density Loss 0.91030353307724
Density Loss 0.9133046269416809
Density Loss 0.9209117293357849
Density Loss 0.8918035626411438
Density Loss 0.9197700619697571
Density Loss 0.8987013101577759
Density Loss 0.8695325255393982
Density Loss 0.917569637298584
Density Loss 0.9198919534683228
Density Loss 0.8977686166763306
Density Loss 0.9086311459541321
Density Loss 0.9069232940673828
Density Loss 0.9004377722740173
Density Loss 0.9149640202522278
Density Loss 0.906602680683136
Density Loss 0.9031427502632141
Density Loss 0.9054617285728455
Density Loss 0.8948103785514832
Density Loss 0.9000186920166016
Density Loss 0.9015159010887146
Density Loss 0.917222797870636
Density Loss 0.8992643356323242
Density Loss 0.9141368865966797
Density Loss 0.9020133018493652
Density Loss 0.9147269129753113
Density Loss 0.8997030258178711
Density Loss 0.9082258343696594
Density Loss 0.9023148417472839
Density Loss 0.8957316279411316
Density Loss 0.8861555457115173
Density Loss 0.8855310678482056
Density Loss 0.9171465039253235
Density Loss 0.8957847952842712
Density Loss 0.9052574038505554
Density Loss 0.9210000038146973
Density Loss 0.8952965140342712
Density Loss 0.9045501947402954
Density Loss 0.9105244874954224
Density Loss 0.8896166682243347
Density Loss 0.9160215258598328
Density Loss 0.8841949701309204
Density Loss 0.9109445810317993
Density Loss 0.8904972076416016
Density Loss 0.9103875160217285
Density Loss 0.8999994397163391
Density Loss 0.9062488675117493
Density Loss 0.9001242518424988
Density Loss 0.9005302786827087
Density Loss 0.9109191298484802
Density Loss 0.8926231265068054
Density Loss 0.9018508791923523
Density Loss 0.9038420915603638
Density Loss 0.908660888671875
Density Loss 0.8900232315063477
Density Loss 0.908735454082489
Density Loss 0.9054258465766907
Density Loss 0.9034296274185181
Density Loss 0.9045397043228149
Density Loss 0.9102030992507935
Density Loss 0.9216567873954773
Density Loss 0.9114925265312195
Density Loss 0.8978227972984314
Density Loss 0.8948386311531067
Density Loss 0.8957703709602356
Density Loss 0.896571159362793
Density Loss 0.9030565619468689
Density Loss 0.9136406779289246
Density Loss 0.8899521231651306
Density Loss 0.9081599116325378
Density Loss 0.8967979550361633
Density Loss 0.9026641845703125
Density Loss 0.9152204394340515
Density Loss 0.9130493402481079
Density Loss 0.9237329363822937
Density Loss 0.9108759164810181
Density Loss 0.9131522178649902
Density Loss 0.8935724496841431
Density Loss 0.905425488948822
Density Loss 0.9150860905647278
Density Loss 0.8742125630378723
Density Loss 0.9135417938232422
Density Loss 0.8901689648628235
Density Loss 0.8877216577529907
Density Loss 0.913700520992279
Density Loss 0.9000725150108337
Density Loss 0.892835795879364
Density Loss 0.8965330123901367
Density Loss 0.8911596536636353
Density Loss 0.9038001894950867
Density Loss 0.8968905806541443
Density Loss 0.8893364071846008
Density Loss 0.8996864557266235
Density Loss 0.8989897966384888
Density Loss 0.9151000380516052
Density Loss 0.8841984868049622
Density Loss 0.899747371673584
Density Loss 0.9030718803405762
Density Loss 0.8960146307945251
Density Loss 0.8821040987968445
Density Loss 0.900717556476593
Density Loss 0.9167286157608032
Density Loss 0.8939014673233032
Density Loss 0.9118000864982605
Density Loss 0.9017738699913025
Density Loss 0.8985065817832947
Density Loss 0.8976893424987793
Density Loss 0.9063001871109009
Density Loss 0.8874630331993103
Density Loss 0.9157148599624634
Density Loss 0.922629177570343
Density Loss 0.8954416513442993
Density Loss 0.9000077247619629
Density Loss 0.9083629846572876
Density Loss 0.8931422233581543
Density Loss 0.9033018350601196
Density Loss 0.9151213765144348
Density Loss 0.9033619165420532
Density Loss 0.9157158136367798
Density Loss 0.9041862487792969
Density Loss 0.9163116812705994
Density Loss 0.9065147638320923
Density Loss 0.8947681784629822
Density Loss 0.9168120622634888
Density Loss 0.9128126502037048
Density Loss 0.924365222454071
Density Loss 0.8924056887626648
Density Loss 0.8787471055984497
Density Loss 0.8824085593223572
Density Loss 0.899591863155365
Density Loss 0.9000667929649353
Density Loss 0.915677547454834
Density Loss 0.9020475745201111
Density Loss 0.9208450317382812
Density Loss 0.9069094061851501
Density Loss 0.9096326231956482
Density Loss 0.9087986350059509
Density Loss 0.8909420371055603
Density Loss 0.8928858041763306
Density Loss 0.906384289264679
Density Loss 0.9012880325317383
Density Loss 0.8976406455039978
Density Loss 0.9109078645706177
Density Loss 0.904366672039032
Density Loss 0.8989495635032654
Density Loss 0.9092554450035095
Density Loss 0.8971654772758484
Density Loss 0.8972717523574829
Density Loss 0.8970146179199219
Density Loss 0.9233106970787048
Density Loss 0.9027466177940369
Density Loss 0.8962782025337219
Density Loss 0.8962039947509766
Density Loss 0.8912065625190735
Density Loss 0.9046465158462524
Density Loss 0.898704469203949
Density Loss 0.9080015420913696
Density Loss 0.8962621688842773
Density Loss 0.9221009612083435
Density Loss 0.9060622453689575
Density Loss 0.8942903876304626
Density Loss 0.9157333374023438
Density Loss 0.893645703792572
Density Loss 0.9007641077041626
Density Loss 0.900934636592865
Density Loss 0.9120907783508301
Density Loss 0.916103184223175
Density Loss 0.8857100605964661
Density Loss 0.9206745028495789
Density Loss 0.8862754702568054
Density Loss 0.9028968214988708
Density Loss 0.9152146577835083
Density Loss 0.8981477618217468
Density Loss 0.9063238501548767
Density Loss 0.9197261929512024
Density Loss 0.9120809435844421
Density Loss 0.8812915682792664
Density Loss 0.9026779532432556
Density Loss 0.8822059631347656
Density Loss 0.8958215713500977
Density Loss 0.9057024121284485
Density Loss 0.8763908743858337
Density Loss 0.906277596950531
Density Loss 0.8751664161682129
Density Loss 0.8931089639663696
Density Loss 0.891957700252533
Density Loss 0.9223127365112305
Density Loss 0.8919259905815125
Density Loss 0.9015709161758423
Density Loss 0.9064251780509949
Density Loss 0.9050912857055664
Density Loss 0.9009891748428345
Density Loss 0.8945180177688599
Density Loss 0.8941397070884705
Density Loss 0.8868542909622192
Density Loss 0.9136213660240173
Density Loss 0.8996317982673645
Density Loss 0.926679790019989
Density Loss 0.8916172385215759
Density Loss 0.9157659411430359
Density Loss 0.9051413536071777
Density Loss 0.9011438488960266
Density Loss 0.8883914947509766
Density Loss 0.9110429883003235
Density Loss 0.9107419848442078
Density Loss 0.923102080821991
Density Loss 0.8985509872436523
Density Loss 0.8944265246391296
Density Loss 0.9228536486625671
Density Loss 0.9087920188903809
Density Loss 0.8808280825614929
Density Loss 0.8784158825874329
Density Loss 0.8854331970214844
Density Loss 0.9065918326377869
Density Loss 0.9154930114746094
Density Loss 0.9066910147666931
Density Loss 0.907116711139679
Density Loss 0.8988403677940369
Density Loss 0.8999118804931641
Density Loss 0.9203222393989563
Density Loss 0.922238826751709
Density Loss 0.8967838287353516
Density Loss 0.9139838218688965
Density Loss 0.9020132422447205
Density Loss 0.901416003704071
Density Loss 0.8998786807060242
Density Loss 0.9212943315505981
Density Loss 0.8970656394958496
Density Loss 0.8857747912406921
Density Loss 0.9179313778877258
Density Loss 0.8965594172477722
Density Loss 0.9131069183349609
Density Loss 0.8929216265678406
Density Loss 0.9295385479927063
Density Loss 0.8948847055435181
Density Loss 0.8954092264175415
Density Loss 0.9046962857246399
Density Loss 0.917370617389679
Density Loss 0.9074145555496216
Density Loss 0.9021058082580566
Density Loss 0.9273096323013306
Density Loss 0.8969008326530457
Density Loss 0.896645188331604
Density Loss 0.9100412726402283
Density Loss 0.8993412256240845
Density Loss 0.9029468894004822
Density Loss 0.9145461916923523
Density Loss 0.8849660158157349
Density Loss 0.9120203256607056
Density Loss 0.8951091766357422
Density Loss 0.9151491522789001
Density Loss 0.9157444834709167
Density Loss 0.8900777697563171
Density Loss 0.8995939493179321
Density Loss 0.897966206073761
Density Loss 0.9091949462890625
Density Loss 0.8910635113716125
Density Loss 0.8983465433120728
Density Loss 0.902396023273468
Density Loss 0.9023756384849548
Density Loss 0.9079915881156921
Density Loss 0.9084547162055969
Density Loss 0.8983942270278931
Density Loss 0.9098142981529236
Density Loss 0.906341016292572
Density Loss 0.9092258810997009
Density Loss 0.9043790102005005
Density Loss 0.9079177975654602
Density Loss 0.9156553149223328
Density Loss 0.9082006812095642
Density Loss 0.9181400537490845
Density Loss 0.8975479006767273
Density Loss 0.9215452075004578
Density Loss 0.8999835252761841
Density Loss 0.9045456051826477
Density Loss 0.9120685458183289
Density Loss 0.9081579446792603
Density Loss 0.8920421600341797
Density Loss 0.892629086971283
Density Loss 0.9044120907783508
Density Loss 0.9006296396255493
Density Loss 0.8987844586372375
Density Loss 0.8752717971801758
Density Loss 0.8944887518882751
Density Loss 0.8980655670166016
Density Loss 0.8971468210220337
Density Loss 0.9210753440856934
Density Loss 0.9036596417427063
Density Loss 0.9149580001831055
Density Loss 0.9182090759277344
Density Loss 0.9078226089477539
Density Loss 0.907503068447113
Density Loss 0.9059907793998718
Density Loss 0.9220037460327148
Density Loss 0.8934171795845032
Density Loss 0.8979983329772949
Density Loss 0.917127251625061
Density Loss 0.9106866121292114
Density Loss 0.9200345277786255
Density Loss 0.8949699401855469
Density Loss 0.9075037837028503
Density Loss 0.9049190878868103
Density Loss 0.8994964957237244
Density Loss 0.9043348431587219
Density Loss 0.9208534359931946
Density Loss 0.9026260375976562
Density Loss 0.9061861038208008
Density Loss 0.9167922139167786
Density Loss 0.9111601114273071
Density Loss 0.8894770741462708
Density Loss 0.9064193964004517
Density Loss 0.8956659436225891
Density Loss 0.9201639294624329
Density Loss 0.8966461420059204
Density Loss 0.8927326202392578
Density Loss 0.8882797360420227
Density Loss 0.8925485610961914
Density Loss 0.8921049237251282
Density Loss 0.900847852230072
Density Loss 0.9041838049888611
Density Loss 0.9079281091690063
Density Loss 0.9113136529922485
Density Loss 0.9049999117851257
Density Loss 0.9141144752502441
Density Loss 0.8952946066856384
Density Loss 0.9101781845092773
Density Loss 0.8968567848205566
Density Loss 0.8900920152664185
Density Loss 0.9069331288337708
Density Loss 0.9014353156089783
Density Loss 0.8949897885322571
Density Loss 0.9082098007202148
Density Loss 0.8919569253921509
Density Loss 0.9065519571304321
Density Loss 0.9107877612113953
Density Loss 0.9016213417053223
Density Loss 0.9051730036735535
Density Loss 0.9023111462593079
Density Loss 0.8985733389854431
Density Loss 0.9076784253120422
Density Loss 0.9010011553764343
Density Loss 0.9000602960586548
Density Loss 0.9051133990287781
Density Loss 0.8850542306900024
Density Loss 0.8962604403495789
Density Loss 0.8957450985908508
Density Loss 0.8929601907730103
Density Loss 0.9186227917671204
Density Loss 0.92034912109375
Density Loss 0.8978061079978943
Density Loss 0.9070969820022583
Density Loss 0.908187210559845
Density Loss 0.8948262333869934
Density Loss 0.8936874270439148
Density Loss 0.9072317481040955
Density Loss 0.904209554195404
Density Loss 0.9059986472129822
Density Loss 0.8916940093040466
Density Loss 0.9052648544311523
Density Loss 0.9022674560546875
Density Loss 0.922027051448822
Density Loss 0.8958250880241394
Density Loss 0.9119311571121216
Density Loss 0.9043592810630798
Density Loss 0.9082655310630798
Density Loss 0.9078308939933777
Density Loss 0.9233102798461914
Density Loss 0.8874360918998718
Density Loss 0.8958188891410828
Density Loss 0.9043960571289062
Density Loss 0.8961912989616394
Density Loss 0.9065689444541931
Density Loss 0.9106634259223938
Density Loss 0.9174715280532837
Density Loss 0.9105387926101685
Density Loss 0.8854991793632507
Density Loss 0.9067572951316833
Density Loss 0.9184200167655945
Density Loss 0.9053738713264465
Density Loss 0.8861398696899414
Density Loss 0.8801324963569641
Density Loss 0.9193026423454285
Density Loss 0.8909285664558411
Density Loss 0.8776860237121582
Density Loss 0.900423526763916
Density Loss 0.8955985307693481
Density Loss 0.9009317755699158
Density Loss 0.9006633758544922
Density Loss 0.8919774293899536
Density Loss 0.9078822135925293
Density Loss 0.8908159136772156
Density Loss 0.9055518507957458
Density Loss 0.9079210162162781
Density Loss 0.8989407420158386
Density Loss 0.9086173176765442
Density Loss 0.900263786315918
Density Loss 0.8971220850944519
Density Loss 0.8938660621643066
Density Loss 0.89769047498703
Density Loss 0.9212072491645813
Density Loss 0.8879556655883789
Density Loss 0.9129560589790344
Density Loss 0.8944870233535767
Density Loss 0.9157048463821411
Density Loss 0.9070606231689453
Density Loss 0.917227566242218
Density Loss 0.9094793200492859
Density Loss 0.9105669260025024
Density Loss 0.9036626815795898
Density Loss 0.9070619940757751
Density Loss 0.8955239653587341
Density Loss 0.9162107706069946
Density Loss 0.8969671130180359
Density Loss 0.9094663858413696
Density Loss 0.9095600247383118
Density Loss 0.8996195197105408
Density Loss 0.9049997329711914
Density Loss 0.9076358675956726
Density Loss 0.9103145599365234
Density Loss 0.8965904116630554
Density Loss 0.9046629071235657
Density Loss 0.9003825187683105
Density Loss 0.9093702435493469
Density Loss 0.8837173581123352
Density Loss 0.8988798260688782
Density Loss 0.9018923044204712
Density Loss 0.9035298228263855
Density Loss 0.8873603940010071
Density Loss 0.8964546322822571
Density Loss 0.8995051383972168
Density Loss 0.9040903449058533
Density Loss 0.9006759524345398
Density Loss 0.897786557674408
Density Loss 0.9017109870910645
Density Loss 0.9162708520889282
Density Loss 0.9023851752281189
Density Loss 0.9135290384292603
Density Loss 0.8869735598564148
Density Loss 0.9051971435546875
Density Loss 0.9039865732192993
Density Loss 0.8903383612632751
Density Loss 0.897077739238739
Density Loss 0.9109458327293396
Density Loss 0.9133491516113281
Density Loss 0.9133052229881287
Density Loss 0.8908872008323669
Density Loss 0.9003279805183411
Density Loss 0.8895630240440369
Density Loss 0.8923746943473816
Density Loss 0.8802566528320312
Density Loss 0.9030049443244934
Density Loss 0.9105791449546814
Density Loss 0.912950336933136
Density Loss 0.8940010070800781
Density Loss 0.9020764231681824
Density Loss 0.8955219388008118
Density Loss 0.9022108316421509
Density Loss 0.9239408373832703
Density Loss 0.891936719417572
Density Loss 0.9056196212768555
Density Loss 0.9148933291435242
Density Loss 0.9158714413642883
Density Loss 0.8883520364761353
Density Loss 0.8966223001480103
Density Loss 0.9015403985977173
Density Loss 0.9056011438369751
Density Loss 0.9214523434638977
Density Loss 0.8964079022407532
Density Loss 0.8955163359642029
Density Loss 0.8875285983085632
Density Loss 0.9082879424095154
Density Loss 0.8859153985977173
Density Loss 0.9084486365318298
Density Loss 0.9069762229919434
Density Loss 0.9088905453681946
Density Loss 0.8965034484863281
Density Loss 0.9146261215209961
Density Loss 0.9052371382713318
Density Loss 0.8985662460327148
Density Loss 0.9005918502807617
Density Loss 0.9050607681274414
Density Loss 0.9001993536949158
Density Loss 0.9014007449150085
Density Loss 0.8957555890083313
Density Loss 0.8764767050743103
Density Loss 0.9072206616401672
Density Loss 0.8957304358482361
Density Loss 0.9140291213989258
Density Loss 0.895543098449707
Density Loss 0.9160560965538025
Density Loss 0.8966774344444275
Density Loss 0.8943090438842773
Density Loss 0.8975004553794861
Density Loss 0.9048581123352051
Density Loss 0.9194383025169373
Density Loss 0.9038572311401367
Density Loss 0.9030591249465942
Density Loss 0.9094616174697876
Density Loss 0.9099066853523254
Density Loss 0.8877633213996887
Density Loss 0.8903346061706543
Density Loss 0.8969151377677917
Density Loss 0.8996437191963196
Density Loss 0.9222200512886047
Density Loss 0.8994110226631165
Density Loss 0.9131262898445129
Density Loss 0.8947097063064575
Density Loss 0.907257080078125
Density Loss 0.9019699096679688
Density Loss 0.9014739990234375
Density Loss 0.9104008078575134
Density Loss 0.9021579623222351
Density Loss 0.8841173052787781
Density Loss 0.885749340057373
Density Loss 0.9048795700073242
Density Loss 0.9330512881278992
Density Loss 0.9030820727348328
Density Loss 0.9070442318916321
Density Loss 0.9085718989372253
Density Loss 0.9060811996459961
Density Loss 0.903348445892334
Density Loss 0.904248058795929
Density Loss 0.8974552154541016
Density Loss 0.907571017742157
Density Loss 0.9057254195213318
Density Loss 0.9171398282051086
Density Loss 0.9019100069999695
Density Loss 0.8909425735473633
Density Loss 0.8993005752563477
Density Loss 0.9030604362487793
Density Loss 0.8957439661026001
Density Loss 0.8977206349372864
Density Loss 0.8981849551200867
Density Loss 0.9216893315315247
Density Loss 0.909214973449707
Density Loss 0.9133356213569641
Density Loss 0.8985015749931335
Density Loss 0.8973251581192017
Density Loss 0.9046313166618347
Density Loss 0.9015346765518188
Density Loss 0.8994021415710449
Density Loss 0.886330783367157
Density Loss 0.9128842353820801
Density Loss 0.9279572367668152
Density Loss 0.9253047108650208
Density Loss 0.9012107253074646
Density Loss 0.9114189147949219
Density Loss 0.8957441449165344
Density Loss 0.8808132410049438
Density Loss 0.9034978747367859
Density Loss 0.9057736396789551
Density Loss 0.9099245071411133
Density Loss 0.896597683429718
Density Loss 0.8736333847045898
Density Loss 0.8980342745780945
Density Loss 0.8894450068473816
Density Loss 0.9064186215400696
Density Loss 0.8940688967704773
Density Loss 0.8832313418388367
Density Loss 0.9101070761680603
Density Loss 0.8898436427116394
Density Loss 0.9057100415229797
Density Loss 0.895993709564209
Density Loss 0.9097129106521606
Density Loss 0.8910431861877441
Density Loss 0.9033514261245728
Density Loss 0.9072107672691345
Density Loss 0.8910296559333801
Density Loss 0.9014577865600586
Density Loss 0.9208624958992004
Density Loss 0.89996337890625
Density Loss 0.9227472543716431
Density Loss 0.9162856936454773
Density Loss 0.8900289535522461
Density Loss 0.9131057858467102
Density Loss 0.9141683578491211
Density Loss 0.9033311009407043
Density Loss 0.8915762305259705
Density Loss 0.9133472442626953
Density Loss 0.8908481001853943
Density Loss 0.8966121673583984
Density Loss 0.8983153700828552
Density Loss 0.9175967574119568
Density Loss 0.8959080576896667
Density Loss 0.8894656300544739
Density Loss 0.8759506344795227
Density Loss 0.9213102459907532
Density Loss 0.8852424621582031
Density Loss 0.8858575224876404
Density Loss 0.9169685244560242
Density Loss 0.8989719748497009
Density Loss 0.9211713671684265
Density Loss 0.9165632128715515
Density Loss 0.911790668964386
Density Loss 0.8974157571792603
Density Loss 0.9193357825279236
Density Loss 0.9047980308532715
Density Loss 0.9000968933105469
Density Loss 0.8944622278213501
Density Loss 0.9179639220237732
Density Loss 0.8904158473014832
Density Loss 0.8982381820678711
Density Loss 0.8970680236816406
Density Loss 0.9123519062995911
Density Loss 0.9047971963882446
Density Loss 0.9094125032424927
Density Loss 0.903974175453186
Density Loss 0.9013597369194031
Density Loss 0.9131900668144226
Density Loss 0.8985214233398438
Density Loss 0.9045612215995789
Density Loss 0.9134998321533203
Density Loss 0.8938631415367126
Density Loss 0.9197625517845154
Density Loss 0.9133111238479614
Density Loss 0.9137649536132812
Density Loss 0.8791717886924744
Density Loss 0.8991042375564575
Density Loss 0.8869950175285339
Density Loss 0.8965465426445007
Density Loss 0.9029808044433594
Density Loss 0.8980823755264282
Density Loss 0.9014021158218384
Density Loss 0.9055199027061462
Density Loss 0.8886896371841431
Density Loss 0.8952596783638
Density Loss 0.8961876034736633
Density Loss 0.8965029716491699
Density Loss 0.9149781465530396
Density Loss 0.9073371887207031
Density Loss 0.9082481265068054
Density Loss 0.8817909359931946
Density Loss 0.9063397645950317
Density Loss 0.9114120602607727
Density Loss 0.9088067412376404
Density Loss 0.9019328951835632
Density Loss 0.8785714507102966
Density Loss 0.9041843414306641
Density Loss 0.9087214469909668
Density Loss 0.9215962290763855
Density Loss 0.9036372303962708
Density Loss 0.8853362202644348
Density Loss 0.902312695980072
Density Loss 0.9122610092163086
Density Loss 0.9100131392478943
Density Loss 0.9250356554985046
Density Loss 0.9054762125015259
Density Loss 0.8917032480239868
Density Loss 0.882053792476654
Density Loss 0.9263791441917419
Density Loss 0.9042445421218872
Density Loss 0.889532208442688
Density Loss 0.9120593070983887
Density Loss 0.9114446640014648
Density Loss 0.910465657711029
Density Loss 0.9125367999076843
Density Loss 0.9087533950805664
Density Loss 0.9028474688529968
Density Loss 0.9082790613174438
Density Loss 0.8965096473693848
Density Loss 0.8949753642082214
Density Loss 0.8935384750366211
Density Loss 0.9084512591362
Density Loss 0.907321572303772
Density Loss 0.8978521227836609
Density Loss 0.9016202092170715
Density Loss 0.9002591967582703
Density Loss 0.9062933325767517
Density Loss 0.9109341502189636
Density Loss 0.8961405158042908
Density Loss 0.8970573544502258
Density Loss 0.890711784362793
Density Loss 0.8945655226707458
Density Loss 0.9057909250259399
Density Loss 0.8876281976699829
Density Loss 0.9107983708381653
Density Loss 0.9092389941215515
Density Loss 0.8917202353477478
Density Loss 0.9170055389404297
Density Loss 0.9030694961547852
Density Loss 0.9075531363487244
Density Loss 0.8964385986328125
Density Loss 0.897713303565979
Density Loss 0.9124881625175476
Density Loss 0.907293438911438
Density Loss 0.9022789001464844
Density Loss 0.8703184127807617
Density Loss 0.8935325741767883
Density Loss 0.9050886034965515
Density Loss 0.9081918597221375
Density Loss 0.8977867960929871
Density Loss 0.9055631756782532
Density Loss 0.9118304252624512
Density Loss 0.901667058467865
Density Loss 0.907088577747345
Density Loss 0.9031387567520142
Density Loss 0.9016198515892029
Density Loss 0.9138395190238953
Density Loss 0.8931026458740234
Density Loss 0.9019519686698914
Density Loss 0.8933294415473938
Density Loss 0.9221886992454529
Density Loss 0.8920785784721375
Density Loss 0.8949089050292969
Density Loss 0.8843542337417603
Density Loss 0.8964975476264954
Density Loss 0.9066829681396484
Density Loss 0.9010751843452454
Density Loss 0.8979753851890564
Density Loss 0.9062801599502563
Density Loss 0.8928850293159485
Density Loss 0.8971263766288757
Density Loss 0.9149021506309509
Density Loss 0.9284895062446594
Density Loss 0.9131082892417908
Density Loss 0.9137684106826782
Density Loss 0.9039165377616882
Density Loss 0.8939103484153748
Density Loss 0.9211744666099548
Density Loss 0.8826655745506287
Density Loss 0.922930896282196
Density Loss 0.8847700357437134
Density Loss 0.8854700326919556
Density Loss 0.9102304577827454
Density Loss 0.9181308746337891
Density Loss 0.8929594159126282
Density Loss 0.8819799423217773
Density Loss 0.925636887550354
Density Loss 0.9159393310546875
Density Loss 0.8700270056724548
Density Loss 0.8992266058921814
Density Loss 0.9104036688804626
Density Loss 0.8917024731636047
Density Loss 0.9052574038505554
Density Loss 0.8949745297431946
Density Loss 0.8951770663261414
Density Loss 0.9003210067749023
Density Loss 0.9045078158378601
Density Loss 0.91485196352005
Density Loss 0.9011064767837524
Density Loss 0.9209732413291931
Density Loss 0.8944770693778992
Density Loss 0.9206261038780212
Density Loss 0.9124676585197449
Density Loss 0.8838807940483093
Density Loss 0.9136757254600525
Density Loss 0.9040153622627258
Density Loss 0.8986684679985046
Density Loss 0.9081525802612305
Density Loss 0.8968779444694519
Density Loss 0.8959911465644836
Density Loss 0.9270532727241516
Density Loss 0.8996985554695129
Density Loss 0.8900241255760193
Density Loss 0.9041182398796082
Density Loss 0.8986031413078308
Density Loss 0.9088123440742493
Density Loss 0.9137546420097351
Density Loss 0.8907152414321899
Density Loss 0.9223846793174744
Density Loss 0.9167339205741882
Density Loss 0.901768684387207
Density Loss 0.8899141550064087
Density Loss 0.9110286831855774
Density Loss 0.9015844464302063
Density Loss 0.8896822333335876
Density Loss 0.9102270007133484
Density Loss 0.9200854301452637
Density Loss 0.9022095799446106
Density Loss 0.8948279619216919
Density Loss 0.910090446472168
Density Loss 0.8982949256896973
Density Loss 0.8959013223648071
Density Loss 0.9180151224136353
Density Loss 0.9045869708061218
Density Loss 0.9146705865859985
Density Loss 0.9171282052993774
Density Loss 0.9048485159873962
Density Loss 0.9025088548660278
Density Loss 0.8740352988243103
Density Loss 0.907425582408905
Density Loss 0.8945075273513794
Density Loss 0.8994192481040955
Density Loss 0.8922504782676697
Density Loss 0.9065876007080078
Density Loss 0.9109733700752258
Density Loss 0.8938369750976562
Density Loss 0.8726804852485657
Density Loss 0.9061679840087891
Density Loss 0.903761088848114
Density Loss 0.9117645621299744
Density Loss 0.8928232192993164
Density Loss 0.8939915895462036
Density Loss 0.8824856877326965
Density Loss 0.9044045805931091
Density Loss 0.907930314540863
Density Loss 0.9239211082458496
Density Loss 0.9053202867507935
Density Loss 0.8938201069831848
Density Loss 0.8981223106384277
Density Loss 0.899734616279602
Density Loss 0.8901540637016296
Density Loss 0.898245632648468
Density Loss 0.905888020992279
Density Loss 0.9118057489395142
Density Loss 0.8973974585533142
Density Loss 0.8870800137519836
Density Loss 0.9064348340034485
Density Loss 0.903506875038147
Density Loss 0.9095281958580017
Density Loss 0.9007299542427063
Density Loss 0.8999397158622742
Density Loss 0.9404035806655884
Density Loss 0.916939377784729
Density Loss 0.896122932434082
Density Loss 0.9102138876914978
Density Loss 0.9044374823570251
Density Loss 0.9048102498054504
Density Loss 0.9025339484214783
Density Loss 0.8988804221153259
Density Loss 0.8902408480644226
Density Loss 0.8933267593383789
Density Loss 0.9113373160362244
Density Loss 0.8918700218200684
Density Loss 0.9107304811477661
Density Loss 0.9089809656143188
Density Loss 0.9164777994155884
Density Loss 0.8963354229927063
Density Loss 0.913430392742157
Density Loss 0.8955074548721313
Density Loss 0.899114727973938
Density Loss 0.9014188647270203
Density Loss 0.8996822237968445
Density Loss 0.907348096370697
Density Loss 0.9037390947341919
Density Loss 0.8889133334159851
Density Loss 0.9177045226097107
Density Loss 0.9111347198486328
Density Loss 0.9013040661811829
Density Loss 0.9108728766441345
Density Loss 0.8898401260375977
Density Loss 0.8953752517700195
Density Loss 0.9202240109443665
Density Loss 0.8946593403816223
Density Loss 0.8994054794311523
Density Loss 0.9113613367080688
Density Loss 0.8999761939048767
Density Loss 0.9027363061904907
Density Loss 0.9021673202514648
Density Loss 0.899235725402832
Density Loss 0.9075123071670532
Density Loss 0.9025588035583496
Density Loss 0.9287809729576111
Density Loss 0.903315007686615
Density Loss 0.9073072671890259
Density Loss 0.8911142349243164
Density Loss 0.9015728235244751
Density Loss 0.9063085913658142
Density Loss 0.904024600982666
Density Loss 0.9128538966178894
Density Loss 0.9079826474189758
Density Loss 0.9028348922729492
Density Loss 0.8987630009651184
Density Loss 0.8888501524925232
Density Loss 0.9124273657798767
Density Loss 0.8857013583183289
Density Loss 0.8975728154182434
Density Loss 0.9026843309402466
Density Loss 0.9098929762840271
Density Loss 0.9058483242988586
Density Loss 0.9036619067192078
Density Loss 0.9205385446548462
Density Loss 0.9002352952957153
Density Loss 0.8946059346199036
Density Loss 0.891339898109436
Density Loss 0.9021062850952148
Density Loss 0.906700611114502
Density Loss 0.8987569808959961
Density Loss 0.897535502910614
Density Loss 0.9061293005943298
Density Loss 0.9089432954788208
Density Loss 0.9063717126846313
Density Loss 0.8931973576545715
Density Loss 0.8912612795829773
Density Loss 0.9042394757270813
Density Loss 0.9053646326065063
Density Loss 0.9153115153312683
Density Loss 0.884595513343811
Density Loss 0.8767231106758118
Density Loss 0.9030221104621887
Density Loss 0.8994019627571106
Density Loss 0.9036874771118164
Density Loss 0.8930584788322449
Density Loss 0.9222567677497864
Density Loss 0.8923255801200867
Density Loss 0.9167830348014832
Density Loss 0.9139106869697571
Density Loss 0.9175434112548828
Density Loss 0.9053813219070435
Density Loss 0.912592887878418
Density Loss 0.8977283835411072
Density Loss 0.8898587226867676
Density Loss 0.8943134546279907
Density Loss 0.9122493863105774
Density Loss 0.909328281879425
Density Loss 0.8894368410110474
Density Loss 0.9045462012290955
Density Loss 0.9103109240531921
Density Loss 0.8843451738357544
Density Loss 0.9054850935935974
Density Loss 0.8979240655899048
Density Loss 0.8871923685073853
Density Loss 0.9099718332290649
Density Loss 0.9185325503349304
Density Loss 0.893115222454071
Density Loss 0.9146102070808411
Density Loss 0.9093947410583496
Density Loss 0.8936686515808105
Density Loss 0.9044060707092285
Density Loss 0.9155661463737488
Density Loss 0.897557258605957
Density Loss 0.9034496545791626
Density Loss 0.9134054183959961
Density Loss 0.9016062021255493
Density Loss 0.8878529667854309
Density Loss 0.9045600891113281
Density Loss 0.8988718390464783
Density Loss 0.8903676271438599
Density Loss 0.9039203524589539
Density Loss 0.8950111269950867
Density Loss 0.9147290587425232
Density Loss 0.8965072631835938
Density Loss 0.8839319348335266
Density Loss 0.9076752662658691
Density Loss 0.8927858471870422
Density Loss 0.9023951888084412
Density Loss 0.9034600257873535
Density Loss 0.8919546008110046
Density Loss 0.9181081652641296
Density Loss 0.9115177989006042
Density Loss 0.900582492351532
Density Loss 0.8927227258682251
Density Loss 0.9082691073417664
Density Loss 0.9121715426445007
Density Loss 0.9015704989433289
Density Loss 0.8932520747184753
Density Loss 0.8978917002677917
Density Loss 0.9050650000572205
Density Loss 0.9091453552246094
Density Loss 0.8848608136177063
Density Loss 0.9184374809265137
Density Loss 0.9289299249649048
Density Loss 0.9115926027297974
Density Loss 0.9216176271438599
Density Loss 0.8843159079551697
Density Loss 0.8894921541213989
Density Loss 0.912761390209198
Density Loss 0.9051373600959778
Density Loss 0.8949317932128906
Density Loss 0.9038295745849609
Density Loss 0.9074754118919373
Density Loss 0.8991127014160156
Density Loss 0.9007348418235779
Density Loss 0.8945518732070923
Density Loss 0.90277099609375
Density Loss 0.9174327850341797
Density Loss 0.9070886969566345
Density Loss 0.9050723910331726
Density Loss 0.9037109613418579
Density Loss 0.8835548758506775
Density Loss 0.9003519415855408
Density Loss 0.9043914675712585
Density Loss 0.8991646766662598
Density Loss 0.9188252687454224
Density Loss 0.9049896597862244
Density Loss 0.9197356104850769
Density Loss 0.8983474969863892
Density Loss 0.8996086120605469
Density Loss 0.9034152030944824
Density Loss 0.9061197638511658
Density Loss 0.9070481657981873
Density Loss 0.8868112564086914
Density Loss 0.8896247744560242
Density Loss 0.8988605737686157
Density Loss 0.8978838324546814
Density Loss 0.908979594707489
Density Loss 0.9226431250572205
Density Loss 0.9104734659194946
Density Loss 0.9028407335281372
Density Loss 0.8735684752464294
Density Loss 0.9166396260261536
Density Loss 0.890461266040802
Density Loss 0.9035654067993164
Density Loss 0.908420205116272
Density Loss 0.9080509543418884
Density Loss 0.894870400428772
Density Loss 0.9053401350975037
Density Loss 0.9044075012207031
Density Loss 0.9110510945320129
Density Loss 0.9091311693191528
Density Loss 0.9140001535415649
Density Loss 0.881621778011322
Density Loss 0.899829089641571
Density Loss 0.9048991203308105
Density Loss 0.9072809219360352
Density Loss 0.8923587799072266
Density Loss 0.886884868144989
Density Loss 0.9167667627334595
Density Loss 0.9146823883056641
Density Loss 0.9189672470092773
Density Loss 0.9224225878715515
Density Loss 0.9011525511741638
Density Loss 0.9079990386962891
Density Loss 0.9059010744094849
Density Loss 0.9022840857505798
Density Loss 0.9129258394241333
Density Loss 0.9064623713493347
Density Loss 0.9010549783706665
Density Loss 0.9103671908378601
Density Loss 0.8945509195327759
Density Loss 0.9014247059822083
Density Loss 0.8919571042060852
Density Loss 0.9065475463867188
Density Loss 0.8841220736503601
Density Loss 0.8970575332641602
Density Loss 0.8862306475639343
Density Loss 0.9040056467056274
Density Loss 0.9062528610229492
Density Loss 0.8874856233596802
Density Loss 0.9013320803642273
Density Loss 0.8984220623970032
Density Loss 0.8703739047050476
Density Loss 0.9091007113456726
Density Loss 0.9004291892051697
Density Loss 0.9214891791343689
Density Loss 0.9050678610801697
Density Loss 0.8946718573570251
Density Loss 0.881813645362854
Density Loss 0.9002876281738281
Density Loss 0.9057645797729492
Density Loss 0.9165331125259399
Density Loss 0.8996770977973938
Density Loss 0.8962352871894836
Density Loss 0.895084023475647
Density Loss 0.9121338129043579
Density Loss 0.9111028909683228
Density Loss 0.901226818561554
Density Loss 0.9144506454467773
Density Loss 0.8975408673286438
Density Loss 0.8906643986701965
Density Loss 0.9034706354141235
Density Loss 0.8927282691001892
Density Loss 0.9065238833427429
Density Loss 0.9157991409301758
Density Loss 0.9052143096923828
Density Loss 0.8985288739204407
Density Loss 0.8887220621109009
Density Loss 0.9003097414970398
Density Loss 0.8880696296691895
Density Loss 0.919881284236908
Density Loss 0.9077556729316711
Density Loss 0.9132841229438782
Density Loss 0.8945099115371704
Density Loss 0.9069587588310242
Density Loss 0.9078192710876465
Density Loss 0.9017521142959595
Density Loss 0.9117884635925293
Density Loss 0.9012836813926697
Density Loss 0.9150423407554626
Density Loss 0.9003939032554626
Density Loss 0.8981500864028931
Density Loss 0.9021595120429993
Density Loss 0.89895099401474
Density Loss 0.9113893508911133
Density Loss 0.9023112654685974
Density Loss 0.911967933177948
Density Loss 0.9174009561538696
Density Loss 0.9058890342712402
Density Loss 0.8959903717041016
Density Loss 0.8959869742393494
Density Loss 0.9041070342063904
Density Loss 0.8883148431777954
Density Loss 0.9033077359199524
Density Loss 0.9090709686279297
Density Loss 0.893912136554718
Density Loss 0.9168753623962402
Density Loss 0.8919363021850586
Density Loss 0.9003043174743652
Density Loss 0.895507276058197
Density Loss 0.9008135199546814
Density Loss 0.8715143203735352
Density Loss 0.9139044880867004
Density Loss 0.910602867603302
Density Loss 0.9044651389122009
Density Loss 0.9142586588859558
Density Loss 0.901292622089386
Density Loss 0.8888254165649414
Density Loss 0.9243646860122681
Density Loss 0.8949648141860962
Density Loss 0.8991987109184265
Density Loss 0.9013693928718567
Density Loss 0.9105567336082458
Density Loss 0.8850015997886658
Density Loss 0.8989707827568054
Density Loss 0.896392822265625
Density Loss 0.922386646270752
Density Loss 0.8953773379325867
Density Loss 0.8883137106895447
Density Loss 0.895942211151123
Density Loss 0.8982957005500793
Density Loss 0.9056947827339172
Density Loss 0.8978602290153503
Density Loss 0.8911483883857727
Density Loss 0.8980003595352173
Density Loss 0.8958171010017395
Density Loss 0.9050461649894714
Density Loss 0.8916521072387695
Density Loss 0.8921164870262146
Density Loss 0.8999654650688171
Density Loss 0.905023992061615
Density Loss 0.918429970741272
Density Loss 0.9071391224861145
Density Loss 0.9021703600883484
Density Loss 0.9057192802429199
Density Loss 0.9133608937263489
Density Loss 0.9079979062080383
Density Loss 0.8861941695213318
Density Loss 0.9035480618476868
Density Loss 0.9137380719184875
Density Loss 0.8990370035171509
Density Loss 0.9065605401992798
Density Loss 0.8899154663085938
Density Loss 0.9024410247802734
Density Loss 0.9007042050361633
Density Loss 0.8999515771865845
Density Loss 0.9082170724868774
Density Loss 0.8985277414321899
Density Loss 0.9143266677856445
Density Loss 0.9057920575141907
Density Loss 0.8980562090873718
Density Loss 0.9122044444084167
Density Loss 0.9056981205940247
Density Loss 0.9009190797805786
Density Loss 0.9122642874717712
Density Loss 0.917518138885498
Density Loss 0.9140447974205017
Density Loss 0.9049366116523743
Density Loss 0.901530385017395
Density Loss 0.9049661755561829
Density Loss 0.9063987731933594
Density Loss 0.9174405932426453
Density Loss 0.9054462313652039
Density Loss 0.9047533273696899
Density Loss 0.9066519141197205
Density Loss 0.9190670251846313
Density Loss 0.8905557990074158
Density Loss 0.9048372507095337
Density Loss 0.9139896631240845
Density Loss 0.9045367240905762
Density Loss 0.908499538898468
Density Loss 0.8897131085395813
Density Loss 0.8964157104492188
Density Loss 0.8973768353462219
Density Loss 0.9038187861442566
Density Loss 0.9017465710639954
Density Loss 0.8940390944480896
Density Loss 0.9035671353340149
Density Loss 0.8974462747573853
Density Loss 0.9072007536888123
Density Loss 0.8924942016601562
Density Loss 0.9097055792808533
Density Loss 0.9071211218833923
Density Loss 0.8896743655204773
Density Loss 0.8917807936668396
Density Loss 0.9092575907707214
Density Loss 0.8976298570632935
Density Loss 0.9075015187263489
Density Loss 0.909648060798645
Density Loss 0.890141487121582
Density Loss 0.9018617868423462
Density Loss 0.8983435034751892
Density Loss 0.8956400156021118
Density Loss 0.9151903390884399
Density Loss 0.9004581570625305
Density Loss 0.896793782711029
Density Loss 0.9102274179458618
Density Loss 0.9062179923057556
Density Loss 0.8958261609077454
Density Loss 0.9178377389907837
Density Loss 0.883991539478302
Density Loss 0.8987113833427429
Density Loss 0.8750450015068054
Saved: /nfs/turbo/umms-indikar/shared/projects/HSC/pipeline_outputs/integrated_anndata/cell_cycle/outputs/training_history.csv
Saved: /nfs/turbo/umms-indikar/shared/projects/HSC/pipeline_outputs/integrated_anndata/cell_cycle/outputs/training_loss.png
==================================================  PREPARING OUTPUTS  ==================================================
Saved: /nfs/turbo/umms-indikar/shared/projects/HSC/pipeline_outputs/integrated_anndata/cell_cycle/outputs/adata.h5ad
Working trajectories with 10 timepoints...
Saved: /nfs/turbo/umms-indikar/shared/projects/HSC/pipeline_outputs/integrated_anndata/cell_cycle/outputs/pca_trajectories_10.npy
Saved: /nfs/turbo/umms-indikar/shared/projects/HSC/pipeline_outputs/integrated_anndata/cell_cycle/outputs/gene_trajectories_10.parquet
Working trajectories with 100 timepoints...
Saved: /nfs/turbo/umms-indikar/shared/projects/HSC/pipeline_outputs/integrated_anndata/cell_cycle/outputs/pca_trajectories_100.npy
Saved: /nfs/turbo/umms-indikar/shared/projects/HSC/pipeline_outputs/integrated_anndata/cell_cycle/outputs/gene_trajectories_100.parquet
